url,tournament_id,slug,name,category,end_year
https://stats.tennismylife.org/tournaments/acapulco-2/records,9213,acapulco-2,"Acapulco",A,1974
https://stats.tennismylife.org/tournaments/acapulco-2/records/count,9213,acapulco-2,"Acapulco",A,1974
https://stats.tennismylife.org/tournaments/acapulco-2/records/count/titles,9213,acapulco-2,"Acapulco",A,1974
https://stats.tennismylife.org/tournaments/acapulco-2/records/count/wins,9213,acapulco-2,"Acapulco",A,1974
https://stats.tennismylife.org/tournaments/acapulco-2/records/count/played,9213,acapulco-2,"Acapulco",A,1974
https://stats.tennismylife.org/tournaments/acapulco-2/records/count/entries,9213,acapulco-2,"Acapulco",A,1974
https://stats.tennismylife.org/tournaments/acapulco-2/records/ages,9213,acapulco-2,"Acapulco",A,1974
https://stats.tennismylife.org/tournaments/acapulco-2/records/ages/main,9213,acapulco-2,"Acapulco",A,1974
https://stats.tennismylife.org/tournaments/acapulco-2/records/ages/titles,9213,acapulco-2,"Acapulco",A,1974
https://stats.tennismylife.org/tournaments/acapulco-2/records/ages/oldestrounds,9213,acapulco-2,"Acapulco",A,1974
https://stats.tennismylife.org/tournaments/acapulco-2/records/ages/youngestrounds,9213,acapulco-2,"Acapulco",A,1974
https://stats.tennismylife.org/tournaments/acapulco-2/records/percentage,9213,acapulco-2,"Acapulco",A,1974
https://stats.tennismylife.org/tournaments/acapulco-2/records/percentage/wins,9213,acapulco-2,"Acapulco",A,1974
https://stats.tennismylife.org/tournaments/acapulco-2/records/percentage/rounds,9213,acapulco-2,"Acapulco",A,1974
https://stats.tennismylife.org/tournaments/acapulco-2/records/streak,9213,acapulco-2,"Acapulco",A,1974
https://stats.tennismylife.org/tournaments/acapulco-2/records/timespan,9213,acapulco-2,"Acapulco",A,1974
https://stats.tennismylife.org/tournaments/acapulco-2/records/rounds,9213,acapulco-2,"Acapulco",A,1974
https://stats.tennismylife.org/tournaments/acapulco-2/records/least,9213,acapulco-2,"Acapulco",A,1974
https://stats.tennismylife.org/tournaments/acapulco-2/records/roundsonentries,9213,acapulco-2,"Acapulco",A,1974
https://stats.tennismylife.org/tournaments/adelaide/records,7308,adelaide,"Adelaide",A|250,2007
https://stats.tennismylife.org/tournaments/adelaide/records/count,7308,adelaide,"Adelaide",A|250,2007
https://stats.tennismylife.org/tournaments/adelaide/records/count/titles,7308,adelaide,"Adelaide",A|250,2007
https://stats.tennismylife.org/tournaments/adelaide/records/count/wins,7308,adelaide,"Adelaide",A|250,2007
https://stats.tennismylife.org/tournaments/adelaide/records/count/played,7308,adelaide,"Adelaide",A|250,2007
https://stats.tennismylife.org/tournaments/adelaide/records/count/entries,7308,adelaide,"Adelaide",A|250,2007
https://stats.tennismylife.org/tournaments/adelaide/records/ages,7308,adelaide,"Adelaide",A|250,2007
https://stats.tennismylife.org/tournaments/adelaide/records/ages/main,7308,adelaide,"Adelaide",A|250,2007
https://stats.tennismylife.org/tournaments/adelaide/records/ages/titles,7308,adelaide,"Adelaide",A|250,2007
https://stats.tennismylife.org/tournaments/adelaide/records/ages/oldestrounds,7308,adelaide,"Adelaide",A|250,2007
https://stats.tennismylife.org/tournaments/adelaide/records/ages/youngestrounds,7308,adelaide,"Adelaide",A|250,2007
https://stats.tennismylife.org/tournaments/adelaide/records/percentage,7308,adelaide,"Adelaide",A|250,2007
https://stats.tennismylife.org/tournaments/adelaide/records/percentage/wins,7308,adelaide,"Adelaide",A|250,2007
https://stats.tennismylife.org/tournaments/adelaide/records/percentage/rounds,7308,adelaide,"Adelaide",A|250,2007
https://stats.tennismylife.org/tournaments/adelaide/records/streak,7308,adelaide,"Adelaide",A|250,2007
https://stats.tennismylife.org/tournaments/adelaide/records/timespan,7308,adelaide,"Adelaide",A|250,2007
https://stats.tennismylife.org/tournaments/adelaide/records/rounds,7308,adelaide,"Adelaide",A|250,2007
https://stats.tennismylife.org/tournaments/adelaide/records/least,7308,adelaide,"Adelaide",A|250,2007
https://stats.tennismylife.org/tournaments/adelaide/records/roundsonentries,7308,adelaide,"Adelaide",A|250,2007
https://stats.tennismylife.org/tournaments/adelaide-2/records,2013,adelaide-2,"Adelaide-2",A,1982
https://stats.tennismylife.org/tournaments/adelaide-2/records/count,2013,adelaide-2,"Adelaide-2",A,1982
https://stats.tennismylife.org/tournaments/adelaide-2/records/count/titles,2013,adelaide-2,"Adelaide-2",A,1982
https://stats.tennismylife.org/tournaments/adelaide-2/records/count/wins,2013,adelaide-2,"Adelaide-2",A,1982
https://stats.tennismylife.org/tournaments/adelaide-2/records/count/played,2013,adelaide-2,"Adelaide-2",A,1982
https://stats.tennismylife.org/tournaments/adelaide-2/records/count/entries,2013,adelaide-2,"Adelaide-2",A,1982
https://stats.tennismylife.org/tournaments/adelaide-2/records/ages,2013,adelaide-2,"Adelaide-2",A,1982
https://stats.tennismylife.org/tournaments/adelaide-2/records/ages/main,2013,adelaide-2,"Adelaide-2",A,1982
https://stats.tennismylife.org/tournaments/adelaide-2/records/ages/titles,2013,adelaide-2,"Adelaide-2",A,1982
https://stats.tennismylife.org/tournaments/adelaide-2/records/ages/oldestrounds,2013,adelaide-2,"Adelaide-2",A,1982
https://stats.tennismylife.org/tournaments/adelaide-2/records/ages/youngestrounds,2013,adelaide-2,"Adelaide-2",A,1982
https://stats.tennismylife.org/tournaments/adelaide-2/records/percentage,2013,adelaide-2,"Adelaide-2",A,1982
https://stats.tennismylife.org/tournaments/adelaide-2/records/percentage/wins,2013,adelaide-2,"Adelaide-2",A,1982
https://stats.tennismylife.org/tournaments/adelaide-2/records/percentage/rounds,2013,adelaide-2,"Adelaide-2",A,1982
https://stats.tennismylife.org/tournaments/adelaide-2/records/streak,2013,adelaide-2,"Adelaide-2",A,1982
https://stats.tennismylife.org/tournaments/adelaide-2/records/timespan,2013,adelaide-2,"Adelaide-2",A,1982
https://stats.tennismylife.org/tournaments/adelaide-2/records/rounds,2013,adelaide-2,"Adelaide-2",A,1982
https://stats.tennismylife.org/tournaments/adelaide-2/records/least,2013,adelaide-2,"Adelaide-2",A,1982
https://stats.tennismylife.org/tournaments/adelaide-2/records/roundsonentries,2013,adelaide-2,"Adelaide-2",A,1982
https://stats.tennismylife.org/tournaments/aix-en-provence/records,342,aix-en-provence,"Aix-en-Provence",A,1984
https://stats.tennismylife.org/tournaments/aix-en-provence/records/count,342,aix-en-provence,"Aix-en-Provence",A,1984
https://stats.tennismylife.org/tournaments/aix-en-provence/records/count/titles,342,aix-en-provence,"Aix-en-Provence",A,1984
https://stats.tennismylife.org/tournaments/aix-en-provence/records/count/wins,342,aix-en-provence,"Aix-en-Provence",A,1984
https://stats.tennismylife.org/tournaments/aix-en-provence/records/count/played,342,aix-en-provence,"Aix-en-Provence",A,1984
https://stats.tennismylife.org/tournaments/aix-en-provence/records/count/entries,342,aix-en-provence,"Aix-en-Provence",A,1984
https://stats.tennismylife.org/tournaments/aix-en-provence/records/ages,342,aix-en-provence,"Aix-en-Provence",A,1984
https://stats.tennismylife.org/tournaments/aix-en-provence/records/ages/main,342,aix-en-provence,"Aix-en-Provence",A,1984
https://stats.tennismylife.org/tournaments/aix-en-provence/records/ages/titles,342,aix-en-provence,"Aix-en-Provence",A,1984
https://stats.tennismylife.org/tournaments/aix-en-provence/records/ages/oldestrounds,342,aix-en-provence,"Aix-en-Provence",A,1984
https://stats.tennismylife.org/tournaments/aix-en-provence/records/ages/youngestrounds,342,aix-en-provence,"Aix-en-Provence",A,1984
https://stats.tennismylife.org/tournaments/aix-en-provence/records/percentage,342,aix-en-provence,"Aix-en-Provence",A,1984
https://stats.tennismylife.org/tournaments/aix-en-provence/records/percentage/wins,342,aix-en-provence,"Aix-en-Provence",A,1984
https://stats.tennismylife.org/tournaments/aix-en-provence/records/percentage/rounds,342,aix-en-provence,"Aix-en-Provence",A,1984
https://stats.tennismylife.org/tournaments/aix-en-provence/records/streak,342,aix-en-provence,"Aix-en-Provence",A,1984
https://stats.tennismylife.org/tournaments/aix-en-provence/records/timespan,342,aix-en-provence,"Aix-en-Provence",A,1984
https://stats.tennismylife.org/tournaments/aix-en-provence/records/rounds,342,aix-en-provence,"Aix-en-Provence",A,1984
https://stats.tennismylife.org/tournaments/aix-en-provence/records/least,342,aix-en-provence,"Aix-en-Provence",A,1984
https://stats.tennismylife.org/tournaments/aix-en-provence/records/roundsonentries,342,aix-en-provence,"Aix-en-Provence",A,1984
https://stats.tennismylife.org/tournaments/alamo-wct/records,2053,alamo-wct,"Alamo WCT",A,1972
https://stats.tennismylife.org/tournaments/alamo-wct/records/count,2053,alamo-wct,"Alamo WCT",A,1972
https://stats.tennismylife.org/tournaments/alamo-wct/records/count/titles,2053,alamo-wct,"Alamo WCT",A,1972
https://stats.tennismylife.org/tournaments/alamo-wct/records/count/wins,2053,alamo-wct,"Alamo WCT",A,1972
https://stats.tennismylife.org/tournaments/alamo-wct/records/count/played,2053,alamo-wct,"Alamo WCT",A,1972
https://stats.tennismylife.org/tournaments/alamo-wct/records/count/entries,2053,alamo-wct,"Alamo WCT",A,1972
https://stats.tennismylife.org/tournaments/alamo-wct/records/ages,2053,alamo-wct,"Alamo WCT",A,1972
https://stats.tennismylife.org/tournaments/alamo-wct/records/ages/main,2053,alamo-wct,"Alamo WCT",A,1972
https://stats.tennismylife.org/tournaments/alamo-wct/records/ages/titles,2053,alamo-wct,"Alamo WCT",A,1972
https://stats.tennismylife.org/tournaments/alamo-wct/records/ages/oldestrounds,2053,alamo-wct,"Alamo WCT",A,1972
https://stats.tennismylife.org/tournaments/alamo-wct/records/ages/youngestrounds,2053,alamo-wct,"Alamo WCT",A,1972
https://stats.tennismylife.org/tournaments/alamo-wct/records/percentage,2053,alamo-wct,"Alamo WCT",A,1972
https://stats.tennismylife.org/tournaments/alamo-wct/records/percentage/wins,2053,alamo-wct,"Alamo WCT",A,1972
https://stats.tennismylife.org/tournaments/alamo-wct/records/percentage/rounds,2053,alamo-wct,"Alamo WCT",A,1972
https://stats.tennismylife.org/tournaments/alamo-wct/records/streak,2053,alamo-wct,"Alamo WCT",A,1972
https://stats.tennismylife.org/tournaments/alamo-wct/records/timespan,2053,alamo-wct,"Alamo WCT",A,1972
https://stats.tennismylife.org/tournaments/alamo-wct/records/rounds,2053,alamo-wct,"Alamo WCT",A,1972
https://stats.tennismylife.org/tournaments/alamo-wct/records/least,2053,alamo-wct,"Alamo WCT",A,1972
https://stats.tennismylife.org/tournaments/alamo-wct/records/roundsonentries,2053,alamo-wct,"Alamo WCT",A,1972
https://stats.tennismylife.org/tournaments/algiers/records,9207,algiers,"Algiers",A,1975
https://stats.tennismylife.org/tournaments/algiers/records/count,9207,algiers,"Algiers",A,1975
https://stats.tennismylife.org/tournaments/algiers/records/count/titles,9207,algiers,"Algiers",A,1975
https://stats.tennismylife.org/tournaments/algiers/records/count/wins,9207,algiers,"Algiers",A,1975
https://stats.tennismylife.org/tournaments/algiers/records/count/played,9207,algiers,"Algiers",A,1975
https://stats.tennismylife.org/tournaments/algiers/records/count/entries,9207,algiers,"Algiers",A,1975
https://stats.tennismylife.org/tournaments/algiers/records/ages,9207,algiers,"Algiers",A,1975
https://stats.tennismylife.org/tournaments/algiers/records/ages/main,9207,algiers,"Algiers",A,1975
https://stats.tennismylife.org/tournaments/algiers/records/ages/titles,9207,algiers,"Algiers",A,1975
https://stats.tennismylife.org/tournaments/algiers/records/ages/oldestrounds,9207,algiers,"Algiers",A,1975
https://stats.tennismylife.org/tournaments/algiers/records/ages/youngestrounds,9207,algiers,"Algiers",A,1975
https://stats.tennismylife.org/tournaments/algiers/records/percentage,9207,algiers,"Algiers",A,1975
https://stats.tennismylife.org/tournaments/algiers/records/percentage/wins,9207,algiers,"Algiers",A,1975
https://stats.tennismylife.org/tournaments/algiers/records/percentage/rounds,9207,algiers,"Algiers",A,1975
https://stats.tennismylife.org/tournaments/algiers/records/streak,9207,algiers,"Algiers",A,1975
https://stats.tennismylife.org/tournaments/algiers/records/timespan,9207,algiers,"Algiers",A,1975
https://stats.tennismylife.org/tournaments/algiers/records/rounds,9207,algiers,"Algiers",A,1975
https://stats.tennismylife.org/tournaments/algiers/records/least,9207,algiers,"Algiers",A,1975
https://stats.tennismylife.org/tournaments/algiers/records/roundsonentries,9207,algiers,"Algiers",A,1975
https://stats.tennismylife.org/tournaments/amersfoort/records,317,amersfoort,"Amersfoort",A|250,2008
https://stats.tennismylife.org/tournaments/amersfoort/records/count,317,amersfoort,"Amersfoort",A|250,2008
https://stats.tennismylife.org/tournaments/amersfoort/records/count/titles,317,amersfoort,"Amersfoort",A|250,2008
https://stats.tennismylife.org/tournaments/amersfoort/records/count/wins,317,amersfoort,"Amersfoort",A|250,2008
https://stats.tennismylife.org/tournaments/amersfoort/records/count/played,317,amersfoort,"Amersfoort",A|250,2008
https://stats.tennismylife.org/tournaments/amersfoort/records/count/entries,317,amersfoort,"Amersfoort",A|250,2008
https://stats.tennismylife.org/tournaments/amersfoort/records/ages,317,amersfoort,"Amersfoort",A|250,2008
https://stats.tennismylife.org/tournaments/amersfoort/records/ages/main,317,amersfoort,"Amersfoort",A|250,2008
https://stats.tennismylife.org/tournaments/amersfoort/records/ages/titles,317,amersfoort,"Amersfoort",A|250,2008
https://stats.tennismylife.org/tournaments/amersfoort/records/ages/oldestrounds,317,amersfoort,"Amersfoort",A|250,2008
https://stats.tennismylife.org/tournaments/amersfoort/records/ages/youngestrounds,317,amersfoort,"Amersfoort",A|250,2008
https://stats.tennismylife.org/tournaments/amersfoort/records/percentage,317,amersfoort,"Amersfoort",A|250,2008
https://stats.tennismylife.org/tournaments/amersfoort/records/percentage/wins,317,amersfoort,"Amersfoort",A|250,2008
https://stats.tennismylife.org/tournaments/amersfoort/records/percentage/rounds,317,amersfoort,"Amersfoort",A|250,2008
https://stats.tennismylife.org/tournaments/amersfoort/records/streak,317,amersfoort,"Amersfoort",A|250,2008
https://stats.tennismylife.org/tournaments/amersfoort/records/timespan,317,amersfoort,"Amersfoort",A|250,2008
https://stats.tennismylife.org/tournaments/amersfoort/records/rounds,317,amersfoort,"Amersfoort",A|250,2008
https://stats.tennismylife.org/tournaments/amersfoort/records/least,317,amersfoort,"Amersfoort",A|250,2008
https://stats.tennismylife.org/tournaments/amersfoort/records/roundsonentries,317,amersfoort,"Amersfoort",A|250,2008
https://stats.tennismylife.org/tournaments/amsterdam/records,9283,amsterdam,"Amsterdam",A,1969
https://stats.tennismylife.org/tournaments/amsterdam/records/count,9283,amsterdam,"Amsterdam",A,1969
https://stats.tennismylife.org/tournaments/amsterdam/records/count/titles,9283,amsterdam,"Amsterdam",A,1969
https://stats.tennismylife.org/tournaments/amsterdam/records/count/wins,9283,amsterdam,"Amsterdam",A,1969
https://stats.tennismylife.org/tournaments/amsterdam/records/count/played,9283,amsterdam,"Amsterdam",A,1969
https://stats.tennismylife.org/tournaments/amsterdam/records/count/entries,9283,amsterdam,"Amsterdam",A,1969
https://stats.tennismylife.org/tournaments/amsterdam/records/ages,9283,amsterdam,"Amsterdam",A,1969
https://stats.tennismylife.org/tournaments/amsterdam/records/ages/main,9283,amsterdam,"Amsterdam",A,1969
https://stats.tennismylife.org/tournaments/amsterdam/records/ages/titles,9283,amsterdam,"Amsterdam",A,1969
https://stats.tennismylife.org/tournaments/amsterdam/records/ages/oldestrounds,9283,amsterdam,"Amsterdam",A,1969
https://stats.tennismylife.org/tournaments/amsterdam/records/ages/youngestrounds,9283,amsterdam,"Amsterdam",A,1969
https://stats.tennismylife.org/tournaments/amsterdam/records/percentage,9283,amsterdam,"Amsterdam",A,1969
https://stats.tennismylife.org/tournaments/amsterdam/records/percentage/wins,9283,amsterdam,"Amsterdam",A,1969
https://stats.tennismylife.org/tournaments/amsterdam/records/percentage/rounds,9283,amsterdam,"Amsterdam",A,1969
https://stats.tennismylife.org/tournaments/amsterdam/records/streak,9283,amsterdam,"Amsterdam",A,1969
https://stats.tennismylife.org/tournaments/amsterdam/records/timespan,9283,amsterdam,"Amsterdam",A,1969
https://stats.tennismylife.org/tournaments/amsterdam/records/rounds,9283,amsterdam,"Amsterdam",A,1969
https://stats.tennismylife.org/tournaments/amsterdam/records/least,9283,amsterdam,"Amsterdam",A,1969
https://stats.tennismylife.org/tournaments/amsterdam/records/roundsonentries,9283,amsterdam,"Amsterdam",A,1969
https://stats.tennismylife.org/tournaments/amsterdam-wct/records,815,amsterdam-wct,"Amsterdam WCT",A,1982
https://stats.tennismylife.org/tournaments/amsterdam-wct/records/count,815,amsterdam-wct,"Amsterdam WCT",A,1982
https://stats.tennismylife.org/tournaments/amsterdam-wct/records/count/titles,815,amsterdam-wct,"Amsterdam WCT",A,1982
https://stats.tennismylife.org/tournaments/amsterdam-wct/records/count/wins,815,amsterdam-wct,"Amsterdam WCT",A,1982
https://stats.tennismylife.org/tournaments/amsterdam-wct/records/count/played,815,amsterdam-wct,"Amsterdam WCT",A,1982
https://stats.tennismylife.org/tournaments/amsterdam-wct/records/count/entries,815,amsterdam-wct,"Amsterdam WCT",A,1982
https://stats.tennismylife.org/tournaments/amsterdam-wct/records/ages,815,amsterdam-wct,"Amsterdam WCT",A,1982
https://stats.tennismylife.org/tournaments/amsterdam-wct/records/ages/main,815,amsterdam-wct,"Amsterdam WCT",A,1982
https://stats.tennismylife.org/tournaments/amsterdam-wct/records/ages/titles,815,amsterdam-wct,"Amsterdam WCT",A,1982
https://stats.tennismylife.org/tournaments/amsterdam-wct/records/ages/oldestrounds,815,amsterdam-wct,"Amsterdam WCT",A,1982
https://stats.tennismylife.org/tournaments/amsterdam-wct/records/ages/youngestrounds,815,amsterdam-wct,"Amsterdam WCT",A,1982
https://stats.tennismylife.org/tournaments/amsterdam-wct/records/percentage,815,amsterdam-wct,"Amsterdam WCT",A,1982
https://stats.tennismylife.org/tournaments/amsterdam-wct/records/percentage/wins,815,amsterdam-wct,"Amsterdam WCT",A,1982
https://stats.tennismylife.org/tournaments/amsterdam-wct/records/percentage/rounds,815,amsterdam-wct,"Amsterdam WCT",A,1982
https://stats.tennismylife.org/tournaments/amsterdam-wct/records/streak,815,amsterdam-wct,"Amsterdam WCT",A,1982
https://stats.tennismylife.org/tournaments/amsterdam-wct/records/timespan,815,amsterdam-wct,"Amsterdam WCT",A,1982
https://stats.tennismylife.org/tournaments/amsterdam-wct/records/rounds,815,amsterdam-wct,"Amsterdam WCT",A,1982
https://stats.tennismylife.org/tournaments/amsterdam-wct/records/least,815,amsterdam-wct,"Amsterdam WCT",A,1982
https://stats.tennismylife.org/tournaments/amsterdam-wct/records/roundsonentries,815,amsterdam-wct,"Amsterdam WCT",A,1982
https://stats.tennismylife.org/tournaments/anaheim/records,9292,anaheim,"Anaheim",A,1969
https://stats.tennismylife.org/tournaments/anaheim/records/count,9292,anaheim,"Anaheim",A,1969
https://stats.tennismylife.org/tournaments/anaheim/records/count/titles,9292,anaheim,"Anaheim",A,1969
https://stats.tennismylife.org/tournaments/anaheim/records/count/wins,9292,anaheim,"Anaheim",A,1969
https://stats.tennismylife.org/tournaments/anaheim/records/count/played,9292,anaheim,"Anaheim",A,1969
https://stats.tennismylife.org/tournaments/anaheim/records/count/entries,9292,anaheim,"Anaheim",A,1969
https://stats.tennismylife.org/tournaments/anaheim/records/ages,9292,anaheim,"Anaheim",A,1969
https://stats.tennismylife.org/tournaments/anaheim/records/ages/main,9292,anaheim,"Anaheim",A,1969
https://stats.tennismylife.org/tournaments/anaheim/records/ages/titles,9292,anaheim,"Anaheim",A,1969
https://stats.tennismylife.org/tournaments/anaheim/records/ages/oldestrounds,9292,anaheim,"Anaheim",A,1969
https://stats.tennismylife.org/tournaments/anaheim/records/ages/youngestrounds,9292,anaheim,"Anaheim",A,1969
https://stats.tennismylife.org/tournaments/anaheim/records/percentage,9292,anaheim,"Anaheim",A,1969
https://stats.tennismylife.org/tournaments/anaheim/records/percentage/wins,9292,anaheim,"Anaheim",A,1969
https://stats.tennismylife.org/tournaments/anaheim/records/percentage/rounds,9292,anaheim,"Anaheim",A,1969
https://stats.tennismylife.org/tournaments/anaheim/records/streak,9292,anaheim,"Anaheim",A,1969
https://stats.tennismylife.org/tournaments/anaheim/records/timespan,9292,anaheim,"Anaheim",A,1969
https://stats.tennismylife.org/tournaments/anaheim/records/rounds,9292,anaheim,"Anaheim",A,1969
https://stats.tennismylife.org/tournaments/anaheim/records/least,9292,anaheim,"Anaheim",A,1969
https://stats.tennismylife.org/tournaments/anaheim/records/roundsonentries,9292,anaheim,"Anaheim",A,1969
https://stats.tennismylife.org/tournaments/ancona/records,704,ancona,"Ancona",A,1982
https://stats.tennismylife.org/tournaments/ancona/records/count,704,ancona,"Ancona",A,1982
https://stats.tennismylife.org/tournaments/ancona/records/count/titles,704,ancona,"Ancona",A,1982
https://stats.tennismylife.org/tournaments/ancona/records/count/wins,704,ancona,"Ancona",A,1982
https://stats.tennismylife.org/tournaments/ancona/records/count/played,704,ancona,"Ancona",A,1982
https://stats.tennismylife.org/tournaments/ancona/records/count/entries,704,ancona,"Ancona",A,1982
https://stats.tennismylife.org/tournaments/ancona/records/ages,704,ancona,"Ancona",A,1982
https://stats.tennismylife.org/tournaments/ancona/records/ages/main,704,ancona,"Ancona",A,1982
https://stats.tennismylife.org/tournaments/ancona/records/ages/titles,704,ancona,"Ancona",A,1982
https://stats.tennismylife.org/tournaments/ancona/records/ages/oldestrounds,704,ancona,"Ancona",A,1982
https://stats.tennismylife.org/tournaments/ancona/records/ages/youngestrounds,704,ancona,"Ancona",A,1982
https://stats.tennismylife.org/tournaments/ancona/records/percentage,704,ancona,"Ancona",A,1982
https://stats.tennismylife.org/tournaments/ancona/records/percentage/wins,704,ancona,"Ancona",A,1982
https://stats.tennismylife.org/tournaments/ancona/records/percentage/rounds,704,ancona,"Ancona",A,1982
https://stats.tennismylife.org/tournaments/ancona/records/streak,704,ancona,"Ancona",A,1982
https://stats.tennismylife.org/tournaments/ancona/records/timespan,704,ancona,"Ancona",A,1982
https://stats.tennismylife.org/tournaments/ancona/records/rounds,704,ancona,"Ancona",A,1982
https://stats.tennismylife.org/tournaments/ancona/records/least,704,ancona,"Ancona",A,1982
https://stats.tennismylife.org/tournaments/ancona/records/roundsonentries,704,ancona,"Ancona",A,1982
https://stats.tennismylife.org/tournaments/antalya/records,7650,antalya,"Antalya",250,2019
https://stats.tennismylife.org/tournaments/antalya/records/count,7650,antalya,"Antalya",250,2019
https://stats.tennismylife.org/tournaments/antalya/records/count/titles,7650,antalya,"Antalya",250,2019
https://stats.tennismylife.org/tournaments/antalya/records/count/wins,7650,antalya,"Antalya",250,2019
https://stats.tennismylife.org/tournaments/antalya/records/count/played,7650,antalya,"Antalya",250,2019
https://stats.tennismylife.org/tournaments/antalya/records/count/entries,7650,antalya,"Antalya",250,2019
https://stats.tennismylife.org/tournaments/antalya/records/ages,7650,antalya,"Antalya",250,2019
https://stats.tennismylife.org/tournaments/antalya/records/ages/main,7650,antalya,"Antalya",250,2019
https://stats.tennismylife.org/tournaments/antalya/records/ages/titles,7650,antalya,"Antalya",250,2019
https://stats.tennismylife.org/tournaments/antalya/records/ages/oldestrounds,7650,antalya,"Antalya",250,2019
https://stats.tennismylife.org/tournaments/antalya/records/ages/youngestrounds,7650,antalya,"Antalya",250,2019
https://stats.tennismylife.org/tournaments/antalya/records/percentage,7650,antalya,"Antalya",250,2019
https://stats.tennismylife.org/tournaments/antalya/records/percentage/wins,7650,antalya,"Antalya",250,2019
https://stats.tennismylife.org/tournaments/antalya/records/percentage/rounds,7650,antalya,"Antalya",250,2019
https://stats.tennismylife.org/tournaments/antalya/records/streak,7650,antalya,"Antalya",250,2019
https://stats.tennismylife.org/tournaments/antalya/records/timespan,7650,antalya,"Antalya",250,2019
https://stats.tennismylife.org/tournaments/antalya/records/rounds,7650,antalya,"Antalya",250,2019
https://stats.tennismylife.org/tournaments/antalya/records/least,7650,antalya,"Antalya",250,2019
https://stats.tennismylife.org/tournaments/antalya/records/roundsonentries,7650,antalya,"Antalya",250,2019
https://stats.tennismylife.org/tournaments/aptos/records,2042,aptos,"Aptos",A,1973
https://stats.tennismylife.org/tournaments/aptos/records/count,2042,aptos,"Aptos",A,1973
https://stats.tennismylife.org/tournaments/aptos/records/count/titles,2042,aptos,"Aptos",A,1973
https://stats.tennismylife.org/tournaments/aptos/records/count/wins,2042,aptos,"Aptos",A,1973
https://stats.tennismylife.org/tournaments/aptos/records/count/played,2042,aptos,"Aptos",A,1973
https://stats.tennismylife.org/tournaments/aptos/records/count/entries,2042,aptos,"Aptos",A,1973
https://stats.tennismylife.org/tournaments/aptos/records/ages,2042,aptos,"Aptos",A,1973
https://stats.tennismylife.org/tournaments/aptos/records/ages/main,2042,aptos,"Aptos",A,1973
https://stats.tennismylife.org/tournaments/aptos/records/ages/titles,2042,aptos,"Aptos",A,1973
https://stats.tennismylife.org/tournaments/aptos/records/ages/oldestrounds,2042,aptos,"Aptos",A,1973
https://stats.tennismylife.org/tournaments/aptos/records/ages/youngestrounds,2042,aptos,"Aptos",A,1973
https://stats.tennismylife.org/tournaments/aptos/records/percentage,2042,aptos,"Aptos",A,1973
https://stats.tennismylife.org/tournaments/aptos/records/percentage/wins,2042,aptos,"Aptos",A,1973
https://stats.tennismylife.org/tournaments/aptos/records/percentage/rounds,2042,aptos,"Aptos",A,1973
https://stats.tennismylife.org/tournaments/aptos/records/streak,2042,aptos,"Aptos",A,1973
https://stats.tennismylife.org/tournaments/aptos/records/timespan,2042,aptos,"Aptos",A,1973
https://stats.tennismylife.org/tournaments/aptos/records/rounds,2042,aptos,"Aptos",A,1973
https://stats.tennismylife.org/tournaments/aptos/records/least,2042,aptos,"Aptos",A,1973
https://stats.tennismylife.org/tournaments/aptos/records/roundsonentries,2042,aptos,"Aptos",A,1973
https://stats.tennismylife.org/tournaments/athens/records,367,athens,"Athens",A|250,1994
https://stats.tennismylife.org/tournaments/athens/records/count,367,athens,"Athens",A|250,1994
https://stats.tennismylife.org/tournaments/athens/records/count/titles,367,athens,"Athens",A|250,1994
https://stats.tennismylife.org/tournaments/athens/records/count/wins,367,athens,"Athens",A|250,1994
https://stats.tennismylife.org/tournaments/athens/records/count/played,367,athens,"Athens",A|250,1994
https://stats.tennismylife.org/tournaments/athens/records/count/entries,367,athens,"Athens",A|250,1994
https://stats.tennismylife.org/tournaments/athens/records/ages,367,athens,"Athens",A|250,1994
https://stats.tennismylife.org/tournaments/athens/records/ages/main,367,athens,"Athens",A|250,1994
https://stats.tennismylife.org/tournaments/athens/records/ages/titles,367,athens,"Athens",A|250,1994
https://stats.tennismylife.org/tournaments/athens/records/ages/oldestrounds,367,athens,"Athens",A|250,1994
https://stats.tennismylife.org/tournaments/athens/records/ages/youngestrounds,367,athens,"Athens",A|250,1994
https://stats.tennismylife.org/tournaments/athens/records/percentage,367,athens,"Athens",A|250,1994
https://stats.tennismylife.org/tournaments/athens/records/percentage/wins,367,athens,"Athens",A|250,1994
https://stats.tennismylife.org/tournaments/athens/records/percentage/rounds,367,athens,"Athens",A|250,1994
https://stats.tennismylife.org/tournaments/athens/records/streak,367,athens,"Athens",A|250,1994
https://stats.tennismylife.org/tournaments/athens/records/timespan,367,athens,"Athens",A|250,1994
https://stats.tennismylife.org/tournaments/athens/records/rounds,367,athens,"Athens",A|250,1994
https://stats.tennismylife.org/tournaments/athens/records/least,367,athens,"Athens",A|250,1994
https://stats.tennismylife.org/tournaments/athens/records/roundsonentries,367,athens,"Athens",A|250,1994
https://stats.tennismylife.org/tournaments/atlanta/records,409,atlanta,"Atlanta",A|250,2001
https://stats.tennismylife.org/tournaments/atlanta/records/count,409,atlanta,"Atlanta",A|250,2001
https://stats.tennismylife.org/tournaments/atlanta/records/count/titles,409,atlanta,"Atlanta",A|250,2001
https://stats.tennismylife.org/tournaments/atlanta/records/count/wins,409,atlanta,"Atlanta",A|250,2001
https://stats.tennismylife.org/tournaments/atlanta/records/count/played,409,atlanta,"Atlanta",A|250,2001
https://stats.tennismylife.org/tournaments/atlanta/records/count/entries,409,atlanta,"Atlanta",A|250,2001
https://stats.tennismylife.org/tournaments/atlanta/records/ages,409,atlanta,"Atlanta",A|250,2001
https://stats.tennismylife.org/tournaments/atlanta/records/ages/main,409,atlanta,"Atlanta",A|250,2001
https://stats.tennismylife.org/tournaments/atlanta/records/ages/titles,409,atlanta,"Atlanta",A|250,2001
https://stats.tennismylife.org/tournaments/atlanta/records/ages/oldestrounds,409,atlanta,"Atlanta",A|250,2001
https://stats.tennismylife.org/tournaments/atlanta/records/ages/youngestrounds,409,atlanta,"Atlanta",A|250,2001
https://stats.tennismylife.org/tournaments/atlanta/records/percentage,409,atlanta,"Atlanta",A|250,2001
https://stats.tennismylife.org/tournaments/atlanta/records/percentage/wins,409,atlanta,"Atlanta",A|250,2001
https://stats.tennismylife.org/tournaments/atlanta/records/percentage/rounds,409,atlanta,"Atlanta",A|250,2001
https://stats.tennismylife.org/tournaments/atlanta/records/streak,409,atlanta,"Atlanta",A|250,2001
https://stats.tennismylife.org/tournaments/atlanta/records/timespan,409,atlanta,"Atlanta",A|250,2001
https://stats.tennismylife.org/tournaments/atlanta/records/rounds,409,atlanta,"Atlanta",A|250,2001
https://stats.tennismylife.org/tournaments/atlanta/records/least,409,atlanta,"Atlanta",A|250,2001
https://stats.tennismylife.org/tournaments/atlanta/records/roundsonentries,409,atlanta,"Atlanta",A|250,2001
https://stats.tennismylife.org/tournaments/atlanta-2/records,412,atlanta-2,"Atlanta",A,1986
https://stats.tennismylife.org/tournaments/atlanta-2/records/count,412,atlanta-2,"Atlanta",A,1986
https://stats.tennismylife.org/tournaments/atlanta-2/records/count/titles,412,atlanta-2,"Atlanta",A,1986
https://stats.tennismylife.org/tournaments/atlanta-2/records/count/wins,412,atlanta-2,"Atlanta",A,1986
https://stats.tennismylife.org/tournaments/atlanta-2/records/count/played,412,atlanta-2,"Atlanta",A,1986
https://stats.tennismylife.org/tournaments/atlanta-2/records/count/entries,412,atlanta-2,"Atlanta",A,1986
https://stats.tennismylife.org/tournaments/atlanta-2/records/ages,412,atlanta-2,"Atlanta",A,1986
https://stats.tennismylife.org/tournaments/atlanta-2/records/ages/main,412,atlanta-2,"Atlanta",A,1986
https://stats.tennismylife.org/tournaments/atlanta-2/records/ages/titles,412,atlanta-2,"Atlanta",A,1986
https://stats.tennismylife.org/tournaments/atlanta-2/records/ages/oldestrounds,412,atlanta-2,"Atlanta",A,1986
https://stats.tennismylife.org/tournaments/atlanta-2/records/ages/youngestrounds,412,atlanta-2,"Atlanta",A,1986
https://stats.tennismylife.org/tournaments/atlanta-2/records/percentage,412,atlanta-2,"Atlanta",A,1986
https://stats.tennismylife.org/tournaments/atlanta-2/records/percentage/wins,412,atlanta-2,"Atlanta",A,1986
https://stats.tennismylife.org/tournaments/atlanta-2/records/percentage/rounds,412,atlanta-2,"Atlanta",A,1986
https://stats.tennismylife.org/tournaments/atlanta-2/records/streak,412,atlanta-2,"Atlanta",A,1986
https://stats.tennismylife.org/tournaments/atlanta-2/records/timespan,412,atlanta-2,"Atlanta",A,1986
https://stats.tennismylife.org/tournaments/atlanta-2/records/rounds,412,atlanta-2,"Atlanta",A,1986
https://stats.tennismylife.org/tournaments/atlanta-2/records/least,412,atlanta-2,"Atlanta",A,1986
https://stats.tennismylife.org/tournaments/atlanta-2/records/roundsonentries,412,atlanta-2,"Atlanta",A,1986
https://stats.tennismylife.org/tournaments/atp-cup/records,8888,atp-cup,"ATP Cup",A,2022
https://stats.tennismylife.org/tournaments/atp-cup/records/count,8888,atp-cup,"ATP Cup",A,2022
https://stats.tennismylife.org/tournaments/atp-cup/records/count/titles,8888,atp-cup,"ATP Cup",A,2022
https://stats.tennismylife.org/tournaments/atp-cup/records/count/wins,8888,atp-cup,"ATP Cup",A,2022
https://stats.tennismylife.org/tournaments/atp-cup/records/count/played,8888,atp-cup,"ATP Cup",A,2022
https://stats.tennismylife.org/tournaments/atp-cup/records/count/entries,8888,atp-cup,"ATP Cup",A,2022
https://stats.tennismylife.org/tournaments/atp-cup/records/ages,8888,atp-cup,"ATP Cup",A,2022
https://stats.tennismylife.org/tournaments/atp-cup/records/ages/main,8888,atp-cup,"ATP Cup",A,2022
https://stats.tennismylife.org/tournaments/atp-cup/records/ages/titles,8888,atp-cup,"ATP Cup",A,2022
https://stats.tennismylife.org/tournaments/atp-cup/records/ages/oldestrounds,8888,atp-cup,"ATP Cup",A,2022
https://stats.tennismylife.org/tournaments/atp-cup/records/ages/youngestrounds,8888,atp-cup,"ATP Cup",A,2022
https://stats.tennismylife.org/tournaments/atp-cup/records/percentage,8888,atp-cup,"ATP Cup",A,2022
https://stats.tennismylife.org/tournaments/atp-cup/records/percentage/wins,8888,atp-cup,"ATP Cup",A,2022
https://stats.tennismylife.org/tournaments/atp-cup/records/percentage/rounds,8888,atp-cup,"ATP Cup",A,2022
https://stats.tennismylife.org/tournaments/atp-cup/records/streak,8888,atp-cup,"ATP Cup",A,2022
https://stats.tennismylife.org/tournaments/atp-cup/records/timespan,8888,atp-cup,"ATP Cup",A,2022
https://stats.tennismylife.org/tournaments/atp-cup/records/rounds,8888,atp-cup,"ATP Cup",A,2022
https://stats.tennismylife.org/tournaments/atp-cup/records/least,8888,atp-cup,"ATP Cup",A,2022
https://stats.tennismylife.org/tournaments/atp-cup/records/roundsonentries,8888,atp-cup,"ATP Cup",A,2022
https://stats.tennismylife.org/tournaments/australian-round-robin/records,9290,australian-round-robin,"Australian Round Robin",A,1970
https://stats.tennismylife.org/tournaments/australian-round-robin/records/count,9290,australian-round-robin,"Australian Round Robin",A,1970
https://stats.tennismylife.org/tournaments/australian-round-robin/records/count/titles,9290,australian-round-robin,"Australian Round Robin",A,1970
https://stats.tennismylife.org/tournaments/australian-round-robin/records/count/wins,9290,australian-round-robin,"Australian Round Robin",A,1970
https://stats.tennismylife.org/tournaments/australian-round-robin/records/count/played,9290,australian-round-robin,"Australian Round Robin",A,1970
https://stats.tennismylife.org/tournaments/australian-round-robin/records/count/entries,9290,australian-round-robin,"Australian Round Robin",A,1970
https://stats.tennismylife.org/tournaments/australian-round-robin/records/ages,9290,australian-round-robin,"Australian Round Robin",A,1970
https://stats.tennismylife.org/tournaments/australian-round-robin/records/ages/main,9290,australian-round-robin,"Australian Round Robin",A,1970
https://stats.tennismylife.org/tournaments/australian-round-robin/records/ages/titles,9290,australian-round-robin,"Australian Round Robin",A,1970
https://stats.tennismylife.org/tournaments/australian-round-robin/records/ages/oldestrounds,9290,australian-round-robin,"Australian Round Robin",A,1970
https://stats.tennismylife.org/tournaments/australian-round-robin/records/ages/youngestrounds,9290,australian-round-robin,"Australian Round Robin",A,1970
https://stats.tennismylife.org/tournaments/australian-round-robin/records/percentage,9290,australian-round-robin,"Australian Round Robin",A,1970
https://stats.tennismylife.org/tournaments/australian-round-robin/records/percentage/wins,9290,australian-round-robin,"Australian Round Robin",A,1970
https://stats.tennismylife.org/tournaments/australian-round-robin/records/percentage/rounds,9290,australian-round-robin,"Australian Round Robin",A,1970
https://stats.tennismylife.org/tournaments/australian-round-robin/records/streak,9290,australian-round-robin,"Australian Round Robin",A,1970
https://stats.tennismylife.org/tournaments/australian-round-robin/records/timespan,9290,australian-round-robin,"Australian Round Robin",A,1970
https://stats.tennismylife.org/tournaments/australian-round-robin/records/rounds,9290,australian-round-robin,"Australian Round Robin",A,1970
https://stats.tennismylife.org/tournaments/australian-round-robin/records/least,9290,australian-round-robin,"Australian Round Robin",A,1970
https://stats.tennismylife.org/tournaments/australian-round-robin/records/roundsonentries,9290,australian-round-robin,"Australian Round Robin",A,1970
https://stats.tennismylife.org/tournaments/aviles/records,2028,aviles,"Aviles",A,1976
https://stats.tennismylife.org/tournaments/aviles/records/count,2028,aviles,"Aviles",A,1976
https://stats.tennismylife.org/tournaments/aviles/records/count/titles,2028,aviles,"Aviles",A,1976
https://stats.tennismylife.org/tournaments/aviles/records/count/wins,2028,aviles,"Aviles",A,1976
https://stats.tennismylife.org/tournaments/aviles/records/count/played,2028,aviles,"Aviles",A,1976
https://stats.tennismylife.org/tournaments/aviles/records/count/entries,2028,aviles,"Aviles",A,1976
https://stats.tennismylife.org/tournaments/aviles/records/ages,2028,aviles,"Aviles",A,1976
https://stats.tennismylife.org/tournaments/aviles/records/ages/main,2028,aviles,"Aviles",A,1976
https://stats.tennismylife.org/tournaments/aviles/records/ages/titles,2028,aviles,"Aviles",A,1976
https://stats.tennismylife.org/tournaments/aviles/records/ages/oldestrounds,2028,aviles,"Aviles",A,1976
https://stats.tennismylife.org/tournaments/aviles/records/ages/youngestrounds,2028,aviles,"Aviles",A,1976
https://stats.tennismylife.org/tournaments/aviles/records/percentage,2028,aviles,"Aviles",A,1976
https://stats.tennismylife.org/tournaments/aviles/records/percentage/wins,2028,aviles,"Aviles",A,1976
https://stats.tennismylife.org/tournaments/aviles/records/percentage/rounds,2028,aviles,"Aviles",A,1976
https://stats.tennismylife.org/tournaments/aviles/records/streak,2028,aviles,"Aviles",A,1976
https://stats.tennismylife.org/tournaments/aviles/records/timespan,2028,aviles,"Aviles",A,1976
https://stats.tennismylife.org/tournaments/aviles/records/rounds,2028,aviles,"Aviles",A,1976
https://stats.tennismylife.org/tournaments/aviles/records/least,2028,aviles,"Aviles",A,1976
https://stats.tennismylife.org/tournaments/aviles/records/roundsonentries,2028,aviles,"Aviles",A,1976
https://stats.tennismylife.org/tournaments/bakersfield-wct/records,9307,bakersfield-wct,"Bakersfield WCT",A,1968
https://stats.tennismylife.org/tournaments/bakersfield-wct/records/count,9307,bakersfield-wct,"Bakersfield WCT",A,1968
https://stats.tennismylife.org/tournaments/bakersfield-wct/records/count/titles,9307,bakersfield-wct,"Bakersfield WCT",A,1968
https://stats.tennismylife.org/tournaments/bakersfield-wct/records/count/wins,9307,bakersfield-wct,"Bakersfield WCT",A,1968
https://stats.tennismylife.org/tournaments/bakersfield-wct/records/count/played,9307,bakersfield-wct,"Bakersfield WCT",A,1968
https://stats.tennismylife.org/tournaments/bakersfield-wct/records/count/entries,9307,bakersfield-wct,"Bakersfield WCT",A,1968
https://stats.tennismylife.org/tournaments/bakersfield-wct/records/ages,9307,bakersfield-wct,"Bakersfield WCT",A,1968
https://stats.tennismylife.org/tournaments/bakersfield-wct/records/ages/main,9307,bakersfield-wct,"Bakersfield WCT",A,1968
https://stats.tennismylife.org/tournaments/bakersfield-wct/records/ages/titles,9307,bakersfield-wct,"Bakersfield WCT",A,1968
https://stats.tennismylife.org/tournaments/bakersfield-wct/records/ages/oldestrounds,9307,bakersfield-wct,"Bakersfield WCT",A,1968
https://stats.tennismylife.org/tournaments/bakersfield-wct/records/ages/youngestrounds,9307,bakersfield-wct,"Bakersfield WCT",A,1968
https://stats.tennismylife.org/tournaments/bakersfield-wct/records/percentage,9307,bakersfield-wct,"Bakersfield WCT",A,1968
https://stats.tennismylife.org/tournaments/bakersfield-wct/records/percentage/wins,9307,bakersfield-wct,"Bakersfield WCT",A,1968
https://stats.tennismylife.org/tournaments/bakersfield-wct/records/percentage/rounds,9307,bakersfield-wct,"Bakersfield WCT",A,1968
https://stats.tennismylife.org/tournaments/bakersfield-wct/records/streak,9307,bakersfield-wct,"Bakersfield WCT",A,1968
https://stats.tennismylife.org/tournaments/bakersfield-wct/records/timespan,9307,bakersfield-wct,"Bakersfield WCT",A,1968
https://stats.tennismylife.org/tournaments/bakersfield-wct/records/rounds,9307,bakersfield-wct,"Bakersfield WCT",A,1968
https://stats.tennismylife.org/tournaments/bakersfield-wct/records/least,9307,bakersfield-wct,"Bakersfield WCT",A,1968
https://stats.tennismylife.org/tournaments/bakersfield-wct/records/roundsonentries,9307,bakersfield-wct,"Bakersfield WCT",A,1968
https://stats.tennismylife.org/tournaments/baltimore/records,9293,baltimore,"Baltimore",A,1969
https://stats.tennismylife.org/tournaments/baltimore/records/count,9293,baltimore,"Baltimore",A,1969
https://stats.tennismylife.org/tournaments/baltimore/records/count/titles,9293,baltimore,"Baltimore",A,1969
https://stats.tennismylife.org/tournaments/baltimore/records/count/wins,9293,baltimore,"Baltimore",A,1969
https://stats.tennismylife.org/tournaments/baltimore/records/count/played,9293,baltimore,"Baltimore",A,1969
https://stats.tennismylife.org/tournaments/baltimore/records/count/entries,9293,baltimore,"Baltimore",A,1969
https://stats.tennismylife.org/tournaments/baltimore/records/ages,9293,baltimore,"Baltimore",A,1969
https://stats.tennismylife.org/tournaments/baltimore/records/ages/main,9293,baltimore,"Baltimore",A,1969
https://stats.tennismylife.org/tournaments/baltimore/records/ages/titles,9293,baltimore,"Baltimore",A,1969
https://stats.tennismylife.org/tournaments/baltimore/records/ages/oldestrounds,9293,baltimore,"Baltimore",A,1969
https://stats.tennismylife.org/tournaments/baltimore/records/ages/youngestrounds,9293,baltimore,"Baltimore",A,1969
https://stats.tennismylife.org/tournaments/baltimore/records/percentage,9293,baltimore,"Baltimore",A,1969
https://stats.tennismylife.org/tournaments/baltimore/records/percentage/wins,9293,baltimore,"Baltimore",A,1969
https://stats.tennismylife.org/tournaments/baltimore/records/percentage/rounds,9293,baltimore,"Baltimore",A,1969
https://stats.tennismylife.org/tournaments/baltimore/records/streak,9293,baltimore,"Baltimore",A,1969
https://stats.tennismylife.org/tournaments/baltimore/records/timespan,9293,baltimore,"Baltimore",A,1969
https://stats.tennismylife.org/tournaments/baltimore/records/rounds,9293,baltimore,"Baltimore",A,1969
https://stats.tennismylife.org/tournaments/baltimore/records/least,9293,baltimore,"Baltimore",A,1969
https://stats.tennismylife.org/tournaments/baltimore/records/roundsonentries,9293,baltimore,"Baltimore",A,1969
https://stats.tennismylife.org/tournaments/baltimore-wct/records,816,baltimore-wct,"Baltimore WCT",A,1982
https://stats.tennismylife.org/tournaments/baltimore-wct/records/count,816,baltimore-wct,"Baltimore WCT",A,1982
https://stats.tennismylife.org/tournaments/baltimore-wct/records/count/titles,816,baltimore-wct,"Baltimore WCT",A,1982
https://stats.tennismylife.org/tournaments/baltimore-wct/records/count/wins,816,baltimore-wct,"Baltimore WCT",A,1982
https://stats.tennismylife.org/tournaments/baltimore-wct/records/count/played,816,baltimore-wct,"Baltimore WCT",A,1982
https://stats.tennismylife.org/tournaments/baltimore-wct/records/count/entries,816,baltimore-wct,"Baltimore WCT",A,1982
https://stats.tennismylife.org/tournaments/baltimore-wct/records/ages,816,baltimore-wct,"Baltimore WCT",A,1982
https://stats.tennismylife.org/tournaments/baltimore-wct/records/ages/main,816,baltimore-wct,"Baltimore WCT",A,1982
https://stats.tennismylife.org/tournaments/baltimore-wct/records/ages/titles,816,baltimore-wct,"Baltimore WCT",A,1982
https://stats.tennismylife.org/tournaments/baltimore-wct/records/ages/oldestrounds,816,baltimore-wct,"Baltimore WCT",A,1982
https://stats.tennismylife.org/tournaments/baltimore-wct/records/ages/youngestrounds,816,baltimore-wct,"Baltimore WCT",A,1982
https://stats.tennismylife.org/tournaments/baltimore-wct/records/percentage,816,baltimore-wct,"Baltimore WCT",A,1982
https://stats.tennismylife.org/tournaments/baltimore-wct/records/percentage/wins,816,baltimore-wct,"Baltimore WCT",A,1982
https://stats.tennismylife.org/tournaments/baltimore-wct/records/percentage/rounds,816,baltimore-wct,"Baltimore WCT",A,1982
https://stats.tennismylife.org/tournaments/baltimore-wct/records/streak,816,baltimore-wct,"Baltimore WCT",A,1982
https://stats.tennismylife.org/tournaments/baltimore-wct/records/timespan,816,baltimore-wct,"Baltimore WCT",A,1982
https://stats.tennismylife.org/tournaments/baltimore-wct/records/rounds,816,baltimore-wct,"Baltimore WCT",A,1982
https://stats.tennismylife.org/tournaments/baltimore-wct/records/least,816,baltimore-wct,"Baltimore WCT",A,1982
https://stats.tennismylife.org/tournaments/baltimore-wct/records/roundsonentries,816,baltimore-wct,"Baltimore WCT",A,1982
https://stats.tennismylife.org/tournaments/baltimore-wct-2/records,9316,baltimore-wct-2,"Baltimore WCT",A,1968
https://stats.tennismylife.org/tournaments/baltimore-wct-2/records/count,9316,baltimore-wct-2,"Baltimore WCT",A,1968
https://stats.tennismylife.org/tournaments/baltimore-wct-2/records/count/titles,9316,baltimore-wct-2,"Baltimore WCT",A,1968
https://stats.tennismylife.org/tournaments/baltimore-wct-2/records/count/wins,9316,baltimore-wct-2,"Baltimore WCT",A,1968
https://stats.tennismylife.org/tournaments/baltimore-wct-2/records/count/played,9316,baltimore-wct-2,"Baltimore WCT",A,1968
https://stats.tennismylife.org/tournaments/baltimore-wct-2/records/count/entries,9316,baltimore-wct-2,"Baltimore WCT",A,1968
https://stats.tennismylife.org/tournaments/baltimore-wct-2/records/ages,9316,baltimore-wct-2,"Baltimore WCT",A,1968
https://stats.tennismylife.org/tournaments/baltimore-wct-2/records/ages/main,9316,baltimore-wct-2,"Baltimore WCT",A,1968
https://stats.tennismylife.org/tournaments/baltimore-wct-2/records/ages/titles,9316,baltimore-wct-2,"Baltimore WCT",A,1968
https://stats.tennismylife.org/tournaments/baltimore-wct-2/records/ages/oldestrounds,9316,baltimore-wct-2,"Baltimore WCT",A,1968
https://stats.tennismylife.org/tournaments/baltimore-wct-2/records/ages/youngestrounds,9316,baltimore-wct-2,"Baltimore WCT",A,1968
https://stats.tennismylife.org/tournaments/baltimore-wct-2/records/percentage,9316,baltimore-wct-2,"Baltimore WCT",A,1968
https://stats.tennismylife.org/tournaments/baltimore-wct-2/records/percentage/wins,9316,baltimore-wct-2,"Baltimore WCT",A,1968
https://stats.tennismylife.org/tournaments/baltimore-wct-2/records/percentage/rounds,9316,baltimore-wct-2,"Baltimore WCT",A,1968
https://stats.tennismylife.org/tournaments/baltimore-wct-2/records/streak,9316,baltimore-wct-2,"Baltimore WCT",A,1968
https://stats.tennismylife.org/tournaments/baltimore-wct-2/records/timespan,9316,baltimore-wct-2,"Baltimore WCT",A,1968
https://stats.tennismylife.org/tournaments/baltimore-wct-2/records/rounds,9316,baltimore-wct-2,"Baltimore WCT",A,1968
https://stats.tennismylife.org/tournaments/baltimore-wct-2/records/least,9316,baltimore-wct-2,"Baltimore WCT",A,1968
https://stats.tennismylife.org/tournaments/baltimore-wct-2/records/roundsonentries,9316,baltimore-wct-2,"Baltimore WCT",A,1968
https://stats.tennismylife.org/tournaments/bangalore/records,2017,bangalore,"Bangalore",A,1976
https://stats.tennismylife.org/tournaments/bangalore/records/count,2017,bangalore,"Bangalore",A,1976
https://stats.tennismylife.org/tournaments/bangalore/records/count/titles,2017,bangalore,"Bangalore",A,1976
https://stats.tennismylife.org/tournaments/bangalore/records/count/wins,2017,bangalore,"Bangalore",A,1976
https://stats.tennismylife.org/tournaments/bangalore/records/count/played,2017,bangalore,"Bangalore",A,1976
https://stats.tennismylife.org/tournaments/bangalore/records/count/entries,2017,bangalore,"Bangalore",A,1976
https://stats.tennismylife.org/tournaments/bangalore/records/ages,2017,bangalore,"Bangalore",A,1976
https://stats.tennismylife.org/tournaments/bangalore/records/ages/main,2017,bangalore,"Bangalore",A,1976
https://stats.tennismylife.org/tournaments/bangalore/records/ages/titles,2017,bangalore,"Bangalore",A,1976
https://stats.tennismylife.org/tournaments/bangalore/records/ages/oldestrounds,2017,bangalore,"Bangalore",A,1976
https://stats.tennismylife.org/tournaments/bangalore/records/ages/youngestrounds,2017,bangalore,"Bangalore",A,1976
https://stats.tennismylife.org/tournaments/bangalore/records/percentage,2017,bangalore,"Bangalore",A,1976
https://stats.tennismylife.org/tournaments/bangalore/records/percentage/wins,2017,bangalore,"Bangalore",A,1976
https://stats.tennismylife.org/tournaments/bangalore/records/percentage/rounds,2017,bangalore,"Bangalore",A,1976
https://stats.tennismylife.org/tournaments/bangalore/records/streak,2017,bangalore,"Bangalore",A,1976
https://stats.tennismylife.org/tournaments/bangalore/records/timespan,2017,bangalore,"Bangalore",A,1976
https://stats.tennismylife.org/tournaments/bangalore/records/rounds,2017,bangalore,"Bangalore",A,1976
https://stats.tennismylife.org/tournaments/bangalore/records/least,2017,bangalore,"Bangalore",A,1976
https://stats.tennismylife.org/tournaments/bangalore/records/roundsonentries,2017,bangalore,"Bangalore",A,1976
https://stats.tennismylife.org/tournaments/bangkok/records,334,bangkok,"Bangkok",A,1982
https://stats.tennismylife.org/tournaments/bangkok/records/count,334,bangkok,"Bangkok",A,1982
https://stats.tennismylife.org/tournaments/bangkok/records/count/titles,334,bangkok,"Bangkok",A,1982
https://stats.tennismylife.org/tournaments/bangkok/records/count/wins,334,bangkok,"Bangkok",A,1982
https://stats.tennismylife.org/tournaments/bangkok/records/count/played,334,bangkok,"Bangkok",A,1982
https://stats.tennismylife.org/tournaments/bangkok/records/count/entries,334,bangkok,"Bangkok",A,1982
https://stats.tennismylife.org/tournaments/bangkok/records/ages,334,bangkok,"Bangkok",A,1982
https://stats.tennismylife.org/tournaments/bangkok/records/ages/main,334,bangkok,"Bangkok",A,1982
https://stats.tennismylife.org/tournaments/bangkok/records/ages/titles,334,bangkok,"Bangkok",A,1982
https://stats.tennismylife.org/tournaments/bangkok/records/ages/oldestrounds,334,bangkok,"Bangkok",A,1982
https://stats.tennismylife.org/tournaments/bangkok/records/ages/youngestrounds,334,bangkok,"Bangkok",A,1982
https://stats.tennismylife.org/tournaments/bangkok/records/percentage,334,bangkok,"Bangkok",A,1982
https://stats.tennismylife.org/tournaments/bangkok/records/percentage/wins,334,bangkok,"Bangkok",A,1982
https://stats.tennismylife.org/tournaments/bangkok/records/percentage/rounds,334,bangkok,"Bangkok",A,1982
https://stats.tennismylife.org/tournaments/bangkok/records/streak,334,bangkok,"Bangkok",A,1982
https://stats.tennismylife.org/tournaments/bangkok/records/timespan,334,bangkok,"Bangkok",A,1982
https://stats.tennismylife.org/tournaments/bangkok/records/rounds,334,bangkok,"Bangkok",A,1982
https://stats.tennismylife.org/tournaments/bangkok/records/least,334,bangkok,"Bangkok",A,1982
https://stats.tennismylife.org/tournaments/bangkok/records/roundsonentries,334,bangkok,"Bangkok",A,1982
https://stats.tennismylife.org/tournaments/bangkok-2/records,1720,bangkok-2,"Bangkok",250,2013
https://stats.tennismylife.org/tournaments/bangkok-2/records/count,1720,bangkok-2,"Bangkok",250,2013
https://stats.tennismylife.org/tournaments/bangkok-2/records/count/titles,1720,bangkok-2,"Bangkok",250,2013
https://stats.tennismylife.org/tournaments/bangkok-2/records/count/wins,1720,bangkok-2,"Bangkok",250,2013
https://stats.tennismylife.org/tournaments/bangkok-2/records/count/played,1720,bangkok-2,"Bangkok",250,2013
https://stats.tennismylife.org/tournaments/bangkok-2/records/count/entries,1720,bangkok-2,"Bangkok",250,2013
https://stats.tennismylife.org/tournaments/bangkok-2/records/ages,1720,bangkok-2,"Bangkok",250,2013
https://stats.tennismylife.org/tournaments/bangkok-2/records/ages/main,1720,bangkok-2,"Bangkok",250,2013
https://stats.tennismylife.org/tournaments/bangkok-2/records/ages/titles,1720,bangkok-2,"Bangkok",250,2013
https://stats.tennismylife.org/tournaments/bangkok-2/records/ages/oldestrounds,1720,bangkok-2,"Bangkok",250,2013
https://stats.tennismylife.org/tournaments/bangkok-2/records/ages/youngestrounds,1720,bangkok-2,"Bangkok",250,2013
https://stats.tennismylife.org/tournaments/bangkok-2/records/percentage,1720,bangkok-2,"Bangkok",250,2013
https://stats.tennismylife.org/tournaments/bangkok-2/records/percentage/wins,1720,bangkok-2,"Bangkok",250,2013
https://stats.tennismylife.org/tournaments/bangkok-2/records/percentage/rounds,1720,bangkok-2,"Bangkok",250,2013
https://stats.tennismylife.org/tournaments/bangkok-2/records/streak,1720,bangkok-2,"Bangkok",250,2013
https://stats.tennismylife.org/tournaments/bangkok-2/records/timespan,1720,bangkok-2,"Bangkok",250,2013
https://stats.tennismylife.org/tournaments/bangkok-2/records/rounds,1720,bangkok-2,"Bangkok",250,2013
https://stats.tennismylife.org/tournaments/bangkok-2/records/least,1720,bangkok-2,"Bangkok",250,2013
https://stats.tennismylife.org/tournaments/bangkok-2/records/roundsonentries,1720,bangkok-2,"Bangkok",250,2013
https://stats.tennismylife.org/tournaments/barcelona-2/records,278,barcelona-2,"Barcelona-2",A,1976
https://stats.tennismylife.org/tournaments/barcelona-2/records/count,278,barcelona-2,"Barcelona-2",A,1976
https://stats.tennismylife.org/tournaments/barcelona-2/records/count/titles,278,barcelona-2,"Barcelona-2",A,1976
https://stats.tennismylife.org/tournaments/barcelona-2/records/count/wins,278,barcelona-2,"Barcelona-2",A,1976
https://stats.tennismylife.org/tournaments/barcelona-2/records/count/played,278,barcelona-2,"Barcelona-2",A,1976
https://stats.tennismylife.org/tournaments/barcelona-2/records/count/entries,278,barcelona-2,"Barcelona-2",A,1976
https://stats.tennismylife.org/tournaments/barcelona-2/records/ages,278,barcelona-2,"Barcelona-2",A,1976
https://stats.tennismylife.org/tournaments/barcelona-2/records/ages/main,278,barcelona-2,"Barcelona-2",A,1976
https://stats.tennismylife.org/tournaments/barcelona-2/records/ages/titles,278,barcelona-2,"Barcelona-2",A,1976
https://stats.tennismylife.org/tournaments/barcelona-2/records/ages/oldestrounds,278,barcelona-2,"Barcelona-2",A,1976
https://stats.tennismylife.org/tournaments/barcelona-2/records/ages/youngestrounds,278,barcelona-2,"Barcelona-2",A,1976
https://stats.tennismylife.org/tournaments/barcelona-2/records/percentage,278,barcelona-2,"Barcelona-2",A,1976
https://stats.tennismylife.org/tournaments/barcelona-2/records/percentage/wins,278,barcelona-2,"Barcelona-2",A,1976
https://stats.tennismylife.org/tournaments/barcelona-2/records/percentage/rounds,278,barcelona-2,"Barcelona-2",A,1976
https://stats.tennismylife.org/tournaments/barcelona-2/records/streak,278,barcelona-2,"Barcelona-2",A,1976
https://stats.tennismylife.org/tournaments/barcelona-2/records/timespan,278,barcelona-2,"Barcelona-2",A,1976
https://stats.tennismylife.org/tournaments/barcelona-2/records/rounds,278,barcelona-2,"Barcelona-2",A,1976
https://stats.tennismylife.org/tournaments/barcelona-2/records/least,278,barcelona-2,"Barcelona-2",A,1976
https://stats.tennismylife.org/tournaments/barcelona-2/records/roundsonentries,278,barcelona-2,"Barcelona-2",A,1976
https://stats.tennismylife.org/tournaments/barcelona-2-2/records,9294,barcelona-2-2,"Barcelona-2",A,1969
https://stats.tennismylife.org/tournaments/barcelona-2-2/records/count,9294,barcelona-2-2,"Barcelona-2",A,1969
https://stats.tennismylife.org/tournaments/barcelona-2-2/records/count/titles,9294,barcelona-2-2,"Barcelona-2",A,1969
https://stats.tennismylife.org/tournaments/barcelona-2-2/records/count/wins,9294,barcelona-2-2,"Barcelona-2",A,1969
https://stats.tennismylife.org/tournaments/barcelona-2-2/records/count/played,9294,barcelona-2-2,"Barcelona-2",A,1969
https://stats.tennismylife.org/tournaments/barcelona-2-2/records/count/entries,9294,barcelona-2-2,"Barcelona-2",A,1969
https://stats.tennismylife.org/tournaments/barcelona-2-2/records/ages,9294,barcelona-2-2,"Barcelona-2",A,1969
https://stats.tennismylife.org/tournaments/barcelona-2-2/records/ages/main,9294,barcelona-2-2,"Barcelona-2",A,1969
https://stats.tennismylife.org/tournaments/barcelona-2-2/records/ages/titles,9294,barcelona-2-2,"Barcelona-2",A,1969
https://stats.tennismylife.org/tournaments/barcelona-2-2/records/ages/oldestrounds,9294,barcelona-2-2,"Barcelona-2",A,1969
https://stats.tennismylife.org/tournaments/barcelona-2-2/records/ages/youngestrounds,9294,barcelona-2-2,"Barcelona-2",A,1969
https://stats.tennismylife.org/tournaments/barcelona-2-2/records/percentage,9294,barcelona-2-2,"Barcelona-2",A,1969
https://stats.tennismylife.org/tournaments/barcelona-2-2/records/percentage/wins,9294,barcelona-2-2,"Barcelona-2",A,1969
https://stats.tennismylife.org/tournaments/barcelona-2-2/records/percentage/rounds,9294,barcelona-2-2,"Barcelona-2",A,1969
https://stats.tennismylife.org/tournaments/barcelona-2-2/records/streak,9294,barcelona-2-2,"Barcelona-2",A,1969
https://stats.tennismylife.org/tournaments/barcelona-2-2/records/timespan,9294,barcelona-2-2,"Barcelona-2",A,1969
https://stats.tennismylife.org/tournaments/barcelona-2-2/records/rounds,9294,barcelona-2-2,"Barcelona-2",A,1969
https://stats.tennismylife.org/tournaments/barcelona-2-2/records/least,9294,barcelona-2-2,"Barcelona-2",A,1969
https://stats.tennismylife.org/tournaments/barcelona-2-2/records/roundsonentries,9294,barcelona-2-2,"Barcelona-2",A,1969
https://stats.tennismylife.org/tournaments/barcelona-wct/records,267,barcelona-wct,"Barcelona WCT",A,1976
https://stats.tennismylife.org/tournaments/barcelona-wct/records/count,267,barcelona-wct,"Barcelona WCT",A,1976
https://stats.tennismylife.org/tournaments/barcelona-wct/records/count/titles,267,barcelona-wct,"Barcelona WCT",A,1976
https://stats.tennismylife.org/tournaments/barcelona-wct/records/count/wins,267,barcelona-wct,"Barcelona WCT",A,1976
https://stats.tennismylife.org/tournaments/barcelona-wct/records/count/played,267,barcelona-wct,"Barcelona WCT",A,1976
https://stats.tennismylife.org/tournaments/barcelona-wct/records/count/entries,267,barcelona-wct,"Barcelona WCT",A,1976
https://stats.tennismylife.org/tournaments/barcelona-wct/records/ages,267,barcelona-wct,"Barcelona WCT",A,1976
https://stats.tennismylife.org/tournaments/barcelona-wct/records/ages/main,267,barcelona-wct,"Barcelona WCT",A,1976
https://stats.tennismylife.org/tournaments/barcelona-wct/records/ages/titles,267,barcelona-wct,"Barcelona WCT",A,1976
https://stats.tennismylife.org/tournaments/barcelona-wct/records/ages/oldestrounds,267,barcelona-wct,"Barcelona WCT",A,1976
https://stats.tennismylife.org/tournaments/barcelona-wct/records/ages/youngestrounds,267,barcelona-wct,"Barcelona WCT",A,1976
https://stats.tennismylife.org/tournaments/barcelona-wct/records/percentage,267,barcelona-wct,"Barcelona WCT",A,1976
https://stats.tennismylife.org/tournaments/barcelona-wct/records/percentage/wins,267,barcelona-wct,"Barcelona WCT",A,1976
https://stats.tennismylife.org/tournaments/barcelona-wct/records/percentage/rounds,267,barcelona-wct,"Barcelona WCT",A,1976
https://stats.tennismylife.org/tournaments/barcelona-wct/records/streak,267,barcelona-wct,"Barcelona WCT",A,1976
https://stats.tennismylife.org/tournaments/barcelona-wct/records/timespan,267,barcelona-wct,"Barcelona WCT",A,1976
https://stats.tennismylife.org/tournaments/barcelona-wct/records/rounds,267,barcelona-wct,"Barcelona WCT",A,1976
https://stats.tennismylife.org/tournaments/barcelona-wct/records/least,267,barcelona-wct,"Barcelona WCT",A,1976
https://stats.tennismylife.org/tournaments/barcelona-wct/records/roundsonentries,267,barcelona-wct,"Barcelona WCT",A,1976
https://stats.tennismylife.org/tournaments/barranquilla/records,3940,barranquilla,"Barranquilla",A,1970
https://stats.tennismylife.org/tournaments/barranquilla/records/count,3940,barranquilla,"Barranquilla",A,1970
https://stats.tennismylife.org/tournaments/barranquilla/records/count/titles,3940,barranquilla,"Barranquilla",A,1970
https://stats.tennismylife.org/tournaments/barranquilla/records/count/wins,3940,barranquilla,"Barranquilla",A,1970
https://stats.tennismylife.org/tournaments/barranquilla/records/count/played,3940,barranquilla,"Barranquilla",A,1970
https://stats.tennismylife.org/tournaments/barranquilla/records/count/entries,3940,barranquilla,"Barranquilla",A,1970
https://stats.tennismylife.org/tournaments/barranquilla/records/ages,3940,barranquilla,"Barranquilla",A,1970
https://stats.tennismylife.org/tournaments/barranquilla/records/ages/main,3940,barranquilla,"Barranquilla",A,1970
https://stats.tennismylife.org/tournaments/barranquilla/records/ages/titles,3940,barranquilla,"Barranquilla",A,1970
https://stats.tennismylife.org/tournaments/barranquilla/records/ages/oldestrounds,3940,barranquilla,"Barranquilla",A,1970
https://stats.tennismylife.org/tournaments/barranquilla/records/ages/youngestrounds,3940,barranquilla,"Barranquilla",A,1970
https://stats.tennismylife.org/tournaments/barranquilla/records/percentage,3940,barranquilla,"Barranquilla",A,1970
https://stats.tennismylife.org/tournaments/barranquilla/records/percentage/wins,3940,barranquilla,"Barranquilla",A,1970
https://stats.tennismylife.org/tournaments/barranquilla/records/percentage/rounds,3940,barranquilla,"Barranquilla",A,1970
https://stats.tennismylife.org/tournaments/barranquilla/records/streak,3940,barranquilla,"Barranquilla",A,1970
https://stats.tennismylife.org/tournaments/barranquilla/records/timespan,3940,barranquilla,"Barranquilla",A,1970
https://stats.tennismylife.org/tournaments/barranquilla/records/rounds,3940,barranquilla,"Barranquilla",A,1970
https://stats.tennismylife.org/tournaments/barranquilla/records/least,3940,barranquilla,"Barranquilla",A,1970
https://stats.tennismylife.org/tournaments/barranquilla/records/roundsonentries,3940,barranquilla,"Barranquilla",A,1970
https://stats.tennismylife.org/tournaments/bastad-wct/records,9318,bastad-wct,"Bastad WCT",A,1968
https://stats.tennismylife.org/tournaments/bastad-wct/records/count,9318,bastad-wct,"Bastad WCT",A,1968
https://stats.tennismylife.org/tournaments/bastad-wct/records/count/titles,9318,bastad-wct,"Bastad WCT",A,1968
https://stats.tennismylife.org/tournaments/bastad-wct/records/count/wins,9318,bastad-wct,"Bastad WCT",A,1968
https://stats.tennismylife.org/tournaments/bastad-wct/records/count/played,9318,bastad-wct,"Bastad WCT",A,1968
https://stats.tennismylife.org/tournaments/bastad-wct/records/count/entries,9318,bastad-wct,"Bastad WCT",A,1968
https://stats.tennismylife.org/tournaments/bastad-wct/records/ages,9318,bastad-wct,"Bastad WCT",A,1968
https://stats.tennismylife.org/tournaments/bastad-wct/records/ages/main,9318,bastad-wct,"Bastad WCT",A,1968
https://stats.tennismylife.org/tournaments/bastad-wct/records/ages/titles,9318,bastad-wct,"Bastad WCT",A,1968
https://stats.tennismylife.org/tournaments/bastad-wct/records/ages/oldestrounds,9318,bastad-wct,"Bastad WCT",A,1968
https://stats.tennismylife.org/tournaments/bastad-wct/records/ages/youngestrounds,9318,bastad-wct,"Bastad WCT",A,1968
https://stats.tennismylife.org/tournaments/bastad-wct/records/percentage,9318,bastad-wct,"Bastad WCT",A,1968
https://stats.tennismylife.org/tournaments/bastad-wct/records/percentage/wins,9318,bastad-wct,"Bastad WCT",A,1968
https://stats.tennismylife.org/tournaments/bastad-wct/records/percentage/rounds,9318,bastad-wct,"Bastad WCT",A,1968
https://stats.tennismylife.org/tournaments/bastad-wct/records/streak,9318,bastad-wct,"Bastad WCT",A,1968
https://stats.tennismylife.org/tournaments/bastad-wct/records/timespan,9318,bastad-wct,"Bastad WCT",A,1968
https://stats.tennismylife.org/tournaments/bastad-wct/records/rounds,9318,bastad-wct,"Bastad WCT",A,1968
https://stats.tennismylife.org/tournaments/bastad-wct/records/least,9318,bastad-wct,"Bastad WCT",A,1968
https://stats.tennismylife.org/tournaments/bastad-wct/records/roundsonentries,9318,bastad-wct,"Bastad WCT",A,1968
https://stats.tennismylife.org/tournaments/beijing-2/records,7307,beijing-2,"Beijing",250,1997
https://stats.tennismylife.org/tournaments/beijing-2/records/count,7307,beijing-2,"Beijing",250,1997
https://stats.tennismylife.org/tournaments/beijing-2/records/count/titles,7307,beijing-2,"Beijing",250,1997
https://stats.tennismylife.org/tournaments/beijing-2/records/count/wins,7307,beijing-2,"Beijing",250,1997
https://stats.tennismylife.org/tournaments/beijing-2/records/count/played,7307,beijing-2,"Beijing",250,1997
https://stats.tennismylife.org/tournaments/beijing-2/records/count/entries,7307,beijing-2,"Beijing",250,1997
https://stats.tennismylife.org/tournaments/beijing-2/records/ages,7307,beijing-2,"Beijing",250,1997
https://stats.tennismylife.org/tournaments/beijing-2/records/ages/main,7307,beijing-2,"Beijing",250,1997
https://stats.tennismylife.org/tournaments/beijing-2/records/ages/titles,7307,beijing-2,"Beijing",250,1997
https://stats.tennismylife.org/tournaments/beijing-2/records/ages/oldestrounds,7307,beijing-2,"Beijing",250,1997
https://stats.tennismylife.org/tournaments/beijing-2/records/ages/youngestrounds,7307,beijing-2,"Beijing",250,1997
https://stats.tennismylife.org/tournaments/beijing-2/records/percentage,7307,beijing-2,"Beijing",250,1997
https://stats.tennismylife.org/tournaments/beijing-2/records/percentage/wins,7307,beijing-2,"Beijing",250,1997
https://stats.tennismylife.org/tournaments/beijing-2/records/percentage/rounds,7307,beijing-2,"Beijing",250,1997
https://stats.tennismylife.org/tournaments/beijing-2/records/streak,7307,beijing-2,"Beijing",250,1997
https://stats.tennismylife.org/tournaments/beijing-2/records/timespan,7307,beijing-2,"Beijing",250,1997
https://stats.tennismylife.org/tournaments/beijing-2/records/rounds,7307,beijing-2,"Beijing",250,1997
https://stats.tennismylife.org/tournaments/beijing-2/records/least,7307,beijing-2,"Beijing",250,1997
https://stats.tennismylife.org/tournaments/beijing-2/records/roundsonentries,7307,beijing-2,"Beijing",250,1997
https://stats.tennismylife.org/tournaments/berlin/records,9240,berlin,"Berlin",A,1979
https://stats.tennismylife.org/tournaments/berlin/records/count,9240,berlin,"Berlin",A,1979
https://stats.tennismylife.org/tournaments/berlin/records/count/titles,9240,berlin,"Berlin",A,1979
https://stats.tennismylife.org/tournaments/berlin/records/count/wins,9240,berlin,"Berlin",A,1979
https://stats.tennismylife.org/tournaments/berlin/records/count/played,9240,berlin,"Berlin",A,1979
https://stats.tennismylife.org/tournaments/berlin/records/count/entries,9240,berlin,"Berlin",A,1979
https://stats.tennismylife.org/tournaments/berlin/records/ages,9240,berlin,"Berlin",A,1979
https://stats.tennismylife.org/tournaments/berlin/records/ages/main,9240,berlin,"Berlin",A,1979
https://stats.tennismylife.org/tournaments/berlin/records/ages/titles,9240,berlin,"Berlin",A,1979
https://stats.tennismylife.org/tournaments/berlin/records/ages/oldestrounds,9240,berlin,"Berlin",A,1979
https://stats.tennismylife.org/tournaments/berlin/records/ages/youngestrounds,9240,berlin,"Berlin",A,1979
https://stats.tennismylife.org/tournaments/berlin/records/percentage,9240,berlin,"Berlin",A,1979
https://stats.tennismylife.org/tournaments/berlin/records/percentage/wins,9240,berlin,"Berlin",A,1979
https://stats.tennismylife.org/tournaments/berlin/records/percentage/rounds,9240,berlin,"Berlin",A,1979
https://stats.tennismylife.org/tournaments/berlin/records/streak,9240,berlin,"Berlin",A,1979
https://stats.tennismylife.org/tournaments/berlin/records/timespan,9240,berlin,"Berlin",A,1979
https://stats.tennismylife.org/tournaments/berlin/records/rounds,9240,berlin,"Berlin",A,1979
https://stats.tennismylife.org/tournaments/berlin/records/least,9240,berlin,"Berlin",A,1979
https://stats.tennismylife.org/tournaments/berlin/records/roundsonentries,9240,berlin,"Berlin",A,1979
https://stats.tennismylife.org/tournaments/bermuda/records,436,bermuda,"Bermuda",A|250,1996
https://stats.tennismylife.org/tournaments/bermuda/records/count,436,bermuda,"Bermuda",A|250,1996
https://stats.tennismylife.org/tournaments/bermuda/records/count/titles,436,bermuda,"Bermuda",A|250,1996
https://stats.tennismylife.org/tournaments/bermuda/records/count/wins,436,bermuda,"Bermuda",A|250,1996
https://stats.tennismylife.org/tournaments/bermuda/records/count/played,436,bermuda,"Bermuda",A|250,1996
https://stats.tennismylife.org/tournaments/bermuda/records/count/entries,436,bermuda,"Bermuda",A|250,1996
https://stats.tennismylife.org/tournaments/bermuda/records/ages,436,bermuda,"Bermuda",A|250,1996
https://stats.tennismylife.org/tournaments/bermuda/records/ages/main,436,bermuda,"Bermuda",A|250,1996
https://stats.tennismylife.org/tournaments/bermuda/records/ages/titles,436,bermuda,"Bermuda",A|250,1996
https://stats.tennismylife.org/tournaments/bermuda/records/ages/oldestrounds,436,bermuda,"Bermuda",A|250,1996
https://stats.tennismylife.org/tournaments/bermuda/records/ages/youngestrounds,436,bermuda,"Bermuda",A|250,1996
https://stats.tennismylife.org/tournaments/bermuda/records/percentage,436,bermuda,"Bermuda",A|250,1996
https://stats.tennismylife.org/tournaments/bermuda/records/percentage/wins,436,bermuda,"Bermuda",A|250,1996
https://stats.tennismylife.org/tournaments/bermuda/records/percentage/rounds,436,bermuda,"Bermuda",A|250,1996
https://stats.tennismylife.org/tournaments/bermuda/records/streak,436,bermuda,"Bermuda",A|250,1996
https://stats.tennismylife.org/tournaments/bermuda/records/timespan,436,bermuda,"Bermuda",A|250,1996
https://stats.tennismylife.org/tournaments/bermuda/records/rounds,436,bermuda,"Bermuda",A|250,1996
https://stats.tennismylife.org/tournaments/bermuda/records/least,436,bermuda,"Bermuda",A|250,1996
https://stats.tennismylife.org/tournaments/bermuda/records/roundsonentries,436,bermuda,"Bermuda",A|250,1996
https://stats.tennismylife.org/tournaments/bermuda-2/records,2014,bermuda-2,"Bermuda",A,1976
https://stats.tennismylife.org/tournaments/bermuda-2/records/count,2014,bermuda-2,"Bermuda",A,1976
https://stats.tennismylife.org/tournaments/bermuda-2/records/count/titles,2014,bermuda-2,"Bermuda",A,1976
https://stats.tennismylife.org/tournaments/bermuda-2/records/count/wins,2014,bermuda-2,"Bermuda",A,1976
https://stats.tennismylife.org/tournaments/bermuda-2/records/count/played,2014,bermuda-2,"Bermuda",A,1976
https://stats.tennismylife.org/tournaments/bermuda-2/records/count/entries,2014,bermuda-2,"Bermuda",A,1976
https://stats.tennismylife.org/tournaments/bermuda-2/records/ages,2014,bermuda-2,"Bermuda",A,1976
https://stats.tennismylife.org/tournaments/bermuda-2/records/ages/main,2014,bermuda-2,"Bermuda",A,1976
https://stats.tennismylife.org/tournaments/bermuda-2/records/ages/titles,2014,bermuda-2,"Bermuda",A,1976
https://stats.tennismylife.org/tournaments/bermuda-2/records/ages/oldestrounds,2014,bermuda-2,"Bermuda",A,1976
https://stats.tennismylife.org/tournaments/bermuda-2/records/ages/youngestrounds,2014,bermuda-2,"Bermuda",A,1976
https://stats.tennismylife.org/tournaments/bermuda-2/records/percentage,2014,bermuda-2,"Bermuda",A,1976
https://stats.tennismylife.org/tournaments/bermuda-2/records/percentage/wins,2014,bermuda-2,"Bermuda",A,1976
https://stats.tennismylife.org/tournaments/bermuda-2/records/percentage/rounds,2014,bermuda-2,"Bermuda",A,1976
https://stats.tennismylife.org/tournaments/bermuda-2/records/streak,2014,bermuda-2,"Bermuda",A,1976
https://stats.tennismylife.org/tournaments/bermuda-2/records/timespan,2014,bermuda-2,"Bermuda",A,1976
https://stats.tennismylife.org/tournaments/bermuda-2/records/rounds,2014,bermuda-2,"Bermuda",A,1976
https://stats.tennismylife.org/tournaments/bermuda-2/records/least,2014,bermuda-2,"Bermuda",A,1976
https://stats.tennismylife.org/tournaments/bermuda-2/records/roundsonentries,2014,bermuda-2,"Bermuda",A,1976
https://stats.tennismylife.org/tournaments/binghamton/records,9287,binghamton,"Binghamton",A,1969
https://stats.tennismylife.org/tournaments/binghamton/records/count,9287,binghamton,"Binghamton",A,1969
https://stats.tennismylife.org/tournaments/binghamton/records/count/titles,9287,binghamton,"Binghamton",A,1969
https://stats.tennismylife.org/tournaments/binghamton/records/count/wins,9287,binghamton,"Binghamton",A,1969
https://stats.tennismylife.org/tournaments/binghamton/records/count/played,9287,binghamton,"Binghamton",A,1969
https://stats.tennismylife.org/tournaments/binghamton/records/count/entries,9287,binghamton,"Binghamton",A,1969
https://stats.tennismylife.org/tournaments/binghamton/records/ages,9287,binghamton,"Binghamton",A,1969
https://stats.tennismylife.org/tournaments/binghamton/records/ages/main,9287,binghamton,"Binghamton",A,1969
https://stats.tennismylife.org/tournaments/binghamton/records/ages/titles,9287,binghamton,"Binghamton",A,1969
https://stats.tennismylife.org/tournaments/binghamton/records/ages/oldestrounds,9287,binghamton,"Binghamton",A,1969
https://stats.tennismylife.org/tournaments/binghamton/records/ages/youngestrounds,9287,binghamton,"Binghamton",A,1969
https://stats.tennismylife.org/tournaments/binghamton/records/percentage,9287,binghamton,"Binghamton",A,1969
https://stats.tennismylife.org/tournaments/binghamton/records/percentage/wins,9287,binghamton,"Binghamton",A,1969
https://stats.tennismylife.org/tournaments/binghamton/records/percentage/rounds,9287,binghamton,"Binghamton",A,1969
https://stats.tennismylife.org/tournaments/binghamton/records/streak,9287,binghamton,"Binghamton",A,1969
https://stats.tennismylife.org/tournaments/binghamton/records/timespan,9287,binghamton,"Binghamton",A,1969
https://stats.tennismylife.org/tournaments/binghamton/records/rounds,9287,binghamton,"Binghamton",A,1969
https://stats.tennismylife.org/tournaments/binghamton/records/least,9287,binghamton,"Binghamton",A,1969
https://stats.tennismylife.org/tournaments/binghamton/records/roundsonentries,9287,binghamton,"Binghamton",A,1969
https://stats.tennismylife.org/tournaments/birmingham/records,650,birmingham,"Birmingham",A,1976
https://stats.tennismylife.org/tournaments/birmingham/records/count,650,birmingham,"Birmingham",A,1976
https://stats.tennismylife.org/tournaments/birmingham/records/count/titles,650,birmingham,"Birmingham",A,1976
https://stats.tennismylife.org/tournaments/birmingham/records/count/wins,650,birmingham,"Birmingham",A,1976
https://stats.tennismylife.org/tournaments/birmingham/records/count/played,650,birmingham,"Birmingham",A,1976
https://stats.tennismylife.org/tournaments/birmingham/records/count/entries,650,birmingham,"Birmingham",A,1976
https://stats.tennismylife.org/tournaments/birmingham/records/ages,650,birmingham,"Birmingham",A,1976
https://stats.tennismylife.org/tournaments/birmingham/records/ages/main,650,birmingham,"Birmingham",A,1976
https://stats.tennismylife.org/tournaments/birmingham/records/ages/titles,650,birmingham,"Birmingham",A,1976
https://stats.tennismylife.org/tournaments/birmingham/records/ages/oldestrounds,650,birmingham,"Birmingham",A,1976
https://stats.tennismylife.org/tournaments/birmingham/records/ages/youngestrounds,650,birmingham,"Birmingham",A,1976
https://stats.tennismylife.org/tournaments/birmingham/records/percentage,650,birmingham,"Birmingham",A,1976
https://stats.tennismylife.org/tournaments/birmingham/records/percentage/wins,650,birmingham,"Birmingham",A,1976
https://stats.tennismylife.org/tournaments/birmingham/records/percentage/rounds,650,birmingham,"Birmingham",A,1976
https://stats.tennismylife.org/tournaments/birmingham/records/streak,650,birmingham,"Birmingham",A,1976
https://stats.tennismylife.org/tournaments/birmingham/records/timespan,650,birmingham,"Birmingham",A,1976
https://stats.tennismylife.org/tournaments/birmingham/records/rounds,650,birmingham,"Birmingham",A,1976
https://stats.tennismylife.org/tournaments/birmingham/records/least,650,birmingham,"Birmingham",A,1976
https://stats.tennismylife.org/tournaments/birmingham/records/roundsonentries,650,birmingham,"Birmingham",A,1976
https://stats.tennismylife.org/tournaments/birmingham-2/records,725,birmingham-2,"Birmingham-2",A,1978
https://stats.tennismylife.org/tournaments/birmingham-2/records/count,725,birmingham-2,"Birmingham-2",A,1978
https://stats.tennismylife.org/tournaments/birmingham-2/records/count/titles,725,birmingham-2,"Birmingham-2",A,1978
https://stats.tennismylife.org/tournaments/birmingham-2/records/count/wins,725,birmingham-2,"Birmingham-2",A,1978
https://stats.tennismylife.org/tournaments/birmingham-2/records/count/played,725,birmingham-2,"Birmingham-2",A,1978
https://stats.tennismylife.org/tournaments/birmingham-2/records/count/entries,725,birmingham-2,"Birmingham-2",A,1978
https://stats.tennismylife.org/tournaments/birmingham-2/records/ages,725,birmingham-2,"Birmingham-2",A,1978
https://stats.tennismylife.org/tournaments/birmingham-2/records/ages/main,725,birmingham-2,"Birmingham-2",A,1978
https://stats.tennismylife.org/tournaments/birmingham-2/records/ages/titles,725,birmingham-2,"Birmingham-2",A,1978
https://stats.tennismylife.org/tournaments/birmingham-2/records/ages/oldestrounds,725,birmingham-2,"Birmingham-2",A,1978
https://stats.tennismylife.org/tournaments/birmingham-2/records/ages/youngestrounds,725,birmingham-2,"Birmingham-2",A,1978
https://stats.tennismylife.org/tournaments/birmingham-2/records/percentage,725,birmingham-2,"Birmingham-2",A,1978
https://stats.tennismylife.org/tournaments/birmingham-2/records/percentage/wins,725,birmingham-2,"Birmingham-2",A,1978
https://stats.tennismylife.org/tournaments/birmingham-2/records/percentage/rounds,725,birmingham-2,"Birmingham-2",A,1978
https://stats.tennismylife.org/tournaments/birmingham-2/records/streak,725,birmingham-2,"Birmingham-2",A,1978
https://stats.tennismylife.org/tournaments/birmingham-2/records/timespan,725,birmingham-2,"Birmingham-2",A,1978
https://stats.tennismylife.org/tournaments/birmingham-2/records/rounds,725,birmingham-2,"Birmingham-2",A,1978
https://stats.tennismylife.org/tournaments/birmingham-2/records/least,725,birmingham-2,"Birmingham-2",A,1978
https://stats.tennismylife.org/tournaments/birmingham-2/records/roundsonentries,725,birmingham-2,"Birmingham-2",A,1978
https://stats.tennismylife.org/tournaments/birmingham-wct/records,712,birmingham-wct,"Birmingham WCT",A,1980
https://stats.tennismylife.org/tournaments/birmingham-wct/records/count,712,birmingham-wct,"Birmingham WCT",A,1980
https://stats.tennismylife.org/tournaments/birmingham-wct/records/count/titles,712,birmingham-wct,"Birmingham WCT",A,1980
https://stats.tennismylife.org/tournaments/birmingham-wct/records/count/wins,712,birmingham-wct,"Birmingham WCT",A,1980
https://stats.tennismylife.org/tournaments/birmingham-wct/records/count/played,712,birmingham-wct,"Birmingham WCT",A,1980
https://stats.tennismylife.org/tournaments/birmingham-wct/records/count/entries,712,birmingham-wct,"Birmingham WCT",A,1980
https://stats.tennismylife.org/tournaments/birmingham-wct/records/ages,712,birmingham-wct,"Birmingham WCT",A,1980
https://stats.tennismylife.org/tournaments/birmingham-wct/records/ages/main,712,birmingham-wct,"Birmingham WCT",A,1980
https://stats.tennismylife.org/tournaments/birmingham-wct/records/ages/titles,712,birmingham-wct,"Birmingham WCT",A,1980
https://stats.tennismylife.org/tournaments/birmingham-wct/records/ages/oldestrounds,712,birmingham-wct,"Birmingham WCT",A,1980
https://stats.tennismylife.org/tournaments/birmingham-wct/records/ages/youngestrounds,712,birmingham-wct,"Birmingham WCT",A,1980
https://stats.tennismylife.org/tournaments/birmingham-wct/records/percentage,712,birmingham-wct,"Birmingham WCT",A,1980
https://stats.tennismylife.org/tournaments/birmingham-wct/records/percentage/wins,712,birmingham-wct,"Birmingham WCT",A,1980
https://stats.tennismylife.org/tournaments/birmingham-wct/records/percentage/rounds,712,birmingham-wct,"Birmingham WCT",A,1980
https://stats.tennismylife.org/tournaments/birmingham-wct/records/streak,712,birmingham-wct,"Birmingham WCT",A,1980
https://stats.tennismylife.org/tournaments/birmingham-wct/records/timespan,712,birmingham-wct,"Birmingham WCT",A,1980
https://stats.tennismylife.org/tournaments/birmingham-wct/records/rounds,712,birmingham-wct,"Birmingham WCT",A,1980
https://stats.tennismylife.org/tournaments/birmingham-wct/records/least,712,birmingham-wct,"Birmingham WCT",A,1980
https://stats.tennismylife.org/tournaments/birmingham-wct/records/roundsonentries,712,birmingham-wct,"Birmingham WCT",A,1980
https://stats.tennismylife.org/tournaments/birmingham-wct-2/records,1506,birmingham-wct-2,"Birmingham WCT",A,1978
https://stats.tennismylife.org/tournaments/birmingham-wct-2/records/count,1506,birmingham-wct-2,"Birmingham WCT",A,1978
https://stats.tennismylife.org/tournaments/birmingham-wct-2/records/count/titles,1506,birmingham-wct-2,"Birmingham WCT",A,1978
https://stats.tennismylife.org/tournaments/birmingham-wct-2/records/count/wins,1506,birmingham-wct-2,"Birmingham WCT",A,1978
https://stats.tennismylife.org/tournaments/birmingham-wct-2/records/count/played,1506,birmingham-wct-2,"Birmingham WCT",A,1978
https://stats.tennismylife.org/tournaments/birmingham-wct-2/records/count/entries,1506,birmingham-wct-2,"Birmingham WCT",A,1978
https://stats.tennismylife.org/tournaments/birmingham-wct-2/records/ages,1506,birmingham-wct-2,"Birmingham WCT",A,1978
https://stats.tennismylife.org/tournaments/birmingham-wct-2/records/ages/main,1506,birmingham-wct-2,"Birmingham WCT",A,1978
https://stats.tennismylife.org/tournaments/birmingham-wct-2/records/ages/titles,1506,birmingham-wct-2,"Birmingham WCT",A,1978
https://stats.tennismylife.org/tournaments/birmingham-wct-2/records/ages/oldestrounds,1506,birmingham-wct-2,"Birmingham WCT",A,1978
https://stats.tennismylife.org/tournaments/birmingham-wct-2/records/ages/youngestrounds,1506,birmingham-wct-2,"Birmingham WCT",A,1978
https://stats.tennismylife.org/tournaments/birmingham-wct-2/records/percentage,1506,birmingham-wct-2,"Birmingham WCT",A,1978
https://stats.tennismylife.org/tournaments/birmingham-wct-2/records/percentage/wins,1506,birmingham-wct-2,"Birmingham WCT",A,1978
https://stats.tennismylife.org/tournaments/birmingham-wct-2/records/percentage/rounds,1506,birmingham-wct-2,"Birmingham WCT",A,1978
https://stats.tennismylife.org/tournaments/birmingham-wct-2/records/streak,1506,birmingham-wct-2,"Birmingham WCT",A,1978
https://stats.tennismylife.org/tournaments/birmingham-wct-2/records/timespan,1506,birmingham-wct-2,"Birmingham WCT",A,1978
https://stats.tennismylife.org/tournaments/birmingham-wct-2/records/rounds,1506,birmingham-wct-2,"Birmingham WCT",A,1978
https://stats.tennismylife.org/tournaments/birmingham-wct-2/records/least,1506,birmingham-wct-2,"Birmingham WCT",A,1978
https://stats.tennismylife.org/tournaments/birmingham-wct-2/records/roundsonentries,1506,birmingham-wct-2,"Birmingham WCT",A,1978
https://stats.tennismylife.org/tournaments/bloemfontein/records,9343,bloemfontein,"Bloemfontein",A,1968
https://stats.tennismylife.org/tournaments/bloemfontein/records/count,9343,bloemfontein,"Bloemfontein",A,1968
https://stats.tennismylife.org/tournaments/bloemfontein/records/count/titles,9343,bloemfontein,"Bloemfontein",A,1968
https://stats.tennismylife.org/tournaments/bloemfontein/records/count/wins,9343,bloemfontein,"Bloemfontein",A,1968
https://stats.tennismylife.org/tournaments/bloemfontein/records/count/played,9343,bloemfontein,"Bloemfontein",A,1968
https://stats.tennismylife.org/tournaments/bloemfontein/records/count/entries,9343,bloemfontein,"Bloemfontein",A,1968
https://stats.tennismylife.org/tournaments/bloemfontein/records/ages,9343,bloemfontein,"Bloemfontein",A,1968
https://stats.tennismylife.org/tournaments/bloemfontein/records/ages/main,9343,bloemfontein,"Bloemfontein",A,1968
https://stats.tennismylife.org/tournaments/bloemfontein/records/ages/titles,9343,bloemfontein,"Bloemfontein",A,1968
https://stats.tennismylife.org/tournaments/bloemfontein/records/ages/oldestrounds,9343,bloemfontein,"Bloemfontein",A,1968
https://stats.tennismylife.org/tournaments/bloemfontein/records/ages/youngestrounds,9343,bloemfontein,"Bloemfontein",A,1968
https://stats.tennismylife.org/tournaments/bloemfontein/records/percentage,9343,bloemfontein,"Bloemfontein",A,1968
https://stats.tennismylife.org/tournaments/bloemfontein/records/percentage/wins,9343,bloemfontein,"Bloemfontein",A,1968
https://stats.tennismylife.org/tournaments/bloemfontein/records/percentage/rounds,9343,bloemfontein,"Bloemfontein",A,1968
https://stats.tennismylife.org/tournaments/bloemfontein/records/streak,9343,bloemfontein,"Bloemfontein",A,1968
https://stats.tennismylife.org/tournaments/bloemfontein/records/timespan,9343,bloemfontein,"Bloemfontein",A,1968
https://stats.tennismylife.org/tournaments/bloemfontein/records/rounds,9343,bloemfontein,"Bloemfontein",A,1968
https://stats.tennismylife.org/tournaments/bloemfontein/records/least,9343,bloemfontein,"Bloemfontein",A,1968
https://stats.tennismylife.org/tournaments/bloemfontein/records/roundsonentries,9343,bloemfontein,"Bloemfontein",A,1968
https://stats.tennismylife.org/tournaments/boca-raton/records,718,boca-raton,"Boca Raton",A,1984
https://stats.tennismylife.org/tournaments/boca-raton/records/count,718,boca-raton,"Boca Raton",A,1984
https://stats.tennismylife.org/tournaments/boca-raton/records/count/titles,718,boca-raton,"Boca Raton",A,1984
https://stats.tennismylife.org/tournaments/boca-raton/records/count/wins,718,boca-raton,"Boca Raton",A,1984
https://stats.tennismylife.org/tournaments/boca-raton/records/count/played,718,boca-raton,"Boca Raton",A,1984
https://stats.tennismylife.org/tournaments/boca-raton/records/count/entries,718,boca-raton,"Boca Raton",A,1984
https://stats.tennismylife.org/tournaments/boca-raton/records/ages,718,boca-raton,"Boca Raton",A,1984
https://stats.tennismylife.org/tournaments/boca-raton/records/ages/main,718,boca-raton,"Boca Raton",A,1984
https://stats.tennismylife.org/tournaments/boca-raton/records/ages/titles,718,boca-raton,"Boca Raton",A,1984
https://stats.tennismylife.org/tournaments/boca-raton/records/ages/oldestrounds,718,boca-raton,"Boca Raton",A,1984
https://stats.tennismylife.org/tournaments/boca-raton/records/ages/youngestrounds,718,boca-raton,"Boca Raton",A,1984
https://stats.tennismylife.org/tournaments/boca-raton/records/percentage,718,boca-raton,"Boca Raton",A,1984
https://stats.tennismylife.org/tournaments/boca-raton/records/percentage/wins,718,boca-raton,"Boca Raton",A,1984
https://stats.tennismylife.org/tournaments/boca-raton/records/percentage/rounds,718,boca-raton,"Boca Raton",A,1984
https://stats.tennismylife.org/tournaments/boca-raton/records/streak,718,boca-raton,"Boca Raton",A,1984
https://stats.tennismylife.org/tournaments/boca-raton/records/timespan,718,boca-raton,"Boca Raton",A,1984
https://stats.tennismylife.org/tournaments/boca-raton/records/rounds,718,boca-raton,"Boca Raton",A,1984
https://stats.tennismylife.org/tournaments/boca-raton/records/least,718,boca-raton,"Boca Raton",A,1984
https://stats.tennismylife.org/tournaments/boca-raton/records/roundsonentries,718,boca-raton,"Boca Raton",A,1984
https://stats.tennismylife.org/tournaments/bogota/records,359,bogota,"Bogota",A|250,2001
https://stats.tennismylife.org/tournaments/bogota/records/count,359,bogota,"Bogota",A|250,2001
https://stats.tennismylife.org/tournaments/bogota/records/count/titles,359,bogota,"Bogota",A|250,2001
https://stats.tennismylife.org/tournaments/bogota/records/count/wins,359,bogota,"Bogota",A|250,2001
https://stats.tennismylife.org/tournaments/bogota/records/count/played,359,bogota,"Bogota",A|250,2001
https://stats.tennismylife.org/tournaments/bogota/records/count/entries,359,bogota,"Bogota",A|250,2001
https://stats.tennismylife.org/tournaments/bogota/records/ages,359,bogota,"Bogota",A|250,2001
https://stats.tennismylife.org/tournaments/bogota/records/ages/main,359,bogota,"Bogota",A|250,2001
https://stats.tennismylife.org/tournaments/bogota/records/ages/titles,359,bogota,"Bogota",A|250,2001
https://stats.tennismylife.org/tournaments/bogota/records/ages/oldestrounds,359,bogota,"Bogota",A|250,2001
https://stats.tennismylife.org/tournaments/bogota/records/ages/youngestrounds,359,bogota,"Bogota",A|250,2001
https://stats.tennismylife.org/tournaments/bogota/records/percentage,359,bogota,"Bogota",A|250,2001
https://stats.tennismylife.org/tournaments/bogota/records/percentage/wins,359,bogota,"Bogota",A|250,2001
https://stats.tennismylife.org/tournaments/bogota/records/percentage/rounds,359,bogota,"Bogota",A|250,2001
https://stats.tennismylife.org/tournaments/bogota/records/streak,359,bogota,"Bogota",A|250,2001
https://stats.tennismylife.org/tournaments/bogota/records/timespan,359,bogota,"Bogota",A|250,2001
https://stats.tennismylife.org/tournaments/bogota/records/rounds,359,bogota,"Bogota",A|250,2001
https://stats.tennismylife.org/tournaments/bogota/records/least,359,bogota,"Bogota",A|250,2001
https://stats.tennismylife.org/tournaments/bogota/records/roundsonentries,359,bogota,"Bogota",A|250,2001
https://stats.tennismylife.org/tournaments/bogota-2/records,6718,bogota-2,"Bogota",250,2015
https://stats.tennismylife.org/tournaments/bogota-2/records/count,6718,bogota-2,"Bogota",250,2015
https://stats.tennismylife.org/tournaments/bogota-2/records/count/titles,6718,bogota-2,"Bogota",250,2015
https://stats.tennismylife.org/tournaments/bogota-2/records/count/wins,6718,bogota-2,"Bogota",250,2015
https://stats.tennismylife.org/tournaments/bogota-2/records/count/played,6718,bogota-2,"Bogota",250,2015
https://stats.tennismylife.org/tournaments/bogota-2/records/count/entries,6718,bogota-2,"Bogota",250,2015
https://stats.tennismylife.org/tournaments/bogota-2/records/ages,6718,bogota-2,"Bogota",250,2015
https://stats.tennismylife.org/tournaments/bogota-2/records/ages/main,6718,bogota-2,"Bogota",250,2015
https://stats.tennismylife.org/tournaments/bogota-2/records/ages/titles,6718,bogota-2,"Bogota",250,2015
https://stats.tennismylife.org/tournaments/bogota-2/records/ages/oldestrounds,6718,bogota-2,"Bogota",250,2015
https://stats.tennismylife.org/tournaments/bogota-2/records/ages/youngestrounds,6718,bogota-2,"Bogota",250,2015
https://stats.tennismylife.org/tournaments/bogota-2/records/percentage,6718,bogota-2,"Bogota",250,2015
https://stats.tennismylife.org/tournaments/bogota-2/records/percentage/wins,6718,bogota-2,"Bogota",250,2015
https://stats.tennismylife.org/tournaments/bogota-2/records/percentage/rounds,6718,bogota-2,"Bogota",250,2015
https://stats.tennismylife.org/tournaments/bogota-2/records/streak,6718,bogota-2,"Bogota",250,2015
https://stats.tennismylife.org/tournaments/bogota-2/records/timespan,6718,bogota-2,"Bogota",250,2015
https://stats.tennismylife.org/tournaments/bogota-2/records/rounds,6718,bogota-2,"Bogota",250,2015
https://stats.tennismylife.org/tournaments/bogota-2/records/least,6718,bogota-2,"Bogota",250,2015
https://stats.tennismylife.org/tournaments/bogota-2/records/roundsonentries,6718,bogota-2,"Bogota",250,2015
https://stats.tennismylife.org/tournaments/bogota-ntl/records,9305,bogota-ntl,"Bogota NTL",A,1968
https://stats.tennismylife.org/tournaments/bogota-ntl/records/count,9305,bogota-ntl,"Bogota NTL",A,1968
https://stats.tennismylife.org/tournaments/bogota-ntl/records/count/titles,9305,bogota-ntl,"Bogota NTL",A,1968
https://stats.tennismylife.org/tournaments/bogota-ntl/records/count/wins,9305,bogota-ntl,"Bogota NTL",A,1968
https://stats.tennismylife.org/tournaments/bogota-ntl/records/count/played,9305,bogota-ntl,"Bogota NTL",A,1968
https://stats.tennismylife.org/tournaments/bogota-ntl/records/count/entries,9305,bogota-ntl,"Bogota NTL",A,1968
https://stats.tennismylife.org/tournaments/bogota-ntl/records/ages,9305,bogota-ntl,"Bogota NTL",A,1968
https://stats.tennismylife.org/tournaments/bogota-ntl/records/ages/main,9305,bogota-ntl,"Bogota NTL",A,1968
https://stats.tennismylife.org/tournaments/bogota-ntl/records/ages/titles,9305,bogota-ntl,"Bogota NTL",A,1968
https://stats.tennismylife.org/tournaments/bogota-ntl/records/ages/oldestrounds,9305,bogota-ntl,"Bogota NTL",A,1968
https://stats.tennismylife.org/tournaments/bogota-ntl/records/ages/youngestrounds,9305,bogota-ntl,"Bogota NTL",A,1968
https://stats.tennismylife.org/tournaments/bogota-ntl/records/percentage,9305,bogota-ntl,"Bogota NTL",A,1968
https://stats.tennismylife.org/tournaments/bogota-ntl/records/percentage/wins,9305,bogota-ntl,"Bogota NTL",A,1968
https://stats.tennismylife.org/tournaments/bogota-ntl/records/percentage/rounds,9305,bogota-ntl,"Bogota NTL",A,1968
https://stats.tennismylife.org/tournaments/bogota-ntl/records/streak,9305,bogota-ntl,"Bogota NTL",A,1968
https://stats.tennismylife.org/tournaments/bogota-ntl/records/timespan,9305,bogota-ntl,"Bogota NTL",A,1968
https://stats.tennismylife.org/tournaments/bogota-ntl/records/rounds,9305,bogota-ntl,"Bogota NTL",A,1968
https://stats.tennismylife.org/tournaments/bogota-ntl/records/least,9305,bogota-ntl,"Bogota NTL",A,1968
https://stats.tennismylife.org/tournaments/bogota-ntl/records/roundsonentries,9305,bogota-ntl,"Bogota NTL",A,1968
https://stats.tennismylife.org/tournaments/bologna/records,312,bologna,"Bologna",A|250,1998
https://stats.tennismylife.org/tournaments/bologna/records/count,312,bologna,"Bologna",A|250,1998
https://stats.tennismylife.org/tournaments/bologna/records/count/titles,312,bologna,"Bologna",A|250,1998
https://stats.tennismylife.org/tournaments/bologna/records/count/wins,312,bologna,"Bologna",A|250,1998
https://stats.tennismylife.org/tournaments/bologna/records/count/played,312,bologna,"Bologna",A|250,1998
https://stats.tennismylife.org/tournaments/bologna/records/count/entries,312,bologna,"Bologna",A|250,1998
https://stats.tennismylife.org/tournaments/bologna/records/ages,312,bologna,"Bologna",A|250,1998
https://stats.tennismylife.org/tournaments/bologna/records/ages/main,312,bologna,"Bologna",A|250,1998
https://stats.tennismylife.org/tournaments/bologna/records/ages/titles,312,bologna,"Bologna",A|250,1998
https://stats.tennismylife.org/tournaments/bologna/records/ages/oldestrounds,312,bologna,"Bologna",A|250,1998
https://stats.tennismylife.org/tournaments/bologna/records/ages/youngestrounds,312,bologna,"Bologna",A|250,1998
https://stats.tennismylife.org/tournaments/bologna/records/percentage,312,bologna,"Bologna",A|250,1998
https://stats.tennismylife.org/tournaments/bologna/records/percentage/wins,312,bologna,"Bologna",A|250,1998
https://stats.tennismylife.org/tournaments/bologna/records/percentage/rounds,312,bologna,"Bologna",A|250,1998
https://stats.tennismylife.org/tournaments/bologna/records/streak,312,bologna,"Bologna",A|250,1998
https://stats.tennismylife.org/tournaments/bologna/records/timespan,312,bologna,"Bologna",A|250,1998
https://stats.tennismylife.org/tournaments/bologna/records/rounds,312,bologna,"Bologna",A|250,1998
https://stats.tennismylife.org/tournaments/bologna/records/least,312,bologna,"Bologna",A|250,1998
https://stats.tennismylife.org/tournaments/bologna/records/roundsonentries,312,bologna,"Bologna",A|250,1998
https://stats.tennismylife.org/tournaments/bombay/records,1729,bombay,"Bombay",A,1979
https://stats.tennismylife.org/tournaments/bombay/records/count,1729,bombay,"Bombay",A,1979
https://stats.tennismylife.org/tournaments/bombay/records/count/titles,1729,bombay,"Bombay",A,1979
https://stats.tennismylife.org/tournaments/bombay/records/count/wins,1729,bombay,"Bombay",A,1979
https://stats.tennismylife.org/tournaments/bombay/records/count/played,1729,bombay,"Bombay",A,1979
https://stats.tennismylife.org/tournaments/bombay/records/count/entries,1729,bombay,"Bombay",A,1979
https://stats.tennismylife.org/tournaments/bombay/records/ages,1729,bombay,"Bombay",A,1979
https://stats.tennismylife.org/tournaments/bombay/records/ages/main,1729,bombay,"Bombay",A,1979
https://stats.tennismylife.org/tournaments/bombay/records/ages/titles,1729,bombay,"Bombay",A,1979
https://stats.tennismylife.org/tournaments/bombay/records/ages/oldestrounds,1729,bombay,"Bombay",A,1979
https://stats.tennismylife.org/tournaments/bombay/records/ages/youngestrounds,1729,bombay,"Bombay",A,1979
https://stats.tennismylife.org/tournaments/bombay/records/percentage,1729,bombay,"Bombay",A,1979
https://stats.tennismylife.org/tournaments/bombay/records/percentage/wins,1729,bombay,"Bombay",A,1979
https://stats.tennismylife.org/tournaments/bombay/records/percentage/rounds,1729,bombay,"Bombay",A,1979
https://stats.tennismylife.org/tournaments/bombay/records/streak,1729,bombay,"Bombay",A,1979
https://stats.tennismylife.org/tournaments/bombay/records/timespan,1729,bombay,"Bombay",A,1979
https://stats.tennismylife.org/tournaments/bombay/records/rounds,1729,bombay,"Bombay",A,1979
https://stats.tennismylife.org/tournaments/bombay/records/least,1729,bombay,"Bombay",A,1979
https://stats.tennismylife.org/tournaments/bombay/records/roundsonentries,1729,bombay,"Bombay",A,1979
https://stats.tennismylife.org/tournaments/bordeaux/records,323,bordeaux,"Bordeaux",A|250,1995
https://stats.tennismylife.org/tournaments/bordeaux/records/count,323,bordeaux,"Bordeaux",A|250,1995
https://stats.tennismylife.org/tournaments/bordeaux/records/count/titles,323,bordeaux,"Bordeaux",A|250,1995
https://stats.tennismylife.org/tournaments/bordeaux/records/count/wins,323,bordeaux,"Bordeaux",A|250,1995
https://stats.tennismylife.org/tournaments/bordeaux/records/count/played,323,bordeaux,"Bordeaux",A|250,1995
https://stats.tennismylife.org/tournaments/bordeaux/records/count/entries,323,bordeaux,"Bordeaux",A|250,1995
https://stats.tennismylife.org/tournaments/bordeaux/records/ages,323,bordeaux,"Bordeaux",A|250,1995
https://stats.tennismylife.org/tournaments/bordeaux/records/ages/main,323,bordeaux,"Bordeaux",A|250,1995
https://stats.tennismylife.org/tournaments/bordeaux/records/ages/titles,323,bordeaux,"Bordeaux",A|250,1995
https://stats.tennismylife.org/tournaments/bordeaux/records/ages/oldestrounds,323,bordeaux,"Bordeaux",A|250,1995
https://stats.tennismylife.org/tournaments/bordeaux/records/ages/youngestrounds,323,bordeaux,"Bordeaux",A|250,1995
https://stats.tennismylife.org/tournaments/bordeaux/records/percentage,323,bordeaux,"Bordeaux",A|250,1995
https://stats.tennismylife.org/tournaments/bordeaux/records/percentage/wins,323,bordeaux,"Bordeaux",A|250,1995
https://stats.tennismylife.org/tournaments/bordeaux/records/percentage/rounds,323,bordeaux,"Bordeaux",A|250,1995
https://stats.tennismylife.org/tournaments/bordeaux/records/streak,323,bordeaux,"Bordeaux",A|250,1995
https://stats.tennismylife.org/tournaments/bordeaux/records/timespan,323,bordeaux,"Bordeaux",A|250,1995
https://stats.tennismylife.org/tournaments/bordeaux/records/rounds,323,bordeaux,"Bordeaux",A|250,1995
https://stats.tennismylife.org/tournaments/bordeaux/records/least,323,bordeaux,"Bordeaux",A|250,1995
https://stats.tennismylife.org/tournaments/bordeaux/records/roundsonentries,323,bordeaux,"Bordeaux",A|250,1995
https://stats.tennismylife.org/tournaments/boston/records,80,boston,"Boston",250,1999
https://stats.tennismylife.org/tournaments/boston/records/count,80,boston,"Boston",250,1999
https://stats.tennismylife.org/tournaments/boston/records/count/titles,80,boston,"Boston",250,1999
https://stats.tennismylife.org/tournaments/boston/records/count/wins,80,boston,"Boston",250,1999
https://stats.tennismylife.org/tournaments/boston/records/count/played,80,boston,"Boston",250,1999
https://stats.tennismylife.org/tournaments/boston/records/count/entries,80,boston,"Boston",250,1999
https://stats.tennismylife.org/tournaments/boston/records/ages,80,boston,"Boston",250,1999
https://stats.tennismylife.org/tournaments/boston/records/ages/main,80,boston,"Boston",250,1999
https://stats.tennismylife.org/tournaments/boston/records/ages/titles,80,boston,"Boston",250,1999
https://stats.tennismylife.org/tournaments/boston/records/ages/oldestrounds,80,boston,"Boston",250,1999
https://stats.tennismylife.org/tournaments/boston/records/ages/youngestrounds,80,boston,"Boston",250,1999
https://stats.tennismylife.org/tournaments/boston/records/percentage,80,boston,"Boston",250,1999
https://stats.tennismylife.org/tournaments/boston/records/percentage/wins,80,boston,"Boston",250,1999
https://stats.tennismylife.org/tournaments/boston/records/percentage/rounds,80,boston,"Boston",250,1999
https://stats.tennismylife.org/tournaments/boston/records/streak,80,boston,"Boston",250,1999
https://stats.tennismylife.org/tournaments/boston/records/timespan,80,boston,"Boston",250,1999
https://stats.tennismylife.org/tournaments/boston/records/rounds,80,boston,"Boston",250,1999
https://stats.tennismylife.org/tournaments/boston/records/least,80,boston,"Boston",250,1999
https://stats.tennismylife.org/tournaments/boston/records/roundsonentries,80,boston,"Boston",250,1999
https://stats.tennismylife.org/tournaments/boston-1/records,3943,boston-1,"Boston-1",A,1969
https://stats.tennismylife.org/tournaments/boston-1/records/count,3943,boston-1,"Boston-1",A,1969
https://stats.tennismylife.org/tournaments/boston-1/records/count/titles,3943,boston-1,"Boston-1",A,1969
https://stats.tennismylife.org/tournaments/boston-1/records/count/wins,3943,boston-1,"Boston-1",A,1969
https://stats.tennismylife.org/tournaments/boston-1/records/count/played,3943,boston-1,"Boston-1",A,1969
https://stats.tennismylife.org/tournaments/boston-1/records/count/entries,3943,boston-1,"Boston-1",A,1969
https://stats.tennismylife.org/tournaments/boston-1/records/ages,3943,boston-1,"Boston-1",A,1969
https://stats.tennismylife.org/tournaments/boston-1/records/ages/main,3943,boston-1,"Boston-1",A,1969
https://stats.tennismylife.org/tournaments/boston-1/records/ages/titles,3943,boston-1,"Boston-1",A,1969
https://stats.tennismylife.org/tournaments/boston-1/records/ages/oldestrounds,3943,boston-1,"Boston-1",A,1969
https://stats.tennismylife.org/tournaments/boston-1/records/ages/youngestrounds,3943,boston-1,"Boston-1",A,1969
https://stats.tennismylife.org/tournaments/boston-1/records/percentage,3943,boston-1,"Boston-1",A,1969
https://stats.tennismylife.org/tournaments/boston-1/records/percentage/wins,3943,boston-1,"Boston-1",A,1969
https://stats.tennismylife.org/tournaments/boston-1/records/percentage/rounds,3943,boston-1,"Boston-1",A,1969
https://stats.tennismylife.org/tournaments/boston-1/records/streak,3943,boston-1,"Boston-1",A,1969
https://stats.tennismylife.org/tournaments/boston-1/records/timespan,3943,boston-1,"Boston-1",A,1969
https://stats.tennismylife.org/tournaments/boston-1/records/rounds,3943,boston-1,"Boston-1",A,1969
https://stats.tennismylife.org/tournaments/boston-1/records/least,3943,boston-1,"Boston-1",A,1969
https://stats.tennismylife.org/tournaments/boston-1/records/roundsonentries,3943,boston-1,"Boston-1",A,1969
https://stats.tennismylife.org/tournaments/boston-2/records,417,boston-2,"Boston",A,1989
https://stats.tennismylife.org/tournaments/boston-2/records/count,417,boston-2,"Boston",A,1989
https://stats.tennismylife.org/tournaments/boston-2/records/count/titles,417,boston-2,"Boston",A,1989
https://stats.tennismylife.org/tournaments/boston-2/records/count/wins,417,boston-2,"Boston",A,1989
https://stats.tennismylife.org/tournaments/boston-2/records/count/played,417,boston-2,"Boston",A,1989
https://stats.tennismylife.org/tournaments/boston-2/records/count/entries,417,boston-2,"Boston",A,1989
https://stats.tennismylife.org/tournaments/boston-2/records/ages,417,boston-2,"Boston",A,1989
https://stats.tennismylife.org/tournaments/boston-2/records/ages/main,417,boston-2,"Boston",A,1989
https://stats.tennismylife.org/tournaments/boston-2/records/ages/titles,417,boston-2,"Boston",A,1989
https://stats.tennismylife.org/tournaments/boston-2/records/ages/oldestrounds,417,boston-2,"Boston",A,1989
https://stats.tennismylife.org/tournaments/boston-2/records/ages/youngestrounds,417,boston-2,"Boston",A,1989
https://stats.tennismylife.org/tournaments/boston-2/records/percentage,417,boston-2,"Boston",A,1989
https://stats.tennismylife.org/tournaments/boston-2/records/percentage/wins,417,boston-2,"Boston",A,1989
https://stats.tennismylife.org/tournaments/boston-2/records/percentage/rounds,417,boston-2,"Boston",A,1989
https://stats.tennismylife.org/tournaments/boston-2/records/streak,417,boston-2,"Boston",A,1989
https://stats.tennismylife.org/tournaments/boston-2/records/timespan,417,boston-2,"Boston",A,1989
https://stats.tennismylife.org/tournaments/boston-2/records/rounds,417,boston-2,"Boston",A,1989
https://stats.tennismylife.org/tournaments/boston-2/records/least,417,boston-2,"Boston",A,1989
https://stats.tennismylife.org/tournaments/boston-2/records/roundsonentries,417,boston-2,"Boston",A,1989
https://stats.tennismylife.org/tournaments/bournemouth/records,347,bournemouth,"Bournemouth",A,1983
https://stats.tennismylife.org/tournaments/bournemouth/records/count,347,bournemouth,"Bournemouth",A,1983
https://stats.tennismylife.org/tournaments/bournemouth/records/count/titles,347,bournemouth,"Bournemouth",A,1983
https://stats.tennismylife.org/tournaments/bournemouth/records/count/wins,347,bournemouth,"Bournemouth",A,1983
https://stats.tennismylife.org/tournaments/bournemouth/records/count/played,347,bournemouth,"Bournemouth",A,1983
https://stats.tennismylife.org/tournaments/bournemouth/records/count/entries,347,bournemouth,"Bournemouth",A,1983
https://stats.tennismylife.org/tournaments/bournemouth/records/ages,347,bournemouth,"Bournemouth",A,1983
https://stats.tennismylife.org/tournaments/bournemouth/records/ages/main,347,bournemouth,"Bournemouth",A,1983
https://stats.tennismylife.org/tournaments/bournemouth/records/ages/titles,347,bournemouth,"Bournemouth",A,1983
https://stats.tennismylife.org/tournaments/bournemouth/records/ages/oldestrounds,347,bournemouth,"Bournemouth",A,1983
https://stats.tennismylife.org/tournaments/bournemouth/records/ages/youngestrounds,347,bournemouth,"Bournemouth",A,1983
https://stats.tennismylife.org/tournaments/bournemouth/records/percentage,347,bournemouth,"Bournemouth",A,1983
https://stats.tennismylife.org/tournaments/bournemouth/records/percentage/wins,347,bournemouth,"Bournemouth",A,1983
https://stats.tennismylife.org/tournaments/bournemouth/records/percentage/rounds,347,bournemouth,"Bournemouth",A,1983
https://stats.tennismylife.org/tournaments/bournemouth/records/streak,347,bournemouth,"Bournemouth",A,1983
https://stats.tennismylife.org/tournaments/bournemouth/records/timespan,347,bournemouth,"Bournemouth",A,1983
https://stats.tennismylife.org/tournaments/bournemouth/records/rounds,347,bournemouth,"Bournemouth",A,1983
https://stats.tennismylife.org/tournaments/bournemouth/records/least,347,bournemouth,"Bournemouth",A,1983
https://stats.tennismylife.org/tournaments/bournemouth/records/roundsonentries,347,bournemouth,"Bournemouth",A,1983
https://stats.tennismylife.org/tournaments/bournemouth-2/records,3938,bournemouth-2,"Bournemouth",A,1969
https://stats.tennismylife.org/tournaments/bournemouth-2/records/count,3938,bournemouth-2,"Bournemouth",A,1969
https://stats.tennismylife.org/tournaments/bournemouth-2/records/count/titles,3938,bournemouth-2,"Bournemouth",A,1969
https://stats.tennismylife.org/tournaments/bournemouth-2/records/count/wins,3938,bournemouth-2,"Bournemouth",A,1969
https://stats.tennismylife.org/tournaments/bournemouth-2/records/count/played,3938,bournemouth-2,"Bournemouth",A,1969
https://stats.tennismylife.org/tournaments/bournemouth-2/records/count/entries,3938,bournemouth-2,"Bournemouth",A,1969
https://stats.tennismylife.org/tournaments/bournemouth-2/records/ages,3938,bournemouth-2,"Bournemouth",A,1969
https://stats.tennismylife.org/tournaments/bournemouth-2/records/ages/main,3938,bournemouth-2,"Bournemouth",A,1969
https://stats.tennismylife.org/tournaments/bournemouth-2/records/ages/titles,3938,bournemouth-2,"Bournemouth",A,1969
https://stats.tennismylife.org/tournaments/bournemouth-2/records/ages/oldestrounds,3938,bournemouth-2,"Bournemouth",A,1969
https://stats.tennismylife.org/tournaments/bournemouth-2/records/ages/youngestrounds,3938,bournemouth-2,"Bournemouth",A,1969
https://stats.tennismylife.org/tournaments/bournemouth-2/records/percentage,3938,bournemouth-2,"Bournemouth",A,1969
https://stats.tennismylife.org/tournaments/bournemouth-2/records/percentage/wins,3938,bournemouth-2,"Bournemouth",A,1969
https://stats.tennismylife.org/tournaments/bournemouth-2/records/percentage/rounds,3938,bournemouth-2,"Bournemouth",A,1969
https://stats.tennismylife.org/tournaments/bournemouth-2/records/streak,3938,bournemouth-2,"Bournemouth",A,1969
https://stats.tennismylife.org/tournaments/bournemouth-2/records/timespan,3938,bournemouth-2,"Bournemouth",A,1969
https://stats.tennismylife.org/tournaments/bournemouth-2/records/rounds,3938,bournemouth-2,"Bournemouth",A,1969
https://stats.tennismylife.org/tournaments/bournemouth-2/records/least,3938,bournemouth-2,"Bournemouth",A,1969
https://stats.tennismylife.org/tournaments/bournemouth-2/records/roundsonentries,3938,bournemouth-2,"Bournemouth",A,1969
https://stats.tennismylife.org/tournaments/brasilia/records,463,brasilia,"Brasilia",250,1991
https://stats.tennismylife.org/tournaments/brasilia/records/count,463,brasilia,"Brasilia",250,1991
https://stats.tennismylife.org/tournaments/brasilia/records/count/titles,463,brasilia,"Brasilia",250,1991
https://stats.tennismylife.org/tournaments/brasilia/records/count/wins,463,brasilia,"Brasilia",250,1991
https://stats.tennismylife.org/tournaments/brasilia/records/count/played,463,brasilia,"Brasilia",250,1991
https://stats.tennismylife.org/tournaments/brasilia/records/count/entries,463,brasilia,"Brasilia",250,1991
https://stats.tennismylife.org/tournaments/brasilia/records/ages,463,brasilia,"Brasilia",250,1991
https://stats.tennismylife.org/tournaments/brasilia/records/ages/main,463,brasilia,"Brasilia",250,1991
https://stats.tennismylife.org/tournaments/brasilia/records/ages/titles,463,brasilia,"Brasilia",250,1991
https://stats.tennismylife.org/tournaments/brasilia/records/ages/oldestrounds,463,brasilia,"Brasilia",250,1991
https://stats.tennismylife.org/tournaments/brasilia/records/ages/youngestrounds,463,brasilia,"Brasilia",250,1991
https://stats.tennismylife.org/tournaments/brasilia/records/percentage,463,brasilia,"Brasilia",250,1991
https://stats.tennismylife.org/tournaments/brasilia/records/percentage/wins,463,brasilia,"Brasilia",250,1991
https://stats.tennismylife.org/tournaments/brasilia/records/percentage/rounds,463,brasilia,"Brasilia",250,1991
https://stats.tennismylife.org/tournaments/brasilia/records/streak,463,brasilia,"Brasilia",250,1991
https://stats.tennismylife.org/tournaments/brasilia/records/timespan,463,brasilia,"Brasilia",250,1991
https://stats.tennismylife.org/tournaments/brasilia/records/rounds,463,brasilia,"Brasilia",250,1991
https://stats.tennismylife.org/tournaments/brasilia/records/least,463,brasilia,"Brasilia",250,1991
https://stats.tennismylife.org/tournaments/brasilia/records/roundsonentries,463,brasilia,"Brasilia",250,1991
https://stats.tennismylife.org/tournaments/bretton-woods/records,706,bretton-woods,"Bretton Woods",A,1974
https://stats.tennismylife.org/tournaments/bretton-woods/records/count,706,bretton-woods,"Bretton Woods",A,1974
https://stats.tennismylife.org/tournaments/bretton-woods/records/count/titles,706,bretton-woods,"Bretton Woods",A,1974
https://stats.tennismylife.org/tournaments/bretton-woods/records/count/wins,706,bretton-woods,"Bretton Woods",A,1974
https://stats.tennismylife.org/tournaments/bretton-woods/records/count/played,706,bretton-woods,"Bretton Woods",A,1974
https://stats.tennismylife.org/tournaments/bretton-woods/records/count/entries,706,bretton-woods,"Bretton Woods",A,1974
https://stats.tennismylife.org/tournaments/bretton-woods/records/ages,706,bretton-woods,"Bretton Woods",A,1974
https://stats.tennismylife.org/tournaments/bretton-woods/records/ages/main,706,bretton-woods,"Bretton Woods",A,1974
https://stats.tennismylife.org/tournaments/bretton-woods/records/ages/titles,706,bretton-woods,"Bretton Woods",A,1974
https://stats.tennismylife.org/tournaments/bretton-woods/records/ages/oldestrounds,706,bretton-woods,"Bretton Woods",A,1974
https://stats.tennismylife.org/tournaments/bretton-woods/records/ages/youngestrounds,706,bretton-woods,"Bretton Woods",A,1974
https://stats.tennismylife.org/tournaments/bretton-woods/records/percentage,706,bretton-woods,"Bretton Woods",A,1974
https://stats.tennismylife.org/tournaments/bretton-woods/records/percentage/wins,706,bretton-woods,"Bretton Woods",A,1974
https://stats.tennismylife.org/tournaments/bretton-woods/records/percentage/rounds,706,bretton-woods,"Bretton Woods",A,1974
https://stats.tennismylife.org/tournaments/bretton-woods/records/streak,706,bretton-woods,"Bretton Woods",A,1974
https://stats.tennismylife.org/tournaments/bretton-woods/records/timespan,706,bretton-woods,"Bretton Woods",A,1974
https://stats.tennismylife.org/tournaments/bretton-woods/records/rounds,706,bretton-woods,"Bretton Woods",A,1974
https://stats.tennismylife.org/tournaments/bretton-woods/records/least,706,bretton-woods,"Bretton Woods",A,1974
https://stats.tennismylife.org/tournaments/bretton-woods/records/roundsonentries,706,bretton-woods,"Bretton Woods",A,1974
https://stats.tennismylife.org/tournaments/brighton/records,620,brighton,"Brighton",250,2000
https://stats.tennismylife.org/tournaments/brighton/records/count,620,brighton,"Brighton",250,2000
https://stats.tennismylife.org/tournaments/brighton/records/count/titles,620,brighton,"Brighton",250,2000
https://stats.tennismylife.org/tournaments/brighton/records/count/wins,620,brighton,"Brighton",250,2000
https://stats.tennismylife.org/tournaments/brighton/records/count/played,620,brighton,"Brighton",250,2000
https://stats.tennismylife.org/tournaments/brighton/records/count/entries,620,brighton,"Brighton",250,2000
https://stats.tennismylife.org/tournaments/brighton/records/ages,620,brighton,"Brighton",250,2000
https://stats.tennismylife.org/tournaments/brighton/records/ages/main,620,brighton,"Brighton",250,2000
https://stats.tennismylife.org/tournaments/brighton/records/ages/titles,620,brighton,"Brighton",250,2000
https://stats.tennismylife.org/tournaments/brighton/records/ages/oldestrounds,620,brighton,"Brighton",250,2000
https://stats.tennismylife.org/tournaments/brighton/records/ages/youngestrounds,620,brighton,"Brighton",250,2000
https://stats.tennismylife.org/tournaments/brighton/records/percentage,620,brighton,"Brighton",250,2000
https://stats.tennismylife.org/tournaments/brighton/records/percentage/wins,620,brighton,"Brighton",250,2000
https://stats.tennismylife.org/tournaments/brighton/records/percentage/rounds,620,brighton,"Brighton",250,2000
https://stats.tennismylife.org/tournaments/brighton/records/streak,620,brighton,"Brighton",250,2000
https://stats.tennismylife.org/tournaments/brighton/records/timespan,620,brighton,"Brighton",250,2000
https://stats.tennismylife.org/tournaments/brighton/records/rounds,620,brighton,"Brighton",250,2000
https://stats.tennismylife.org/tournaments/brighton/records/least,620,brighton,"Brighton",250,2000
https://stats.tennismylife.org/tournaments/brighton/records/roundsonentries,620,brighton,"Brighton",250,2000
https://stats.tennismylife.org/tournaments/brisbane-2/records,9341,brisbane-2,"Brisbane",A,1972
https://stats.tennismylife.org/tournaments/brisbane-2/records/count,9341,brisbane-2,"Brisbane",A,1972
https://stats.tennismylife.org/tournaments/brisbane-2/records/count/titles,9341,brisbane-2,"Brisbane",A,1972
https://stats.tennismylife.org/tournaments/brisbane-2/records/count/wins,9341,brisbane-2,"Brisbane",A,1972
https://stats.tennismylife.org/tournaments/brisbane-2/records/count/played,9341,brisbane-2,"Brisbane",A,1972
https://stats.tennismylife.org/tournaments/brisbane-2/records/count/entries,9341,brisbane-2,"Brisbane",A,1972
https://stats.tennismylife.org/tournaments/brisbane-2/records/ages,9341,brisbane-2,"Brisbane",A,1972
https://stats.tennismylife.org/tournaments/brisbane-2/records/ages/main,9341,brisbane-2,"Brisbane",A,1972
https://stats.tennismylife.org/tournaments/brisbane-2/records/ages/titles,9341,brisbane-2,"Brisbane",A,1972
https://stats.tennismylife.org/tournaments/brisbane-2/records/ages/oldestrounds,9341,brisbane-2,"Brisbane",A,1972
https://stats.tennismylife.org/tournaments/brisbane-2/records/ages/youngestrounds,9341,brisbane-2,"Brisbane",A,1972
https://stats.tennismylife.org/tournaments/brisbane-2/records/percentage,9341,brisbane-2,"Brisbane",A,1972
https://stats.tennismylife.org/tournaments/brisbane-2/records/percentage/wins,9341,brisbane-2,"Brisbane",A,1972
https://stats.tennismylife.org/tournaments/brisbane-2/records/percentage/rounds,9341,brisbane-2,"Brisbane",A,1972
https://stats.tennismylife.org/tournaments/brisbane-2/records/streak,9341,brisbane-2,"Brisbane",A,1972
https://stats.tennismylife.org/tournaments/brisbane-2/records/timespan,9341,brisbane-2,"Brisbane",A,1972
https://stats.tennismylife.org/tournaments/brisbane-2/records/rounds,9341,brisbane-2,"Brisbane",A,1972
https://stats.tennismylife.org/tournaments/brisbane-2/records/least,9341,brisbane-2,"Brisbane",A,1972
https://stats.tennismylife.org/tournaments/brisbane-2/records/roundsonentries,9341,brisbane-2,"Brisbane",A,1972
https://stats.tennismylife.org/tournaments/bristol/records,313,bristol,"Bristol",A,1989
https://stats.tennismylife.org/tournaments/bristol/records/count,313,bristol,"Bristol",A,1989
https://stats.tennismylife.org/tournaments/bristol/records/count/titles,313,bristol,"Bristol",A,1989
https://stats.tennismylife.org/tournaments/bristol/records/count/wins,313,bristol,"Bristol",A,1989
https://stats.tennismylife.org/tournaments/bristol/records/count/played,313,bristol,"Bristol",A,1989
https://stats.tennismylife.org/tournaments/bristol/records/count/entries,313,bristol,"Bristol",A,1989
https://stats.tennismylife.org/tournaments/bristol/records/ages,313,bristol,"Bristol",A,1989
https://stats.tennismylife.org/tournaments/bristol/records/ages/main,313,bristol,"Bristol",A,1989
https://stats.tennismylife.org/tournaments/bristol/records/ages/titles,313,bristol,"Bristol",A,1989
https://stats.tennismylife.org/tournaments/bristol/records/ages/oldestrounds,313,bristol,"Bristol",A,1989
https://stats.tennismylife.org/tournaments/bristol/records/ages/youngestrounds,313,bristol,"Bristol",A,1989
https://stats.tennismylife.org/tournaments/bristol/records/percentage,313,bristol,"Bristol",A,1989
https://stats.tennismylife.org/tournaments/bristol/records/percentage/wins,313,bristol,"Bristol",A,1989
https://stats.tennismylife.org/tournaments/bristol/records/percentage/rounds,313,bristol,"Bristol",A,1989
https://stats.tennismylife.org/tournaments/bristol/records/streak,313,bristol,"Bristol",A,1989
https://stats.tennismylife.org/tournaments/bristol/records/timespan,313,bristol,"Bristol",A,1989
https://stats.tennismylife.org/tournaments/bristol/records/rounds,313,bristol,"Bristol",A,1989
https://stats.tennismylife.org/tournaments/bristol/records/least,313,bristol,"Bristol",A,1989
https://stats.tennismylife.org/tournaments/bristol/records/roundsonentries,313,bristol,"Bristol",A,1989
https://stats.tennismylife.org/tournaments/bristol-2/records,3942,bristol-2,"Bristol",A,1969
https://stats.tennismylife.org/tournaments/bristol-2/records/count,3942,bristol-2,"Bristol",A,1969
https://stats.tennismylife.org/tournaments/bristol-2/records/count/titles,3942,bristol-2,"Bristol",A,1969
https://stats.tennismylife.org/tournaments/bristol-2/records/count/wins,3942,bristol-2,"Bristol",A,1969
https://stats.tennismylife.org/tournaments/bristol-2/records/count/played,3942,bristol-2,"Bristol",A,1969
https://stats.tennismylife.org/tournaments/bristol-2/records/count/entries,3942,bristol-2,"Bristol",A,1969
https://stats.tennismylife.org/tournaments/bristol-2/records/ages,3942,bristol-2,"Bristol",A,1969
https://stats.tennismylife.org/tournaments/bristol-2/records/ages/main,3942,bristol-2,"Bristol",A,1969
https://stats.tennismylife.org/tournaments/bristol-2/records/ages/titles,3942,bristol-2,"Bristol",A,1969
https://stats.tennismylife.org/tournaments/bristol-2/records/ages/oldestrounds,3942,bristol-2,"Bristol",A,1969
https://stats.tennismylife.org/tournaments/bristol-2/records/ages/youngestrounds,3942,bristol-2,"Bristol",A,1969
https://stats.tennismylife.org/tournaments/bristol-2/records/percentage,3942,bristol-2,"Bristol",A,1969
https://stats.tennismylife.org/tournaments/bristol-2/records/percentage/wins,3942,bristol-2,"Bristol",A,1969
https://stats.tennismylife.org/tournaments/bristol-2/records/percentage/rounds,3942,bristol-2,"Bristol",A,1969
https://stats.tennismylife.org/tournaments/bristol-2/records/streak,3942,bristol-2,"Bristol",A,1969
https://stats.tennismylife.org/tournaments/bristol-2/records/timespan,3942,bristol-2,"Bristol",A,1969
https://stats.tennismylife.org/tournaments/bristol-2/records/rounds,3942,bristol-2,"Bristol",A,1969
https://stats.tennismylife.org/tournaments/bristol-2/records/least,3942,bristol-2,"Bristol",A,1969
https://stats.tennismylife.org/tournaments/bristol-2/records/roundsonentries,3942,bristol-2,"Bristol",A,1969
https://stats.tennismylife.org/tournaments/brussels/records,406,brussels,"Brussels",A|500,1992
https://stats.tennismylife.org/tournaments/brussels/records/count,406,brussels,"Brussels",A|500,1992
https://stats.tennismylife.org/tournaments/brussels/records/count/titles,406,brussels,"Brussels",A|500,1992
https://stats.tennismylife.org/tournaments/brussels/records/count/wins,406,brussels,"Brussels",A|500,1992
https://stats.tennismylife.org/tournaments/brussels/records/count/played,406,brussels,"Brussels",A|500,1992
https://stats.tennismylife.org/tournaments/brussels/records/count/entries,406,brussels,"Brussels",A|500,1992
https://stats.tennismylife.org/tournaments/brussels/records/ages,406,brussels,"Brussels",A|500,1992
https://stats.tennismylife.org/tournaments/brussels/records/ages/main,406,brussels,"Brussels",A|500,1992
https://stats.tennismylife.org/tournaments/brussels/records/ages/titles,406,brussels,"Brussels",A|500,1992
https://stats.tennismylife.org/tournaments/brussels/records/ages/oldestrounds,406,brussels,"Brussels",A|500,1992
https://stats.tennismylife.org/tournaments/brussels/records/ages/youngestrounds,406,brussels,"Brussels",A|500,1992
https://stats.tennismylife.org/tournaments/brussels/records/percentage,406,brussels,"Brussels",A|500,1992
https://stats.tennismylife.org/tournaments/brussels/records/percentage/wins,406,brussels,"Brussels",A|500,1992
https://stats.tennismylife.org/tournaments/brussels/records/percentage/rounds,406,brussels,"Brussels",A|500,1992
https://stats.tennismylife.org/tournaments/brussels/records/streak,406,brussels,"Brussels",A|500,1992
https://stats.tennismylife.org/tournaments/brussels/records/timespan,406,brussels,"Brussels",A|500,1992
https://stats.tennismylife.org/tournaments/brussels/records/rounds,406,brussels,"Brussels",A|500,1992
https://stats.tennismylife.org/tournaments/brussels/records/least,406,brussels,"Brussels",A|500,1992
https://stats.tennismylife.org/tournaments/brussels/records/roundsonentries,406,brussels,"Brussels",A|500,1992
https://stats.tennismylife.org/tournaments/brussels-2/records,273,brussels-2,"Brussels-2",A,1981
https://stats.tennismylife.org/tournaments/brussels-2/records/count,273,brussels-2,"Brussels-2",A,1981
https://stats.tennismylife.org/tournaments/brussels-2/records/count/titles,273,brussels-2,"Brussels-2",A,1981
https://stats.tennismylife.org/tournaments/brussels-2/records/count/wins,273,brussels-2,"Brussels-2",A,1981
https://stats.tennismylife.org/tournaments/brussels-2/records/count/played,273,brussels-2,"Brussels-2",A,1981
https://stats.tennismylife.org/tournaments/brussels-2/records/count/entries,273,brussels-2,"Brussels-2",A,1981
https://stats.tennismylife.org/tournaments/brussels-2/records/ages,273,brussels-2,"Brussels-2",A,1981
https://stats.tennismylife.org/tournaments/brussels-2/records/ages/main,273,brussels-2,"Brussels-2",A,1981
https://stats.tennismylife.org/tournaments/brussels-2/records/ages/titles,273,brussels-2,"Brussels-2",A,1981
https://stats.tennismylife.org/tournaments/brussels-2/records/ages/oldestrounds,273,brussels-2,"Brussels-2",A,1981
https://stats.tennismylife.org/tournaments/brussels-2/records/ages/youngestrounds,273,brussels-2,"Brussels-2",A,1981
https://stats.tennismylife.org/tournaments/brussels-2/records/percentage,273,brussels-2,"Brussels-2",A,1981
https://stats.tennismylife.org/tournaments/brussels-2/records/percentage/wins,273,brussels-2,"Brussels-2",A,1981
https://stats.tennismylife.org/tournaments/brussels-2/records/percentage/rounds,273,brussels-2,"Brussels-2",A,1981
https://stats.tennismylife.org/tournaments/brussels-2/records/streak,273,brussels-2,"Brussels-2",A,1981
https://stats.tennismylife.org/tournaments/brussels-2/records/timespan,273,brussels-2,"Brussels-2",A,1981
https://stats.tennismylife.org/tournaments/brussels-2/records/rounds,273,brussels-2,"Brussels-2",A,1981
https://stats.tennismylife.org/tournaments/brussels-2/records/least,273,brussels-2,"Brussels-2",A,1981
https://stats.tennismylife.org/tournaments/brussels-2/records/roundsonentries,273,brussels-2,"Brussels-2",A,1981
https://stats.tennismylife.org/tournaments/bucharest/records,773,bucharest,"Bucharest",250,2016
https://stats.tennismylife.org/tournaments/bucharest/records/count,773,bucharest,"Bucharest",250,2016
https://stats.tennismylife.org/tournaments/bucharest/records/count/titles,773,bucharest,"Bucharest",250,2016
https://stats.tennismylife.org/tournaments/bucharest/records/count/wins,773,bucharest,"Bucharest",250,2016
https://stats.tennismylife.org/tournaments/bucharest/records/count/played,773,bucharest,"Bucharest",250,2016
https://stats.tennismylife.org/tournaments/bucharest/records/count/entries,773,bucharest,"Bucharest",250,2016
https://stats.tennismylife.org/tournaments/bucharest/records/ages,773,bucharest,"Bucharest",250,2016
https://stats.tennismylife.org/tournaments/bucharest/records/ages/main,773,bucharest,"Bucharest",250,2016
https://stats.tennismylife.org/tournaments/bucharest/records/ages/titles,773,bucharest,"Bucharest",250,2016
https://stats.tennismylife.org/tournaments/bucharest/records/ages/oldestrounds,773,bucharest,"Bucharest",250,2016
https://stats.tennismylife.org/tournaments/bucharest/records/ages/youngestrounds,773,bucharest,"Bucharest",250,2016
https://stats.tennismylife.org/tournaments/bucharest/records/percentage,773,bucharest,"Bucharest",250,2016
https://stats.tennismylife.org/tournaments/bucharest/records/percentage/wins,773,bucharest,"Bucharest",250,2016
https://stats.tennismylife.org/tournaments/bucharest/records/percentage/rounds,773,bucharest,"Bucharest",250,2016
https://stats.tennismylife.org/tournaments/bucharest/records/streak,773,bucharest,"Bucharest",250,2016
https://stats.tennismylife.org/tournaments/bucharest/records/timespan,773,bucharest,"Bucharest",250,2016
https://stats.tennismylife.org/tournaments/bucharest/records/rounds,773,bucharest,"Bucharest",250,2016
https://stats.tennismylife.org/tournaments/bucharest/records/least,773,bucharest,"Bucharest",250,2016
https://stats.tennismylife.org/tournaments/bucharest/records/roundsonentries,773,bucharest,"Bucharest",250,2016
https://stats.tennismylife.org/tournaments/budapest/records,7648,budapest,"Budapest",250,2019
https://stats.tennismylife.org/tournaments/budapest/records/count,7648,budapest,"Budapest",250,2019
https://stats.tennismylife.org/tournaments/budapest/records/count/titles,7648,budapest,"Budapest",250,2019
https://stats.tennismylife.org/tournaments/budapest/records/count/wins,7648,budapest,"Budapest",250,2019
https://stats.tennismylife.org/tournaments/budapest/records/count/played,7648,budapest,"Budapest",250,2019
https://stats.tennismylife.org/tournaments/budapest/records/count/entries,7648,budapest,"Budapest",250,2019
https://stats.tennismylife.org/tournaments/budapest/records/ages,7648,budapest,"Budapest",250,2019
https://stats.tennismylife.org/tournaments/budapest/records/ages/main,7648,budapest,"Budapest",250,2019
https://stats.tennismylife.org/tournaments/budapest/records/ages/titles,7648,budapest,"Budapest",250,2019
https://stats.tennismylife.org/tournaments/budapest/records/ages/oldestrounds,7648,budapest,"Budapest",250,2019
https://stats.tennismylife.org/tournaments/budapest/records/ages/youngestrounds,7648,budapest,"Budapest",250,2019
https://stats.tennismylife.org/tournaments/budapest/records/percentage,7648,budapest,"Budapest",250,2019
https://stats.tennismylife.org/tournaments/budapest/records/percentage/wins,7648,budapest,"Budapest",250,2019
https://stats.tennismylife.org/tournaments/budapest/records/percentage/rounds,7648,budapest,"Budapest",250,2019
https://stats.tennismylife.org/tournaments/budapest/records/streak,7648,budapest,"Budapest",250,2019
https://stats.tennismylife.org/tournaments/budapest/records/timespan,7648,budapest,"Budapest",250,2019
https://stats.tennismylife.org/tournaments/budapest/records/rounds,7648,budapest,"Budapest",250,2019
https://stats.tennismylife.org/tournaments/budapest/records/least,7648,budapest,"Budapest",250,2019
https://stats.tennismylife.org/tournaments/budapest/records/roundsonentries,7648,budapest,"Budapest",250,2019
https://stats.tennismylife.org/tournaments/buenos-aires/records,303,buenos-aires,"Buenos Aires",A,1988
https://stats.tennismylife.org/tournaments/buenos-aires/records/count,303,buenos-aires,"Buenos Aires",A,1988
https://stats.tennismylife.org/tournaments/buenos-aires/records/count/titles,303,buenos-aires,"Buenos Aires",A,1988
https://stats.tennismylife.org/tournaments/buenos-aires/records/count/wins,303,buenos-aires,"Buenos Aires",A,1988
https://stats.tennismylife.org/tournaments/buenos-aires/records/count/played,303,buenos-aires,"Buenos Aires",A,1988
https://stats.tennismylife.org/tournaments/buenos-aires/records/count/entries,303,buenos-aires,"Buenos Aires",A,1988
https://stats.tennismylife.org/tournaments/buenos-aires/records/ages,303,buenos-aires,"Buenos Aires",A,1988
https://stats.tennismylife.org/tournaments/buenos-aires/records/ages/main,303,buenos-aires,"Buenos Aires",A,1988
https://stats.tennismylife.org/tournaments/buenos-aires/records/ages/titles,303,buenos-aires,"Buenos Aires",A,1988
https://stats.tennismylife.org/tournaments/buenos-aires/records/ages/oldestrounds,303,buenos-aires,"Buenos Aires",A,1988
https://stats.tennismylife.org/tournaments/buenos-aires/records/ages/youngestrounds,303,buenos-aires,"Buenos Aires",A,1988
https://stats.tennismylife.org/tournaments/buenos-aires/records/percentage,303,buenos-aires,"Buenos Aires",A,1988
https://stats.tennismylife.org/tournaments/buenos-aires/records/percentage/wins,303,buenos-aires,"Buenos Aires",A,1988
https://stats.tennismylife.org/tournaments/buenos-aires/records/percentage/rounds,303,buenos-aires,"Buenos Aires",A,1988
https://stats.tennismylife.org/tournaments/buenos-aires/records/streak,303,buenos-aires,"Buenos Aires",A,1988
https://stats.tennismylife.org/tournaments/buenos-aires/records/timespan,303,buenos-aires,"Buenos Aires",A,1988
https://stats.tennismylife.org/tournaments/buenos-aires/records/rounds,303,buenos-aires,"Buenos Aires",A,1988
https://stats.tennismylife.org/tournaments/buenos-aires/records/least,303,buenos-aires,"Buenos Aires",A,1988
https://stats.tennismylife.org/tournaments/buenos-aires/records/roundsonentries,303,buenos-aires,"Buenos Aires",A,1988
https://stats.tennismylife.org/tournaments/buenos-aires-1/records,722,buenos-aires-1,"Buenos Aires-1",A,1977
https://stats.tennismylife.org/tournaments/buenos-aires-1/records/count,722,buenos-aires-1,"Buenos Aires-1",A,1977
https://stats.tennismylife.org/tournaments/buenos-aires-1/records/count/titles,722,buenos-aires-1,"Buenos Aires-1",A,1977
https://stats.tennismylife.org/tournaments/buenos-aires-1/records/count/wins,722,buenos-aires-1,"Buenos Aires-1",A,1977
https://stats.tennismylife.org/tournaments/buenos-aires-1/records/count/played,722,buenos-aires-1,"Buenos Aires-1",A,1977
https://stats.tennismylife.org/tournaments/buenos-aires-1/records/count/entries,722,buenos-aires-1,"Buenos Aires-1",A,1977
https://stats.tennismylife.org/tournaments/buenos-aires-1/records/ages,722,buenos-aires-1,"Buenos Aires-1",A,1977
https://stats.tennismylife.org/tournaments/buenos-aires-1/records/ages/main,722,buenos-aires-1,"Buenos Aires-1",A,1977
https://stats.tennismylife.org/tournaments/buenos-aires-1/records/ages/titles,722,buenos-aires-1,"Buenos Aires-1",A,1977
https://stats.tennismylife.org/tournaments/buenos-aires-1/records/ages/oldestrounds,722,buenos-aires-1,"Buenos Aires-1",A,1977
https://stats.tennismylife.org/tournaments/buenos-aires-1/records/ages/youngestrounds,722,buenos-aires-1,"Buenos Aires-1",A,1977
https://stats.tennismylife.org/tournaments/buenos-aires-1/records/percentage,722,buenos-aires-1,"Buenos Aires-1",A,1977
https://stats.tennismylife.org/tournaments/buenos-aires-1/records/percentage/wins,722,buenos-aires-1,"Buenos Aires-1",A,1977
https://stats.tennismylife.org/tournaments/buenos-aires-1/records/percentage/rounds,722,buenos-aires-1,"Buenos Aires-1",A,1977
https://stats.tennismylife.org/tournaments/buenos-aires-1/records/streak,722,buenos-aires-1,"Buenos Aires-1",A,1977
https://stats.tennismylife.org/tournaments/buenos-aires-1/records/timespan,722,buenos-aires-1,"Buenos Aires-1",A,1977
https://stats.tennismylife.org/tournaments/buenos-aires-1/records/rounds,722,buenos-aires-1,"Buenos Aires-1",A,1977
https://stats.tennismylife.org/tournaments/buenos-aires-1/records/least,722,buenos-aires-1,"Buenos Aires-1",A,1977
https://stats.tennismylife.org/tournaments/buenos-aires-1/records/roundsonentries,722,buenos-aires-1,"Buenos Aires-1",A,1977
https://stats.tennismylife.org/tournaments/buenos-aires-3/records,7304,buenos-aires-3,"Buenos Aires",250,1995
https://stats.tennismylife.org/tournaments/buenos-aires-3/records/count,7304,buenos-aires-3,"Buenos Aires",250,1995
https://stats.tennismylife.org/tournaments/buenos-aires-3/records/count/titles,7304,buenos-aires-3,"Buenos Aires",250,1995
https://stats.tennismylife.org/tournaments/buenos-aires-3/records/count/wins,7304,buenos-aires-3,"Buenos Aires",250,1995
https://stats.tennismylife.org/tournaments/buenos-aires-3/records/count/played,7304,buenos-aires-3,"Buenos Aires",250,1995
https://stats.tennismylife.org/tournaments/buenos-aires-3/records/count/entries,7304,buenos-aires-3,"Buenos Aires",250,1995
https://stats.tennismylife.org/tournaments/buenos-aires-3/records/ages,7304,buenos-aires-3,"Buenos Aires",250,1995
https://stats.tennismylife.org/tournaments/buenos-aires-3/records/ages/main,7304,buenos-aires-3,"Buenos Aires",250,1995
https://stats.tennismylife.org/tournaments/buenos-aires-3/records/ages/titles,7304,buenos-aires-3,"Buenos Aires",250,1995
https://stats.tennismylife.org/tournaments/buenos-aires-3/records/ages/oldestrounds,7304,buenos-aires-3,"Buenos Aires",250,1995
https://stats.tennismylife.org/tournaments/buenos-aires-3/records/ages/youngestrounds,7304,buenos-aires-3,"Buenos Aires",250,1995
https://stats.tennismylife.org/tournaments/buenos-aires-3/records/percentage,7304,buenos-aires-3,"Buenos Aires",250,1995
https://stats.tennismylife.org/tournaments/buenos-aires-3/records/percentage/wins,7304,buenos-aires-3,"Buenos Aires",250,1995
https://stats.tennismylife.org/tournaments/buenos-aires-3/records/percentage/rounds,7304,buenos-aires-3,"Buenos Aires",250,1995
https://stats.tennismylife.org/tournaments/buenos-aires-3/records/streak,7304,buenos-aires-3,"Buenos Aires",250,1995
https://stats.tennismylife.org/tournaments/buenos-aires-3/records/timespan,7304,buenos-aires-3,"Buenos Aires",250,1995
https://stats.tennismylife.org/tournaments/buenos-aires-3/records/rounds,7304,buenos-aires-3,"Buenos Aires",250,1995
https://stats.tennismylife.org/tournaments/buenos-aires-3/records/least,7304,buenos-aires-3,"Buenos Aires",250,1995
https://stats.tennismylife.org/tournaments/buenos-aires-3/records/roundsonentries,7304,buenos-aires-3,"Buenos Aires",250,1995
https://stats.tennismylife.org/tournaments/buenos-aires-ntl/records,9304,buenos-aires-ntl,"Buenos Aires NTL",A,1968
https://stats.tennismylife.org/tournaments/buenos-aires-ntl/records/count,9304,buenos-aires-ntl,"Buenos Aires NTL",A,1968
https://stats.tennismylife.org/tournaments/buenos-aires-ntl/records/count/titles,9304,buenos-aires-ntl,"Buenos Aires NTL",A,1968
https://stats.tennismylife.org/tournaments/buenos-aires-ntl/records/count/wins,9304,buenos-aires-ntl,"Buenos Aires NTL",A,1968
https://stats.tennismylife.org/tournaments/buenos-aires-ntl/records/count/played,9304,buenos-aires-ntl,"Buenos Aires NTL",A,1968
https://stats.tennismylife.org/tournaments/buenos-aires-ntl/records/count/entries,9304,buenos-aires-ntl,"Buenos Aires NTL",A,1968
https://stats.tennismylife.org/tournaments/buenos-aires-ntl/records/ages,9304,buenos-aires-ntl,"Buenos Aires NTL",A,1968
https://stats.tennismylife.org/tournaments/buenos-aires-ntl/records/ages/main,9304,buenos-aires-ntl,"Buenos Aires NTL",A,1968
https://stats.tennismylife.org/tournaments/buenos-aires-ntl/records/ages/titles,9304,buenos-aires-ntl,"Buenos Aires NTL",A,1968
https://stats.tennismylife.org/tournaments/buenos-aires-ntl/records/ages/oldestrounds,9304,buenos-aires-ntl,"Buenos Aires NTL",A,1968
https://stats.tennismylife.org/tournaments/buenos-aires-ntl/records/ages/youngestrounds,9304,buenos-aires-ntl,"Buenos Aires NTL",A,1968
https://stats.tennismylife.org/tournaments/buenos-aires-ntl/records/percentage,9304,buenos-aires-ntl,"Buenos Aires NTL",A,1968
https://stats.tennismylife.org/tournaments/buenos-aires-ntl/records/percentage/wins,9304,buenos-aires-ntl,"Buenos Aires NTL",A,1968
https://stats.tennismylife.org/tournaments/buenos-aires-ntl/records/percentage/rounds,9304,buenos-aires-ntl,"Buenos Aires NTL",A,1968
https://stats.tennismylife.org/tournaments/buenos-aires-ntl/records/streak,9304,buenos-aires-ntl,"Buenos Aires NTL",A,1968
https://stats.tennismylife.org/tournaments/buenos-aires-ntl/records/timespan,9304,buenos-aires-ntl,"Buenos Aires NTL",A,1968
https://stats.tennismylife.org/tournaments/buenos-aires-ntl/records/rounds,9304,buenos-aires-ntl,"Buenos Aires NTL",A,1968
https://stats.tennismylife.org/tournaments/buenos-aires-ntl/records/least,9304,buenos-aires-ntl,"Buenos Aires NTL",A,1968
https://stats.tennismylife.org/tournaments/buenos-aires-ntl/records/roundsonentries,9304,buenos-aires-ntl,"Buenos Aires NTL",A,1968
https://stats.tennismylife.org/tournaments/buffalo/records,9831,buffalo,"Buffalo",A,1969
https://stats.tennismylife.org/tournaments/buffalo/records/count,9831,buffalo,"Buffalo",A,1969
https://stats.tennismylife.org/tournaments/buffalo/records/count/titles,9831,buffalo,"Buffalo",A,1969
https://stats.tennismylife.org/tournaments/buffalo/records/count/wins,9831,buffalo,"Buffalo",A,1969
https://stats.tennismylife.org/tournaments/buffalo/records/count/played,9831,buffalo,"Buffalo",A,1969
https://stats.tennismylife.org/tournaments/buffalo/records/count/entries,9831,buffalo,"Buffalo",A,1969
https://stats.tennismylife.org/tournaments/buffalo/records/ages,9831,buffalo,"Buffalo",A,1969
https://stats.tennismylife.org/tournaments/buffalo/records/ages/main,9831,buffalo,"Buffalo",A,1969
https://stats.tennismylife.org/tournaments/buffalo/records/ages/titles,9831,buffalo,"Buffalo",A,1969
https://stats.tennismylife.org/tournaments/buffalo/records/ages/oldestrounds,9831,buffalo,"Buffalo",A,1969
https://stats.tennismylife.org/tournaments/buffalo/records/ages/youngestrounds,9831,buffalo,"Buffalo",A,1969
https://stats.tennismylife.org/tournaments/buffalo/records/percentage,9831,buffalo,"Buffalo",A,1969
https://stats.tennismylife.org/tournaments/buffalo/records/percentage/wins,9831,buffalo,"Buffalo",A,1969
https://stats.tennismylife.org/tournaments/buffalo/records/percentage/rounds,9831,buffalo,"Buffalo",A,1969
https://stats.tennismylife.org/tournaments/buffalo/records/streak,9831,buffalo,"Buffalo",A,1969
https://stats.tennismylife.org/tournaments/buffalo/records/timespan,9831,buffalo,"Buffalo",A,1969
https://stats.tennismylife.org/tournaments/buffalo/records/rounds,9831,buffalo,"Buffalo",A,1969
https://stats.tennismylife.org/tournaments/buffalo/records/least,9831,buffalo,"Buffalo",A,1969
https://stats.tennismylife.org/tournaments/buffalo/records/roundsonentries,9831,buffalo,"Buffalo",A,1969
https://stats.tennismylife.org/tournaments/buffalo-wct/records,9315,buffalo-wct,"Buffalo WCT",A,1968
https://stats.tennismylife.org/tournaments/buffalo-wct/records/count,9315,buffalo-wct,"Buffalo WCT",A,1968
https://stats.tennismylife.org/tournaments/buffalo-wct/records/count/titles,9315,buffalo-wct,"Buffalo WCT",A,1968
https://stats.tennismylife.org/tournaments/buffalo-wct/records/count/wins,9315,buffalo-wct,"Buffalo WCT",A,1968
https://stats.tennismylife.org/tournaments/buffalo-wct/records/count/played,9315,buffalo-wct,"Buffalo WCT",A,1968
https://stats.tennismylife.org/tournaments/buffalo-wct/records/count/entries,9315,buffalo-wct,"Buffalo WCT",A,1968
https://stats.tennismylife.org/tournaments/buffalo-wct/records/ages,9315,buffalo-wct,"Buffalo WCT",A,1968
https://stats.tennismylife.org/tournaments/buffalo-wct/records/ages/main,9315,buffalo-wct,"Buffalo WCT",A,1968
https://stats.tennismylife.org/tournaments/buffalo-wct/records/ages/titles,9315,buffalo-wct,"Buffalo WCT",A,1968
https://stats.tennismylife.org/tournaments/buffalo-wct/records/ages/oldestrounds,9315,buffalo-wct,"Buffalo WCT",A,1968
https://stats.tennismylife.org/tournaments/buffalo-wct/records/ages/youngestrounds,9315,buffalo-wct,"Buffalo WCT",A,1968
https://stats.tennismylife.org/tournaments/buffalo-wct/records/percentage,9315,buffalo-wct,"Buffalo WCT",A,1968
https://stats.tennismylife.org/tournaments/buffalo-wct/records/percentage/wins,9315,buffalo-wct,"Buffalo WCT",A,1968
https://stats.tennismylife.org/tournaments/buffalo-wct/records/percentage/rounds,9315,buffalo-wct,"Buffalo WCT",A,1968
https://stats.tennismylife.org/tournaments/buffalo-wct/records/streak,9315,buffalo-wct,"Buffalo WCT",A,1968
https://stats.tennismylife.org/tournaments/buffalo-wct/records/timespan,9315,buffalo-wct,"Buffalo WCT",A,1968
https://stats.tennismylife.org/tournaments/buffalo-wct/records/rounds,9315,buffalo-wct,"Buffalo WCT",A,1968
https://stats.tennismylife.org/tournaments/buffalo-wct/records/least,9315,buffalo-wct,"Buffalo WCT",A,1968
https://stats.tennismylife.org/tournaments/buffalo-wct/records/roundsonentries,9315,buffalo-wct,"Buffalo WCT",A,1968
https://stats.tennismylife.org/tournaments/buzios/records,215,buzios,"Buzios",A|250,1992
https://stats.tennismylife.org/tournaments/buzios/records/count,215,buzios,"Buzios",A|250,1992
https://stats.tennismylife.org/tournaments/buzios/records/count/titles,215,buzios,"Buzios",A|250,1992
https://stats.tennismylife.org/tournaments/buzios/records/count/wins,215,buzios,"Buzios",A|250,1992
https://stats.tennismylife.org/tournaments/buzios/records/count/played,215,buzios,"Buzios",A|250,1992
https://stats.tennismylife.org/tournaments/buzios/records/count/entries,215,buzios,"Buzios",A|250,1992
https://stats.tennismylife.org/tournaments/buzios/records/ages,215,buzios,"Buzios",A|250,1992
https://stats.tennismylife.org/tournaments/buzios/records/ages/main,215,buzios,"Buzios",A|250,1992
https://stats.tennismylife.org/tournaments/buzios/records/ages/titles,215,buzios,"Buzios",A|250,1992
https://stats.tennismylife.org/tournaments/buzios/records/ages/oldestrounds,215,buzios,"Buzios",A|250,1992
https://stats.tennismylife.org/tournaments/buzios/records/ages/youngestrounds,215,buzios,"Buzios",A|250,1992
https://stats.tennismylife.org/tournaments/buzios/records/percentage,215,buzios,"Buzios",A|250,1992
https://stats.tennismylife.org/tournaments/buzios/records/percentage/wins,215,buzios,"Buzios",A|250,1992
https://stats.tennismylife.org/tournaments/buzios/records/percentage/rounds,215,buzios,"Buzios",A|250,1992
https://stats.tennismylife.org/tournaments/buzios/records/streak,215,buzios,"Buzios",A|250,1992
https://stats.tennismylife.org/tournaments/buzios/records/timespan,215,buzios,"Buzios",A|250,1992
https://stats.tennismylife.org/tournaments/buzios/records/rounds,215,buzios,"Buzios",A|250,1992
https://stats.tennismylife.org/tournaments/buzios/records/least,215,buzios,"Buzios",A|250,1992
https://stats.tennismylife.org/tournaments/buzios/records/roundsonentries,215,buzios,"Buzios",A|250,1992
https://stats.tennismylife.org/tournaments/cairo/records,206,cairo,"Cairo",A,1982
https://stats.tennismylife.org/tournaments/cairo/records/count,206,cairo,"Cairo",A,1982
https://stats.tennismylife.org/tournaments/cairo/records/count/titles,206,cairo,"Cairo",A,1982
https://stats.tennismylife.org/tournaments/cairo/records/count/wins,206,cairo,"Cairo",A,1982
https://stats.tennismylife.org/tournaments/cairo/records/count/played,206,cairo,"Cairo",A,1982
https://stats.tennismylife.org/tournaments/cairo/records/count/entries,206,cairo,"Cairo",A,1982
https://stats.tennismylife.org/tournaments/cairo/records/ages,206,cairo,"Cairo",A,1982
https://stats.tennismylife.org/tournaments/cairo/records/ages/main,206,cairo,"Cairo",A,1982
https://stats.tennismylife.org/tournaments/cairo/records/ages/titles,206,cairo,"Cairo",A,1982
https://stats.tennismylife.org/tournaments/cairo/records/ages/oldestrounds,206,cairo,"Cairo",A,1982
https://stats.tennismylife.org/tournaments/cairo/records/ages/youngestrounds,206,cairo,"Cairo",A,1982
https://stats.tennismylife.org/tournaments/cairo/records/percentage,206,cairo,"Cairo",A,1982
https://stats.tennismylife.org/tournaments/cairo/records/percentage/wins,206,cairo,"Cairo",A,1982
https://stats.tennismylife.org/tournaments/cairo/records/percentage/rounds,206,cairo,"Cairo",A,1982
https://stats.tennismylife.org/tournaments/cairo/records/streak,206,cairo,"Cairo",A,1982
https://stats.tennismylife.org/tournaments/cairo/records/timespan,206,cairo,"Cairo",A,1982
https://stats.tennismylife.org/tournaments/cairo/records/rounds,206,cairo,"Cairo",A,1982
https://stats.tennismylife.org/tournaments/cairo/records/least,206,cairo,"Cairo",A,1982
https://stats.tennismylife.org/tournaments/cairo/records/roundsonentries,206,cairo,"Cairo",A,1982
https://stats.tennismylife.org/tournaments/calcutta/records,680,calcutta,"Calcutta",A,1978
https://stats.tennismylife.org/tournaments/calcutta/records/count,680,calcutta,"Calcutta",A,1978
https://stats.tennismylife.org/tournaments/calcutta/records/count/titles,680,calcutta,"Calcutta",A,1978
https://stats.tennismylife.org/tournaments/calcutta/records/count/wins,680,calcutta,"Calcutta",A,1978
https://stats.tennismylife.org/tournaments/calcutta/records/count/played,680,calcutta,"Calcutta",A,1978
https://stats.tennismylife.org/tournaments/calcutta/records/count/entries,680,calcutta,"Calcutta",A,1978
https://stats.tennismylife.org/tournaments/calcutta/records/ages,680,calcutta,"Calcutta",A,1978
https://stats.tennismylife.org/tournaments/calcutta/records/ages/main,680,calcutta,"Calcutta",A,1978
https://stats.tennismylife.org/tournaments/calcutta/records/ages/titles,680,calcutta,"Calcutta",A,1978
https://stats.tennismylife.org/tournaments/calcutta/records/ages/oldestrounds,680,calcutta,"Calcutta",A,1978
https://stats.tennismylife.org/tournaments/calcutta/records/ages/youngestrounds,680,calcutta,"Calcutta",A,1978
https://stats.tennismylife.org/tournaments/calcutta/records/percentage,680,calcutta,"Calcutta",A,1978
https://stats.tennismylife.org/tournaments/calcutta/records/percentage/wins,680,calcutta,"Calcutta",A,1978
https://stats.tennismylife.org/tournaments/calcutta/records/percentage/rounds,680,calcutta,"Calcutta",A,1978
https://stats.tennismylife.org/tournaments/calcutta/records/streak,680,calcutta,"Calcutta",A,1978
https://stats.tennismylife.org/tournaments/calcutta/records/timespan,680,calcutta,"Calcutta",A,1978
https://stats.tennismylife.org/tournaments/calcutta/records/rounds,680,calcutta,"Calcutta",A,1978
https://stats.tennismylife.org/tournaments/calcutta/records/least,680,calcutta,"Calcutta",A,1978
https://stats.tennismylife.org/tournaments/calcutta/records/roundsonentries,680,calcutta,"Calcutta",A,1978
https://stats.tennismylife.org/tournaments/calgary/records,2038,calgary,"Calgary",A,1974
https://stats.tennismylife.org/tournaments/calgary/records/count,2038,calgary,"Calgary",A,1974
https://stats.tennismylife.org/tournaments/calgary/records/count/titles,2038,calgary,"Calgary",A,1974
https://stats.tennismylife.org/tournaments/calgary/records/count/wins,2038,calgary,"Calgary",A,1974
https://stats.tennismylife.org/tournaments/calgary/records/count/played,2038,calgary,"Calgary",A,1974
https://stats.tennismylife.org/tournaments/calgary/records/count/entries,2038,calgary,"Calgary",A,1974
https://stats.tennismylife.org/tournaments/calgary/records/ages,2038,calgary,"Calgary",A,1974
https://stats.tennismylife.org/tournaments/calgary/records/ages/main,2038,calgary,"Calgary",A,1974
https://stats.tennismylife.org/tournaments/calgary/records/ages/titles,2038,calgary,"Calgary",A,1974
https://stats.tennismylife.org/tournaments/calgary/records/ages/oldestrounds,2038,calgary,"Calgary",A,1974
https://stats.tennismylife.org/tournaments/calgary/records/ages/youngestrounds,2038,calgary,"Calgary",A,1974
https://stats.tennismylife.org/tournaments/calgary/records/percentage,2038,calgary,"Calgary",A,1974
https://stats.tennismylife.org/tournaments/calgary/records/percentage/wins,2038,calgary,"Calgary",A,1974
https://stats.tennismylife.org/tournaments/calgary/records/percentage/rounds,2038,calgary,"Calgary",A,1974
https://stats.tennismylife.org/tournaments/calgary/records/streak,2038,calgary,"Calgary",A,1974
https://stats.tennismylife.org/tournaments/calgary/records/timespan,2038,calgary,"Calgary",A,1974
https://stats.tennismylife.org/tournaments/calgary/records/rounds,2038,calgary,"Calgary",A,1974
https://stats.tennismylife.org/tournaments/calgary/records/least,2038,calgary,"Calgary",A,1974
https://stats.tennismylife.org/tournaments/calgary/records/roundsonentries,2038,calgary,"Calgary",A,1974
https://stats.tennismylife.org/tournaments/cannes-wct/records,9319,cannes-wct,"Cannes WCT",A,1968
https://stats.tennismylife.org/tournaments/cannes-wct/records/count,9319,cannes-wct,"Cannes WCT",A,1968
https://stats.tennismylife.org/tournaments/cannes-wct/records/count/titles,9319,cannes-wct,"Cannes WCT",A,1968
https://stats.tennismylife.org/tournaments/cannes-wct/records/count/wins,9319,cannes-wct,"Cannes WCT",A,1968
https://stats.tennismylife.org/tournaments/cannes-wct/records/count/played,9319,cannes-wct,"Cannes WCT",A,1968
https://stats.tennismylife.org/tournaments/cannes-wct/records/count/entries,9319,cannes-wct,"Cannes WCT",A,1968
https://stats.tennismylife.org/tournaments/cannes-wct/records/ages,9319,cannes-wct,"Cannes WCT",A,1968
https://stats.tennismylife.org/tournaments/cannes-wct/records/ages/main,9319,cannes-wct,"Cannes WCT",A,1968
https://stats.tennismylife.org/tournaments/cannes-wct/records/ages/titles,9319,cannes-wct,"Cannes WCT",A,1968
https://stats.tennismylife.org/tournaments/cannes-wct/records/ages/oldestrounds,9319,cannes-wct,"Cannes WCT",A,1968
https://stats.tennismylife.org/tournaments/cannes-wct/records/ages/youngestrounds,9319,cannes-wct,"Cannes WCT",A,1968
https://stats.tennismylife.org/tournaments/cannes-wct/records/percentage,9319,cannes-wct,"Cannes WCT",A,1968
https://stats.tennismylife.org/tournaments/cannes-wct/records/percentage/wins,9319,cannes-wct,"Cannes WCT",A,1968
https://stats.tennismylife.org/tournaments/cannes-wct/records/percentage/rounds,9319,cannes-wct,"Cannes WCT",A,1968
https://stats.tennismylife.org/tournaments/cannes-wct/records/streak,9319,cannes-wct,"Cannes WCT",A,1968
https://stats.tennismylife.org/tournaments/cannes-wct/records/timespan,9319,cannes-wct,"Cannes WCT",A,1968
https://stats.tennismylife.org/tournaments/cannes-wct/records/rounds,9319,cannes-wct,"Cannes WCT",A,1968
https://stats.tennismylife.org/tournaments/cannes-wct/records/least,9319,cannes-wct,"Cannes WCT",A,1968
https://stats.tennismylife.org/tournaments/cannes-wct/records/roundsonentries,9319,cannes-wct,"Cannes WCT",A,1968
https://stats.tennismylife.org/tournaments/canton/records,376,canton,"Canton",A,1980
https://stats.tennismylife.org/tournaments/canton/records/count,376,canton,"Canton",A,1980
https://stats.tennismylife.org/tournaments/canton/records/count/titles,376,canton,"Canton",A,1980
https://stats.tennismylife.org/tournaments/canton/records/count/wins,376,canton,"Canton",A,1980
https://stats.tennismylife.org/tournaments/canton/records/count/played,376,canton,"Canton",A,1980
https://stats.tennismylife.org/tournaments/canton/records/count/entries,376,canton,"Canton",A,1980
https://stats.tennismylife.org/tournaments/canton/records/ages,376,canton,"Canton",A,1980
https://stats.tennismylife.org/tournaments/canton/records/ages/main,376,canton,"Canton",A,1980
https://stats.tennismylife.org/tournaments/canton/records/ages/titles,376,canton,"Canton",A,1980
https://stats.tennismylife.org/tournaments/canton/records/ages/oldestrounds,376,canton,"Canton",A,1980
https://stats.tennismylife.org/tournaments/canton/records/ages/youngestrounds,376,canton,"Canton",A,1980
https://stats.tennismylife.org/tournaments/canton/records/percentage,376,canton,"Canton",A,1980
https://stats.tennismylife.org/tournaments/canton/records/percentage/wins,376,canton,"Canton",A,1980
https://stats.tennismylife.org/tournaments/canton/records/percentage/rounds,376,canton,"Canton",A,1980
https://stats.tennismylife.org/tournaments/canton/records/streak,376,canton,"Canton",A,1980
https://stats.tennismylife.org/tournaments/canton/records/timespan,376,canton,"Canton",A,1980
https://stats.tennismylife.org/tournaments/canton/records/rounds,376,canton,"Canton",A,1980
https://stats.tennismylife.org/tournaments/canton/records/least,376,canton,"Canton",A,1980
https://stats.tennismylife.org/tournaments/canton/records/roundsonentries,376,canton,"Canton",A,1980
https://stats.tennismylife.org/tournaments/cap-dagde-wct/records,812,cap-dagde-wct,"Cap d'Agde WCT",A,1982
https://stats.tennismylife.org/tournaments/cap-dagde-wct/records/count,812,cap-dagde-wct,"Cap d'Agde WCT",A,1982
https://stats.tennismylife.org/tournaments/cap-dagde-wct/records/count/titles,812,cap-dagde-wct,"Cap d'Agde WCT",A,1982
https://stats.tennismylife.org/tournaments/cap-dagde-wct/records/count/wins,812,cap-dagde-wct,"Cap d'Agde WCT",A,1982
https://stats.tennismylife.org/tournaments/cap-dagde-wct/records/count/played,812,cap-dagde-wct,"Cap d'Agde WCT",A,1982
https://stats.tennismylife.org/tournaments/cap-dagde-wct/records/count/entries,812,cap-dagde-wct,"Cap d'Agde WCT",A,1982
https://stats.tennismylife.org/tournaments/cap-dagde-wct/records/ages,812,cap-dagde-wct,"Cap d'Agde WCT",A,1982
https://stats.tennismylife.org/tournaments/cap-dagde-wct/records/ages/main,812,cap-dagde-wct,"Cap d'Agde WCT",A,1982
https://stats.tennismylife.org/tournaments/cap-dagde-wct/records/ages/titles,812,cap-dagde-wct,"Cap d'Agde WCT",A,1982
https://stats.tennismylife.org/tournaments/cap-dagde-wct/records/ages/oldestrounds,812,cap-dagde-wct,"Cap d'Agde WCT",A,1982
https://stats.tennismylife.org/tournaments/cap-dagde-wct/records/ages/youngestrounds,812,cap-dagde-wct,"Cap d'Agde WCT",A,1982
https://stats.tennismylife.org/tournaments/cap-dagde-wct/records/percentage,812,cap-dagde-wct,"Cap d'Agde WCT",A,1982
https://stats.tennismylife.org/tournaments/cap-dagde-wct/records/percentage/wins,812,cap-dagde-wct,"Cap d'Agde WCT",A,1982
https://stats.tennismylife.org/tournaments/cap-dagde-wct/records/percentage/rounds,812,cap-dagde-wct,"Cap d'Agde WCT",A,1982
https://stats.tennismylife.org/tournaments/cap-dagde-wct/records/streak,812,cap-dagde-wct,"Cap d'Agde WCT",A,1982
https://stats.tennismylife.org/tournaments/cap-dagde-wct/records/timespan,812,cap-dagde-wct,"Cap d'Agde WCT",A,1982
https://stats.tennismylife.org/tournaments/cap-dagde-wct/records/rounds,812,cap-dagde-wct,"Cap d'Agde WCT",A,1982
https://stats.tennismylife.org/tournaments/cap-dagde-wct/records/least,812,cap-dagde-wct,"Cap d'Agde WCT",A,1982
https://stats.tennismylife.org/tournaments/cap-dagde-wct/records/roundsonentries,812,cap-dagde-wct,"Cap d'Agde WCT",A,1982
https://stats.tennismylife.org/tournaments/cape-town-1/records,9346,cape-town-1,"Cape Town-1",A,1968
https://stats.tennismylife.org/tournaments/cape-town-1/records/count,9346,cape-town-1,"Cape Town-1",A,1968
https://stats.tennismylife.org/tournaments/cape-town-1/records/count/titles,9346,cape-town-1,"Cape Town-1",A,1968
https://stats.tennismylife.org/tournaments/cape-town-1/records/count/wins,9346,cape-town-1,"Cape Town-1",A,1968
https://stats.tennismylife.org/tournaments/cape-town-1/records/count/played,9346,cape-town-1,"Cape Town-1",A,1968
https://stats.tennismylife.org/tournaments/cape-town-1/records/count/entries,9346,cape-town-1,"Cape Town-1",A,1968
https://stats.tennismylife.org/tournaments/cape-town-1/records/ages,9346,cape-town-1,"Cape Town-1",A,1968
https://stats.tennismylife.org/tournaments/cape-town-1/records/ages/main,9346,cape-town-1,"Cape Town-1",A,1968
https://stats.tennismylife.org/tournaments/cape-town-1/records/ages/titles,9346,cape-town-1,"Cape Town-1",A,1968
https://stats.tennismylife.org/tournaments/cape-town-1/records/ages/oldestrounds,9346,cape-town-1,"Cape Town-1",A,1968
https://stats.tennismylife.org/tournaments/cape-town-1/records/ages/youngestrounds,9346,cape-town-1,"Cape Town-1",A,1968
https://stats.tennismylife.org/tournaments/cape-town-1/records/percentage,9346,cape-town-1,"Cape Town-1",A,1968
https://stats.tennismylife.org/tournaments/cape-town-1/records/percentage/wins,9346,cape-town-1,"Cape Town-1",A,1968
https://stats.tennismylife.org/tournaments/cape-town-1/records/percentage/rounds,9346,cape-town-1,"Cape Town-1",A,1968
https://stats.tennismylife.org/tournaments/cape-town-1/records/streak,9346,cape-town-1,"Cape Town-1",A,1968
https://stats.tennismylife.org/tournaments/cape-town-1/records/timespan,9346,cape-town-1,"Cape Town-1",A,1968
https://stats.tennismylife.org/tournaments/cape-town-1/records/rounds,9346,cape-town-1,"Cape Town-1",A,1968
https://stats.tennismylife.org/tournaments/cape-town-1/records/least,9346,cape-town-1,"Cape Town-1",A,1968
https://stats.tennismylife.org/tournaments/cape-town-1/records/roundsonentries,9346,cape-town-1,"Cape Town-1",A,1968
https://stats.tennismylife.org/tournaments/cape-town-wct/records,9325,cape-town-wct,"Cape Town WCT",A,1968
https://stats.tennismylife.org/tournaments/cape-town-wct/records/count,9325,cape-town-wct,"Cape Town WCT",A,1968
https://stats.tennismylife.org/tournaments/cape-town-wct/records/count/titles,9325,cape-town-wct,"Cape Town WCT",A,1968
https://stats.tennismylife.org/tournaments/cape-town-wct/records/count/wins,9325,cape-town-wct,"Cape Town WCT",A,1968
https://stats.tennismylife.org/tournaments/cape-town-wct/records/count/played,9325,cape-town-wct,"Cape Town WCT",A,1968
https://stats.tennismylife.org/tournaments/cape-town-wct/records/count/entries,9325,cape-town-wct,"Cape Town WCT",A,1968
https://stats.tennismylife.org/tournaments/cape-town-wct/records/ages,9325,cape-town-wct,"Cape Town WCT",A,1968
https://stats.tennismylife.org/tournaments/cape-town-wct/records/ages/main,9325,cape-town-wct,"Cape Town WCT",A,1968
https://stats.tennismylife.org/tournaments/cape-town-wct/records/ages/titles,9325,cape-town-wct,"Cape Town WCT",A,1968
https://stats.tennismylife.org/tournaments/cape-town-wct/records/ages/oldestrounds,9325,cape-town-wct,"Cape Town WCT",A,1968
https://stats.tennismylife.org/tournaments/cape-town-wct/records/ages/youngestrounds,9325,cape-town-wct,"Cape Town WCT",A,1968
https://stats.tennismylife.org/tournaments/cape-town-wct/records/percentage,9325,cape-town-wct,"Cape Town WCT",A,1968
https://stats.tennismylife.org/tournaments/cape-town-wct/records/percentage/wins,9325,cape-town-wct,"Cape Town WCT",A,1968
https://stats.tennismylife.org/tournaments/cape-town-wct/records/percentage/rounds,9325,cape-town-wct,"Cape Town WCT",A,1968
https://stats.tennismylife.org/tournaments/cape-town-wct/records/streak,9325,cape-town-wct,"Cape Town WCT",A,1968
https://stats.tennismylife.org/tournaments/cape-town-wct/records/timespan,9325,cape-town-wct,"Cape Town WCT",A,1968
https://stats.tennismylife.org/tournaments/cape-town-wct/records/rounds,9325,cape-town-wct,"Cape Town WCT",A,1968
https://stats.tennismylife.org/tournaments/cape-town-wct/records/least,9325,cape-town-wct,"Cape Town WCT",A,1968
https://stats.tennismylife.org/tournaments/cape-town-wct/records/roundsonentries,9325,cape-town-wct,"Cape Town WCT",A,1968
https://stats.tennismylife.org/tournaments/caracas/records,344,caracas,"Caracas",A,1983
https://stats.tennismylife.org/tournaments/caracas/records/count,344,caracas,"Caracas",A,1983
https://stats.tennismylife.org/tournaments/caracas/records/count/titles,344,caracas,"Caracas",A,1983
https://stats.tennismylife.org/tournaments/caracas/records/count/wins,344,caracas,"Caracas",A,1983
https://stats.tennismylife.org/tournaments/caracas/records/count/played,344,caracas,"Caracas",A,1983
https://stats.tennismylife.org/tournaments/caracas/records/count/entries,344,caracas,"Caracas",A,1983
https://stats.tennismylife.org/tournaments/caracas/records/ages,344,caracas,"Caracas",A,1983
https://stats.tennismylife.org/tournaments/caracas/records/ages/main,344,caracas,"Caracas",A,1983
https://stats.tennismylife.org/tournaments/caracas/records/ages/titles,344,caracas,"Caracas",A,1983
https://stats.tennismylife.org/tournaments/caracas/records/ages/oldestrounds,344,caracas,"Caracas",A,1983
https://stats.tennismylife.org/tournaments/caracas/records/ages/youngestrounds,344,caracas,"Caracas",A,1983
https://stats.tennismylife.org/tournaments/caracas/records/percentage,344,caracas,"Caracas",A,1983
https://stats.tennismylife.org/tournaments/caracas/records/percentage/wins,344,caracas,"Caracas",A,1983
https://stats.tennismylife.org/tournaments/caracas/records/percentage/rounds,344,caracas,"Caracas",A,1983
https://stats.tennismylife.org/tournaments/caracas/records/streak,344,caracas,"Caracas",A,1983
https://stats.tennismylife.org/tournaments/caracas/records/timespan,344,caracas,"Caracas",A,1983
https://stats.tennismylife.org/tournaments/caracas/records/rounds,344,caracas,"Caracas",A,1983
https://stats.tennismylife.org/tournaments/caracas/records/least,344,caracas,"Caracas",A,1983
https://stats.tennismylife.org/tournaments/caracas/records/roundsonentries,344,caracas,"Caracas",A,1983
https://stats.tennismylife.org/tournaments/carlsbad-wct/records,813,carlsbad-wct,"Carlsbad WCT",A,1982
https://stats.tennismylife.org/tournaments/carlsbad-wct/records/count,813,carlsbad-wct,"Carlsbad WCT",A,1982
https://stats.tennismylife.org/tournaments/carlsbad-wct/records/count/titles,813,carlsbad-wct,"Carlsbad WCT",A,1982
https://stats.tennismylife.org/tournaments/carlsbad-wct/records/count/wins,813,carlsbad-wct,"Carlsbad WCT",A,1982
https://stats.tennismylife.org/tournaments/carlsbad-wct/records/count/played,813,carlsbad-wct,"Carlsbad WCT",A,1982
https://stats.tennismylife.org/tournaments/carlsbad-wct/records/count/entries,813,carlsbad-wct,"Carlsbad WCT",A,1982
https://stats.tennismylife.org/tournaments/carlsbad-wct/records/ages,813,carlsbad-wct,"Carlsbad WCT",A,1982
https://stats.tennismylife.org/tournaments/carlsbad-wct/records/ages/main,813,carlsbad-wct,"Carlsbad WCT",A,1982
https://stats.tennismylife.org/tournaments/carlsbad-wct/records/ages/titles,813,carlsbad-wct,"Carlsbad WCT",A,1982
https://stats.tennismylife.org/tournaments/carlsbad-wct/records/ages/oldestrounds,813,carlsbad-wct,"Carlsbad WCT",A,1982
https://stats.tennismylife.org/tournaments/carlsbad-wct/records/ages/youngestrounds,813,carlsbad-wct,"Carlsbad WCT",A,1982
https://stats.tennismylife.org/tournaments/carlsbad-wct/records/percentage,813,carlsbad-wct,"Carlsbad WCT",A,1982
https://stats.tennismylife.org/tournaments/carlsbad-wct/records/percentage/wins,813,carlsbad-wct,"Carlsbad WCT",A,1982
https://stats.tennismylife.org/tournaments/carlsbad-wct/records/percentage/rounds,813,carlsbad-wct,"Carlsbad WCT",A,1982
https://stats.tennismylife.org/tournaments/carlsbad-wct/records/streak,813,carlsbad-wct,"Carlsbad WCT",A,1982
https://stats.tennismylife.org/tournaments/carlsbad-wct/records/timespan,813,carlsbad-wct,"Carlsbad WCT",A,1982
https://stats.tennismylife.org/tournaments/carlsbad-wct/records/rounds,813,carlsbad-wct,"Carlsbad WCT",A,1982
https://stats.tennismylife.org/tournaments/carlsbad-wct/records/least,813,carlsbad-wct,"Carlsbad WCT",A,1982
https://stats.tennismylife.org/tournaments/carlsbad-wct/records/roundsonentries,813,carlsbad-wct,"Carlsbad WCT",A,1982
https://stats.tennismylife.org/tournaments/casablanca/records,2063,casablanca,"Casablanca",A,1970
https://stats.tennismylife.org/tournaments/casablanca/records/count,2063,casablanca,"Casablanca",A,1970
https://stats.tennismylife.org/tournaments/casablanca/records/count/titles,2063,casablanca,"Casablanca",A,1970
https://stats.tennismylife.org/tournaments/casablanca/records/count/wins,2063,casablanca,"Casablanca",A,1970
https://stats.tennismylife.org/tournaments/casablanca/records/count/played,2063,casablanca,"Casablanca",A,1970
https://stats.tennismylife.org/tournaments/casablanca/records/count/entries,2063,casablanca,"Casablanca",A,1970
https://stats.tennismylife.org/tournaments/casablanca/records/ages,2063,casablanca,"Casablanca",A,1970
https://stats.tennismylife.org/tournaments/casablanca/records/ages/main,2063,casablanca,"Casablanca",A,1970
https://stats.tennismylife.org/tournaments/casablanca/records/ages/titles,2063,casablanca,"Casablanca",A,1970
https://stats.tennismylife.org/tournaments/casablanca/records/ages/oldestrounds,2063,casablanca,"Casablanca",A,1970
https://stats.tennismylife.org/tournaments/casablanca/records/ages/youngestrounds,2063,casablanca,"Casablanca",A,1970
https://stats.tennismylife.org/tournaments/casablanca/records/percentage,2063,casablanca,"Casablanca",A,1970
https://stats.tennismylife.org/tournaments/casablanca/records/percentage/wins,2063,casablanca,"Casablanca",A,1970
https://stats.tennismylife.org/tournaments/casablanca/records/percentage/rounds,2063,casablanca,"Casablanca",A,1970
https://stats.tennismylife.org/tournaments/casablanca/records/streak,2063,casablanca,"Casablanca",A,1970
https://stats.tennismylife.org/tournaments/casablanca/records/timespan,2063,casablanca,"Casablanca",A,1970
https://stats.tennismylife.org/tournaments/casablanca/records/rounds,2063,casablanca,"Casablanca",A,1970
https://stats.tennismylife.org/tournaments/casablanca/records/least,2063,casablanca,"Casablanca",A,1970
https://stats.tennismylife.org/tournaments/casablanca/records/roundsonentries,2063,casablanca,"Casablanca",A,1970
https://stats.tennismylife.org/tournaments/catania/records,2065,catania,"Catania",A,1971
https://stats.tennismylife.org/tournaments/catania/records/count,2065,catania,"Catania",A,1971
https://stats.tennismylife.org/tournaments/catania/records/count/titles,2065,catania,"Catania",A,1971
https://stats.tennismylife.org/tournaments/catania/records/count/wins,2065,catania,"Catania",A,1971
https://stats.tennismylife.org/tournaments/catania/records/count/played,2065,catania,"Catania",A,1971
https://stats.tennismylife.org/tournaments/catania/records/count/entries,2065,catania,"Catania",A,1971
https://stats.tennismylife.org/tournaments/catania/records/ages,2065,catania,"Catania",A,1971
https://stats.tennismylife.org/tournaments/catania/records/ages/main,2065,catania,"Catania",A,1971
https://stats.tennismylife.org/tournaments/catania/records/ages/titles,2065,catania,"Catania",A,1971
https://stats.tennismylife.org/tournaments/catania/records/ages/oldestrounds,2065,catania,"Catania",A,1971
https://stats.tennismylife.org/tournaments/catania/records/ages/youngestrounds,2065,catania,"Catania",A,1971
https://stats.tennismylife.org/tournaments/catania/records/percentage,2065,catania,"Catania",A,1971
https://stats.tennismylife.org/tournaments/catania/records/percentage/wins,2065,catania,"Catania",A,1971
https://stats.tennismylife.org/tournaments/catania/records/percentage/rounds,2065,catania,"Catania",A,1971
https://stats.tennismylife.org/tournaments/catania/records/streak,2065,catania,"Catania",A,1971
https://stats.tennismylife.org/tournaments/catania/records/timespan,2065,catania,"Catania",A,1971
https://stats.tennismylife.org/tournaments/catania/records/rounds,2065,catania,"Catania",A,1971
https://stats.tennismylife.org/tournaments/catania/records/least,2065,catania,"Catania",A,1971
https://stats.tennismylife.org/tournaments/catania/records/roundsonentries,2065,catania,"Catania",A,1971
https://stats.tennismylife.org/tournaments/catania-2/records,9338,catania-2,"Catania",A,1968
https://stats.tennismylife.org/tournaments/catania-2/records/count,9338,catania-2,"Catania",A,1968
https://stats.tennismylife.org/tournaments/catania-2/records/count/titles,9338,catania-2,"Catania",A,1968
https://stats.tennismylife.org/tournaments/catania-2/records/count/wins,9338,catania-2,"Catania",A,1968
https://stats.tennismylife.org/tournaments/catania-2/records/count/played,9338,catania-2,"Catania",A,1968
https://stats.tennismylife.org/tournaments/catania-2/records/count/entries,9338,catania-2,"Catania",A,1968
https://stats.tennismylife.org/tournaments/catania-2/records/ages,9338,catania-2,"Catania",A,1968
https://stats.tennismylife.org/tournaments/catania-2/records/ages/main,9338,catania-2,"Catania",A,1968
https://stats.tennismylife.org/tournaments/catania-2/records/ages/titles,9338,catania-2,"Catania",A,1968
https://stats.tennismylife.org/tournaments/catania-2/records/ages/oldestrounds,9338,catania-2,"Catania",A,1968
https://stats.tennismylife.org/tournaments/catania-2/records/ages/youngestrounds,9338,catania-2,"Catania",A,1968
https://stats.tennismylife.org/tournaments/catania-2/records/percentage,9338,catania-2,"Catania",A,1968
https://stats.tennismylife.org/tournaments/catania-2/records/percentage/wins,9338,catania-2,"Catania",A,1968
https://stats.tennismylife.org/tournaments/catania-2/records/percentage/rounds,9338,catania-2,"Catania",A,1968
https://stats.tennismylife.org/tournaments/catania-2/records/streak,9338,catania-2,"Catania",A,1968
https://stats.tennismylife.org/tournaments/catania-2/records/timespan,9338,catania-2,"Catania",A,1968
https://stats.tennismylife.org/tournaments/catania-2/records/rounds,9338,catania-2,"Catania",A,1968
https://stats.tennismylife.org/tournaments/catania-2/records/least,9338,catania-2,"Catania",A,1968
https://stats.tennismylife.org/tournaments/catania-2/records/roundsonentries,9338,catania-2,"Catania",A,1968
https://stats.tennismylife.org/tournaments/cedar-grove/records,2031,cedar-grove,"Cedar Grove",A,1974
https://stats.tennismylife.org/tournaments/cedar-grove/records/count,2031,cedar-grove,"Cedar Grove",A,1974
https://stats.tennismylife.org/tournaments/cedar-grove/records/count/titles,2031,cedar-grove,"Cedar Grove",A,1974
https://stats.tennismylife.org/tournaments/cedar-grove/records/count/wins,2031,cedar-grove,"Cedar Grove",A,1974
https://stats.tennismylife.org/tournaments/cedar-grove/records/count/played,2031,cedar-grove,"Cedar Grove",A,1974
https://stats.tennismylife.org/tournaments/cedar-grove/records/count/entries,2031,cedar-grove,"Cedar Grove",A,1974
https://stats.tennismylife.org/tournaments/cedar-grove/records/ages,2031,cedar-grove,"Cedar Grove",A,1974
https://stats.tennismylife.org/tournaments/cedar-grove/records/ages/main,2031,cedar-grove,"Cedar Grove",A,1974
https://stats.tennismylife.org/tournaments/cedar-grove/records/ages/titles,2031,cedar-grove,"Cedar Grove",A,1974
https://stats.tennismylife.org/tournaments/cedar-grove/records/ages/oldestrounds,2031,cedar-grove,"Cedar Grove",A,1974
https://stats.tennismylife.org/tournaments/cedar-grove/records/ages/youngestrounds,2031,cedar-grove,"Cedar Grove",A,1974
https://stats.tennismylife.org/tournaments/cedar-grove/records/percentage,2031,cedar-grove,"Cedar Grove",A,1974
https://stats.tennismylife.org/tournaments/cedar-grove/records/percentage/wins,2031,cedar-grove,"Cedar Grove",A,1974
https://stats.tennismylife.org/tournaments/cedar-grove/records/percentage/rounds,2031,cedar-grove,"Cedar Grove",A,1974
https://stats.tennismylife.org/tournaments/cedar-grove/records/streak,2031,cedar-grove,"Cedar Grove",A,1974
https://stats.tennismylife.org/tournaments/cedar-grove/records/timespan,2031,cedar-grove,"Cedar Grove",A,1974
https://stats.tennismylife.org/tournaments/cedar-grove/records/rounds,2031,cedar-grove,"Cedar Grove",A,1974
https://stats.tennismylife.org/tournaments/cedar-grove/records/least,2031,cedar-grove,"Cedar Grove",A,1974
https://stats.tennismylife.org/tournaments/cedar-grove/records/roundsonentries,2031,cedar-grove,"Cedar Grove",A,1974
https://stats.tennismylife.org/tournaments/charleston/records,6945,charleston,"Charleston",A,1973
https://stats.tennismylife.org/tournaments/charleston/records/count,6945,charleston,"Charleston",A,1973
https://stats.tennismylife.org/tournaments/charleston/records/count/titles,6945,charleston,"Charleston",A,1973
https://stats.tennismylife.org/tournaments/charleston/records/count/wins,6945,charleston,"Charleston",A,1973
https://stats.tennismylife.org/tournaments/charleston/records/count/played,6945,charleston,"Charleston",A,1973
https://stats.tennismylife.org/tournaments/charleston/records/count/entries,6945,charleston,"Charleston",A,1973
https://stats.tennismylife.org/tournaments/charleston/records/ages,6945,charleston,"Charleston",A,1973
https://stats.tennismylife.org/tournaments/charleston/records/ages/main,6945,charleston,"Charleston",A,1973
https://stats.tennismylife.org/tournaments/charleston/records/ages/titles,6945,charleston,"Charleston",A,1973
https://stats.tennismylife.org/tournaments/charleston/records/ages/oldestrounds,6945,charleston,"Charleston",A,1973
https://stats.tennismylife.org/tournaments/charleston/records/ages/youngestrounds,6945,charleston,"Charleston",A,1973
https://stats.tennismylife.org/tournaments/charleston/records/percentage,6945,charleston,"Charleston",A,1973
https://stats.tennismylife.org/tournaments/charleston/records/percentage/wins,6945,charleston,"Charleston",A,1973
https://stats.tennismylife.org/tournaments/charleston/records/percentage/rounds,6945,charleston,"Charleston",A,1973
https://stats.tennismylife.org/tournaments/charleston/records/streak,6945,charleston,"Charleston",A,1973
https://stats.tennismylife.org/tournaments/charleston/records/timespan,6945,charleston,"Charleston",A,1973
https://stats.tennismylife.org/tournaments/charleston/records/rounds,6945,charleston,"Charleston",A,1973
https://stats.tennismylife.org/tournaments/charleston/records/least,6945,charleston,"Charleston",A,1973
https://stats.tennismylife.org/tournaments/charleston/records/roundsonentries,6945,charleston,"Charleston",A,1973
https://stats.tennismylife.org/tournaments/chicago/records,411,chicago,"Chicago",A|250,1991
https://stats.tennismylife.org/tournaments/chicago/records/count,411,chicago,"Chicago",A|250,1991
https://stats.tennismylife.org/tournaments/chicago/records/count/titles,411,chicago,"Chicago",A|250,1991
https://stats.tennismylife.org/tournaments/chicago/records/count/wins,411,chicago,"Chicago",A|250,1991
https://stats.tennismylife.org/tournaments/chicago/records/count/played,411,chicago,"Chicago",A|250,1991
https://stats.tennismylife.org/tournaments/chicago/records/count/entries,411,chicago,"Chicago",A|250,1991
https://stats.tennismylife.org/tournaments/chicago/records/ages,411,chicago,"Chicago",A|250,1991
https://stats.tennismylife.org/tournaments/chicago/records/ages/main,411,chicago,"Chicago",A|250,1991
https://stats.tennismylife.org/tournaments/chicago/records/ages/titles,411,chicago,"Chicago",A|250,1991
https://stats.tennismylife.org/tournaments/chicago/records/ages/oldestrounds,411,chicago,"Chicago",A|250,1991
https://stats.tennismylife.org/tournaments/chicago/records/ages/youngestrounds,411,chicago,"Chicago",A|250,1991
https://stats.tennismylife.org/tournaments/chicago/records/percentage,411,chicago,"Chicago",A|250,1991
https://stats.tennismylife.org/tournaments/chicago/records/percentage/wins,411,chicago,"Chicago",A|250,1991
https://stats.tennismylife.org/tournaments/chicago/records/percentage/rounds,411,chicago,"Chicago",A|250,1991
https://stats.tennismylife.org/tournaments/chicago/records/streak,411,chicago,"Chicago",A|250,1991
https://stats.tennismylife.org/tournaments/chicago/records/timespan,411,chicago,"Chicago",A|250,1991
https://stats.tennismylife.org/tournaments/chicago/records/rounds,411,chicago,"Chicago",A|250,1991
https://stats.tennismylife.org/tournaments/chicago/records/least,411,chicago,"Chicago",A|250,1991
https://stats.tennismylife.org/tournaments/chicago/records/roundsonentries,411,chicago,"Chicago",A|250,1991
https://stats.tennismylife.org/tournaments/chicago-wct/records,818,chicago-wct,"Chicago WCT",A,1982
https://stats.tennismylife.org/tournaments/chicago-wct/records/count,818,chicago-wct,"Chicago WCT",A,1982
https://stats.tennismylife.org/tournaments/chicago-wct/records/count/titles,818,chicago-wct,"Chicago WCT",A,1982
https://stats.tennismylife.org/tournaments/chicago-wct/records/count/wins,818,chicago-wct,"Chicago WCT",A,1982
https://stats.tennismylife.org/tournaments/chicago-wct/records/count/played,818,chicago-wct,"Chicago WCT",A,1982
https://stats.tennismylife.org/tournaments/chicago-wct/records/count/entries,818,chicago-wct,"Chicago WCT",A,1982
https://stats.tennismylife.org/tournaments/chicago-wct/records/ages,818,chicago-wct,"Chicago WCT",A,1982
https://stats.tennismylife.org/tournaments/chicago-wct/records/ages/main,818,chicago-wct,"Chicago WCT",A,1982
https://stats.tennismylife.org/tournaments/chicago-wct/records/ages/titles,818,chicago-wct,"Chicago WCT",A,1982
https://stats.tennismylife.org/tournaments/chicago-wct/records/ages/oldestrounds,818,chicago-wct,"Chicago WCT",A,1982
https://stats.tennismylife.org/tournaments/chicago-wct/records/ages/youngestrounds,818,chicago-wct,"Chicago WCT",A,1982
https://stats.tennismylife.org/tournaments/chicago-wct/records/percentage,818,chicago-wct,"Chicago WCT",A,1982
https://stats.tennismylife.org/tournaments/chicago-wct/records/percentage/wins,818,chicago-wct,"Chicago WCT",A,1982
https://stats.tennismylife.org/tournaments/chicago-wct/records/percentage/rounds,818,chicago-wct,"Chicago WCT",A,1982
https://stats.tennismylife.org/tournaments/chicago-wct/records/streak,818,chicago-wct,"Chicago WCT",A,1982
https://stats.tennismylife.org/tournaments/chicago-wct/records/timespan,818,chicago-wct,"Chicago WCT",A,1982
https://stats.tennismylife.org/tournaments/chicago-wct/records/rounds,818,chicago-wct,"Chicago WCT",A,1982
https://stats.tennismylife.org/tournaments/chicago-wct/records/least,818,chicago-wct,"Chicago WCT",A,1982
https://stats.tennismylife.org/tournaments/chicago-wct/records/roundsonentries,818,chicago-wct,"Chicago WCT",A,1982
https://stats.tennismylife.org/tournaments/christchurch/records,2032,christchurch,"Christchurch",A,1974
https://stats.tennismylife.org/tournaments/christchurch/records/count,2032,christchurch,"Christchurch",A,1974
https://stats.tennismylife.org/tournaments/christchurch/records/count/titles,2032,christchurch,"Christchurch",A,1974
https://stats.tennismylife.org/tournaments/christchurch/records/count/wins,2032,christchurch,"Christchurch",A,1974
https://stats.tennismylife.org/tournaments/christchurch/records/count/played,2032,christchurch,"Christchurch",A,1974
https://stats.tennismylife.org/tournaments/christchurch/records/count/entries,2032,christchurch,"Christchurch",A,1974
https://stats.tennismylife.org/tournaments/christchurch/records/ages,2032,christchurch,"Christchurch",A,1974
https://stats.tennismylife.org/tournaments/christchurch/records/ages/main,2032,christchurch,"Christchurch",A,1974
https://stats.tennismylife.org/tournaments/christchurch/records/ages/titles,2032,christchurch,"Christchurch",A,1974
https://stats.tennismylife.org/tournaments/christchurch/records/ages/oldestrounds,2032,christchurch,"Christchurch",A,1974
https://stats.tennismylife.org/tournaments/christchurch/records/ages/youngestrounds,2032,christchurch,"Christchurch",A,1974
https://stats.tennismylife.org/tournaments/christchurch/records/percentage,2032,christchurch,"Christchurch",A,1974
https://stats.tennismylife.org/tournaments/christchurch/records/percentage/wins,2032,christchurch,"Christchurch",A,1974
https://stats.tennismylife.org/tournaments/christchurch/records/percentage/rounds,2032,christchurch,"Christchurch",A,1974
https://stats.tennismylife.org/tournaments/christchurch/records/streak,2032,christchurch,"Christchurch",A,1974
https://stats.tennismylife.org/tournaments/christchurch/records/timespan,2032,christchurch,"Christchurch",A,1974
https://stats.tennismylife.org/tournaments/christchurch/records/rounds,2032,christchurch,"Christchurch",A,1974
https://stats.tennismylife.org/tournaments/christchurch/records/least,2032,christchurch,"Christchurch",A,1974
https://stats.tennismylife.org/tournaments/christchurch/records/roundsonentries,2032,christchurch,"Christchurch",A,1974
https://stats.tennismylife.org/tournaments/clemmons/records,2051,clemmons,"Clemmons",A,1973
https://stats.tennismylife.org/tournaments/clemmons/records/count,2051,clemmons,"Clemmons",A,1973
https://stats.tennismylife.org/tournaments/clemmons/records/count/titles,2051,clemmons,"Clemmons",A,1973
https://stats.tennismylife.org/tournaments/clemmons/records/count/wins,2051,clemmons,"Clemmons",A,1973
https://stats.tennismylife.org/tournaments/clemmons/records/count/played,2051,clemmons,"Clemmons",A,1973
https://stats.tennismylife.org/tournaments/clemmons/records/count/entries,2051,clemmons,"Clemmons",A,1973
https://stats.tennismylife.org/tournaments/clemmons/records/ages,2051,clemmons,"Clemmons",A,1973
https://stats.tennismylife.org/tournaments/clemmons/records/ages/main,2051,clemmons,"Clemmons",A,1973
https://stats.tennismylife.org/tournaments/clemmons/records/ages/titles,2051,clemmons,"Clemmons",A,1973
https://stats.tennismylife.org/tournaments/clemmons/records/ages/oldestrounds,2051,clemmons,"Clemmons",A,1973
https://stats.tennismylife.org/tournaments/clemmons/records/ages/youngestrounds,2051,clemmons,"Clemmons",A,1973
https://stats.tennismylife.org/tournaments/clemmons/records/percentage,2051,clemmons,"Clemmons",A,1973
https://stats.tennismylife.org/tournaments/clemmons/records/percentage/wins,2051,clemmons,"Clemmons",A,1973
https://stats.tennismylife.org/tournaments/clemmons/records/percentage/rounds,2051,clemmons,"Clemmons",A,1973
https://stats.tennismylife.org/tournaments/clemmons/records/streak,2051,clemmons,"Clemmons",A,1973
https://stats.tennismylife.org/tournaments/clemmons/records/timespan,2051,clemmons,"Clemmons",A,1973
https://stats.tennismylife.org/tournaments/clemmons/records/rounds,2051,clemmons,"Clemmons",A,1973
https://stats.tennismylife.org/tournaments/clemmons/records/least,2051,clemmons,"Clemmons",A,1973
https://stats.tennismylife.org/tournaments/clemmons/records/roundsonentries,2051,clemmons,"Clemmons",A,1973
https://stats.tennismylife.org/tournaments/cleveland/records,320,cleveland,"Cleveland",A,1985
https://stats.tennismylife.org/tournaments/cleveland/records/count,320,cleveland,"Cleveland",A,1985
https://stats.tennismylife.org/tournaments/cleveland/records/count/titles,320,cleveland,"Cleveland",A,1985
https://stats.tennismylife.org/tournaments/cleveland/records/count/wins,320,cleveland,"Cleveland",A,1985
https://stats.tennismylife.org/tournaments/cleveland/records/count/played,320,cleveland,"Cleveland",A,1985
https://stats.tennismylife.org/tournaments/cleveland/records/count/entries,320,cleveland,"Cleveland",A,1985
https://stats.tennismylife.org/tournaments/cleveland/records/ages,320,cleveland,"Cleveland",A,1985
https://stats.tennismylife.org/tournaments/cleveland/records/ages/main,320,cleveland,"Cleveland",A,1985
https://stats.tennismylife.org/tournaments/cleveland/records/ages/titles,320,cleveland,"Cleveland",A,1985
https://stats.tennismylife.org/tournaments/cleveland/records/ages/oldestrounds,320,cleveland,"Cleveland",A,1985
https://stats.tennismylife.org/tournaments/cleveland/records/ages/youngestrounds,320,cleveland,"Cleveland",A,1985
https://stats.tennismylife.org/tournaments/cleveland/records/percentage,320,cleveland,"Cleveland",A,1985
https://stats.tennismylife.org/tournaments/cleveland/records/percentage/wins,320,cleveland,"Cleveland",A,1985
https://stats.tennismylife.org/tournaments/cleveland/records/percentage/rounds,320,cleveland,"Cleveland",A,1985
https://stats.tennismylife.org/tournaments/cleveland/records/streak,320,cleveland,"Cleveland",A,1985
https://stats.tennismylife.org/tournaments/cleveland/records/timespan,320,cleveland,"Cleveland",A,1985
https://stats.tennismylife.org/tournaments/cleveland/records/rounds,320,cleveland,"Cleveland",A,1985
https://stats.tennismylife.org/tournaments/cleveland/records/least,320,cleveland,"Cleveland",A,1985
https://stats.tennismylife.org/tournaments/cleveland/records/roundsonentries,320,cleveland,"Cleveland",A,1985
https://stats.tennismylife.org/tournaments/cleveland-1/records,9215,cleveland-1,"Cleveland-1",A,1972
https://stats.tennismylife.org/tournaments/cleveland-1/records/count,9215,cleveland-1,"Cleveland-1",A,1972
https://stats.tennismylife.org/tournaments/cleveland-1/records/count/titles,9215,cleveland-1,"Cleveland-1",A,1972
https://stats.tennismylife.org/tournaments/cleveland-1/records/count/wins,9215,cleveland-1,"Cleveland-1",A,1972
https://stats.tennismylife.org/tournaments/cleveland-1/records/count/played,9215,cleveland-1,"Cleveland-1",A,1972
https://stats.tennismylife.org/tournaments/cleveland-1/records/count/entries,9215,cleveland-1,"Cleveland-1",A,1972
https://stats.tennismylife.org/tournaments/cleveland-1/records/ages,9215,cleveland-1,"Cleveland-1",A,1972
https://stats.tennismylife.org/tournaments/cleveland-1/records/ages/main,9215,cleveland-1,"Cleveland-1",A,1972
https://stats.tennismylife.org/tournaments/cleveland-1/records/ages/titles,9215,cleveland-1,"Cleveland-1",A,1972
https://stats.tennismylife.org/tournaments/cleveland-1/records/ages/oldestrounds,9215,cleveland-1,"Cleveland-1",A,1972
https://stats.tennismylife.org/tournaments/cleveland-1/records/ages/youngestrounds,9215,cleveland-1,"Cleveland-1",A,1972
https://stats.tennismylife.org/tournaments/cleveland-1/records/percentage,9215,cleveland-1,"Cleveland-1",A,1972
https://stats.tennismylife.org/tournaments/cleveland-1/records/percentage/wins,9215,cleveland-1,"Cleveland-1",A,1972
https://stats.tennismylife.org/tournaments/cleveland-1/records/percentage/rounds,9215,cleveland-1,"Cleveland-1",A,1972
https://stats.tennismylife.org/tournaments/cleveland-1/records/streak,9215,cleveland-1,"Cleveland-1",A,1972
https://stats.tennismylife.org/tournaments/cleveland-1/records/timespan,9215,cleveland-1,"Cleveland-1",A,1972
https://stats.tennismylife.org/tournaments/cleveland-1/records/rounds,9215,cleveland-1,"Cleveland-1",A,1972
https://stats.tennismylife.org/tournaments/cleveland-1/records/least,9215,cleveland-1,"Cleveland-1",A,1972
https://stats.tennismylife.org/tournaments/cleveland-1/records/roundsonentries,9215,cleveland-1,"Cleveland-1",A,1972
https://stats.tennismylife.org/tournaments/cologne/records,332,cologne,"Cologne",A,1986
https://stats.tennismylife.org/tournaments/cologne/records/count,332,cologne,"Cologne",A,1986
https://stats.tennismylife.org/tournaments/cologne/records/count/titles,332,cologne,"Cologne",A,1986
https://stats.tennismylife.org/tournaments/cologne/records/count/wins,332,cologne,"Cologne",A,1986
https://stats.tennismylife.org/tournaments/cologne/records/count/played,332,cologne,"Cologne",A,1986
https://stats.tennismylife.org/tournaments/cologne/records/count/entries,332,cologne,"Cologne",A,1986
https://stats.tennismylife.org/tournaments/cologne/records/ages,332,cologne,"Cologne",A,1986
https://stats.tennismylife.org/tournaments/cologne/records/ages/main,332,cologne,"Cologne",A,1986
https://stats.tennismylife.org/tournaments/cologne/records/ages/titles,332,cologne,"Cologne",A,1986
https://stats.tennismylife.org/tournaments/cologne/records/ages/oldestrounds,332,cologne,"Cologne",A,1986
https://stats.tennismylife.org/tournaments/cologne/records/ages/youngestrounds,332,cologne,"Cologne",A,1986
https://stats.tennismylife.org/tournaments/cologne/records/percentage,332,cologne,"Cologne",A,1986
https://stats.tennismylife.org/tournaments/cologne/records/percentage/wins,332,cologne,"Cologne",A,1986
https://stats.tennismylife.org/tournaments/cologne/records/percentage/rounds,332,cologne,"Cologne",A,1986
https://stats.tennismylife.org/tournaments/cologne/records/streak,332,cologne,"Cologne",A,1986
https://stats.tennismylife.org/tournaments/cologne/records/timespan,332,cologne,"Cologne",A,1986
https://stats.tennismylife.org/tournaments/cologne/records/rounds,332,cologne,"Cologne",A,1986
https://stats.tennismylife.org/tournaments/cologne/records/least,332,cologne,"Cologne",A,1986
https://stats.tennismylife.org/tournaments/cologne/records/roundsonentries,332,cologne,"Cologne",A,1986
https://stats.tennismylife.org/tournaments/cologne-2/records,7300,cologne-2,"Cologne",250,1992
https://stats.tennismylife.org/tournaments/cologne-2/records/count,7300,cologne-2,"Cologne",250,1992
https://stats.tennismylife.org/tournaments/cologne-2/records/count/titles,7300,cologne-2,"Cologne",250,1992
https://stats.tennismylife.org/tournaments/cologne-2/records/count/wins,7300,cologne-2,"Cologne",250,1992
https://stats.tennismylife.org/tournaments/cologne-2/records/count/played,7300,cologne-2,"Cologne",250,1992
https://stats.tennismylife.org/tournaments/cologne-2/records/count/entries,7300,cologne-2,"Cologne",250,1992
https://stats.tennismylife.org/tournaments/cologne-2/records/ages,7300,cologne-2,"Cologne",250,1992
https://stats.tennismylife.org/tournaments/cologne-2/records/ages/main,7300,cologne-2,"Cologne",250,1992
https://stats.tennismylife.org/tournaments/cologne-2/records/ages/titles,7300,cologne-2,"Cologne",250,1992
https://stats.tennismylife.org/tournaments/cologne-2/records/ages/oldestrounds,7300,cologne-2,"Cologne",250,1992
https://stats.tennismylife.org/tournaments/cologne-2/records/ages/youngestrounds,7300,cologne-2,"Cologne",250,1992
https://stats.tennismylife.org/tournaments/cologne-2/records/percentage,7300,cologne-2,"Cologne",250,1992
https://stats.tennismylife.org/tournaments/cologne-2/records/percentage/wins,7300,cologne-2,"Cologne",250,1992
https://stats.tennismylife.org/tournaments/cologne-2/records/percentage/rounds,7300,cologne-2,"Cologne",250,1992
https://stats.tennismylife.org/tournaments/cologne-2/records/streak,7300,cologne-2,"Cologne",250,1992
https://stats.tennismylife.org/tournaments/cologne-2/records/timespan,7300,cologne-2,"Cologne",250,1992
https://stats.tennismylife.org/tournaments/cologne-2/records/rounds,7300,cologne-2,"Cologne",250,1992
https://stats.tennismylife.org/tournaments/cologne-2/records/least,7300,cologne-2,"Cologne",250,1992
https://stats.tennismylife.org/tournaments/cologne-2/records/roundsonentries,7300,cologne-2,"Cologne",250,1992
https://stats.tennismylife.org/tournaments/columbia/records,9214,columbia,"Columbia",A,1973
https://stats.tennismylife.org/tournaments/columbia/records/count,9214,columbia,"Columbia",A,1973
https://stats.tennismylife.org/tournaments/columbia/records/count/titles,9214,columbia,"Columbia",A,1973
https://stats.tennismylife.org/tournaments/columbia/records/count/wins,9214,columbia,"Columbia",A,1973
https://stats.tennismylife.org/tournaments/columbia/records/count/played,9214,columbia,"Columbia",A,1973
https://stats.tennismylife.org/tournaments/columbia/records/count/entries,9214,columbia,"Columbia",A,1973
https://stats.tennismylife.org/tournaments/columbia/records/ages,9214,columbia,"Columbia",A,1973
https://stats.tennismylife.org/tournaments/columbia/records/ages/main,9214,columbia,"Columbia",A,1973
https://stats.tennismylife.org/tournaments/columbia/records/ages/titles,9214,columbia,"Columbia",A,1973
https://stats.tennismylife.org/tournaments/columbia/records/ages/oldestrounds,9214,columbia,"Columbia",A,1973
https://stats.tennismylife.org/tournaments/columbia/records/ages/youngestrounds,9214,columbia,"Columbia",A,1973
https://stats.tennismylife.org/tournaments/columbia/records/percentage,9214,columbia,"Columbia",A,1973
https://stats.tennismylife.org/tournaments/columbia/records/percentage/wins,9214,columbia,"Columbia",A,1973
https://stats.tennismylife.org/tournaments/columbia/records/percentage/rounds,9214,columbia,"Columbia",A,1973
https://stats.tennismylife.org/tournaments/columbia/records/streak,9214,columbia,"Columbia",A,1973
https://stats.tennismylife.org/tournaments/columbia/records/timespan,9214,columbia,"Columbia",A,1973
https://stats.tennismylife.org/tournaments/columbia/records/rounds,9214,columbia,"Columbia",A,1973
https://stats.tennismylife.org/tournaments/columbia/records/least,9214,columbia,"Columbia",A,1973
https://stats.tennismylife.org/tournaments/columbia/records/roundsonentries,9214,columbia,"Columbia",A,1973
https://stats.tennismylife.org/tournaments/columbus/records,343,columbus,"Columbus",A,1984
https://stats.tennismylife.org/tournaments/columbus/records/count,343,columbus,"Columbus",A,1984
https://stats.tennismylife.org/tournaments/columbus/records/count/titles,343,columbus,"Columbus",A,1984
https://stats.tennismylife.org/tournaments/columbus/records/count/wins,343,columbus,"Columbus",A,1984
https://stats.tennismylife.org/tournaments/columbus/records/count/played,343,columbus,"Columbus",A,1984
https://stats.tennismylife.org/tournaments/columbus/records/count/entries,343,columbus,"Columbus",A,1984
https://stats.tennismylife.org/tournaments/columbus/records/ages,343,columbus,"Columbus",A,1984
https://stats.tennismylife.org/tournaments/columbus/records/ages/main,343,columbus,"Columbus",A,1984
https://stats.tennismylife.org/tournaments/columbus/records/ages/titles,343,columbus,"Columbus",A,1984
https://stats.tennismylife.org/tournaments/columbus/records/ages/oldestrounds,343,columbus,"Columbus",A,1984
https://stats.tennismylife.org/tournaments/columbus/records/ages/youngestrounds,343,columbus,"Columbus",A,1984
https://stats.tennismylife.org/tournaments/columbus/records/percentage,343,columbus,"Columbus",A,1984
https://stats.tennismylife.org/tournaments/columbus/records/percentage/wins,343,columbus,"Columbus",A,1984
https://stats.tennismylife.org/tournaments/columbus/records/percentage/rounds,343,columbus,"Columbus",A,1984
https://stats.tennismylife.org/tournaments/columbus/records/streak,343,columbus,"Columbus",A,1984
https://stats.tennismylife.org/tournaments/columbus/records/timespan,343,columbus,"Columbus",A,1984
https://stats.tennismylife.org/tournaments/columbus/records/rounds,343,columbus,"Columbus",A,1984
https://stats.tennismylife.org/tournaments/columbus/records/least,343,columbus,"Columbus",A,1984
https://stats.tennismylife.org/tournaments/columbus/records/roundsonentries,343,columbus,"Columbus",A,1984
https://stats.tennismylife.org/tournaments/columbus-wct/records,662,columbus-wct,"Columbus WCT",A,1976
https://stats.tennismylife.org/tournaments/columbus-wct/records/count,662,columbus-wct,"Columbus WCT",A,1976
https://stats.tennismylife.org/tournaments/columbus-wct/records/count/titles,662,columbus-wct,"Columbus WCT",A,1976
https://stats.tennismylife.org/tournaments/columbus-wct/records/count/wins,662,columbus-wct,"Columbus WCT",A,1976
https://stats.tennismylife.org/tournaments/columbus-wct/records/count/played,662,columbus-wct,"Columbus WCT",A,1976
https://stats.tennismylife.org/tournaments/columbus-wct/records/count/entries,662,columbus-wct,"Columbus WCT",A,1976
https://stats.tennismylife.org/tournaments/columbus-wct/records/ages,662,columbus-wct,"Columbus WCT",A,1976
https://stats.tennismylife.org/tournaments/columbus-wct/records/ages/main,662,columbus-wct,"Columbus WCT",A,1976
https://stats.tennismylife.org/tournaments/columbus-wct/records/ages/titles,662,columbus-wct,"Columbus WCT",A,1976
https://stats.tennismylife.org/tournaments/columbus-wct/records/ages/oldestrounds,662,columbus-wct,"Columbus WCT",A,1976
https://stats.tennismylife.org/tournaments/columbus-wct/records/ages/youngestrounds,662,columbus-wct,"Columbus WCT",A,1976
https://stats.tennismylife.org/tournaments/columbus-wct/records/percentage,662,columbus-wct,"Columbus WCT",A,1976
https://stats.tennismylife.org/tournaments/columbus-wct/records/percentage/wins,662,columbus-wct,"Columbus WCT",A,1976
https://stats.tennismylife.org/tournaments/columbus-wct/records/percentage/rounds,662,columbus-wct,"Columbus WCT",A,1976
https://stats.tennismylife.org/tournaments/columbus-wct/records/streak,662,columbus-wct,"Columbus WCT",A,1976
https://stats.tennismylife.org/tournaments/columbus-wct/records/timespan,662,columbus-wct,"Columbus WCT",A,1976
https://stats.tennismylife.org/tournaments/columbus-wct/records/rounds,662,columbus-wct,"Columbus WCT",A,1976
https://stats.tennismylife.org/tournaments/columbus-wct/records/least,662,columbus-wct,"Columbus WCT",A,1976
https://stats.tennismylife.org/tournaments/columbus-wct/records/roundsonentries,662,columbus-wct,"Columbus WCT",A,1976
https://stats.tennismylife.org/tournaments/copenhagen/records,481,copenhagen,"Copenhagen",A|250,2003
https://stats.tennismylife.org/tournaments/copenhagen/records/count,481,copenhagen,"Copenhagen",A|250,2003
https://stats.tennismylife.org/tournaments/copenhagen/records/count/titles,481,copenhagen,"Copenhagen",A|250,2003
https://stats.tennismylife.org/tournaments/copenhagen/records/count/wins,481,copenhagen,"Copenhagen",A|250,2003
https://stats.tennismylife.org/tournaments/copenhagen/records/count/played,481,copenhagen,"Copenhagen",A|250,2003
https://stats.tennismylife.org/tournaments/copenhagen/records/count/entries,481,copenhagen,"Copenhagen",A|250,2003
https://stats.tennismylife.org/tournaments/copenhagen/records/ages,481,copenhagen,"Copenhagen",A|250,2003
https://stats.tennismylife.org/tournaments/copenhagen/records/ages/main,481,copenhagen,"Copenhagen",A|250,2003
https://stats.tennismylife.org/tournaments/copenhagen/records/ages/titles,481,copenhagen,"Copenhagen",A|250,2003
https://stats.tennismylife.org/tournaments/copenhagen/records/ages/oldestrounds,481,copenhagen,"Copenhagen",A|250,2003
https://stats.tennismylife.org/tournaments/copenhagen/records/ages/youngestrounds,481,copenhagen,"Copenhagen",A|250,2003
https://stats.tennismylife.org/tournaments/copenhagen/records/percentage,481,copenhagen,"Copenhagen",A|250,2003
https://stats.tennismylife.org/tournaments/copenhagen/records/percentage/wins,481,copenhagen,"Copenhagen",A|250,2003
https://stats.tennismylife.org/tournaments/copenhagen/records/percentage/rounds,481,copenhagen,"Copenhagen",A|250,2003
https://stats.tennismylife.org/tournaments/copenhagen/records/streak,481,copenhagen,"Copenhagen",A|250,2003
https://stats.tennismylife.org/tournaments/copenhagen/records/timespan,481,copenhagen,"Copenhagen",A|250,2003
https://stats.tennismylife.org/tournaments/copenhagen/records/rounds,481,copenhagen,"Copenhagen",A|250,2003
https://stats.tennismylife.org/tournaments/copenhagen/records/least,481,copenhagen,"Copenhagen",A|250,2003
https://stats.tennismylife.org/tournaments/copenhagen/records/roundsonentries,481,copenhagen,"Copenhagen",A|250,2003
https://stats.tennismylife.org/tournaments/corpus-christi/records,6816,corpus-christi,"Corpus Christi",A,1970
https://stats.tennismylife.org/tournaments/corpus-christi/records/count,6816,corpus-christi,"Corpus Christi",A,1970
https://stats.tennismylife.org/tournaments/corpus-christi/records/count/titles,6816,corpus-christi,"Corpus Christi",A,1970
https://stats.tennismylife.org/tournaments/corpus-christi/records/count/wins,6816,corpus-christi,"Corpus Christi",A,1970
https://stats.tennismylife.org/tournaments/corpus-christi/records/count/played,6816,corpus-christi,"Corpus Christi",A,1970
https://stats.tennismylife.org/tournaments/corpus-christi/records/count/entries,6816,corpus-christi,"Corpus Christi",A,1970
https://stats.tennismylife.org/tournaments/corpus-christi/records/ages,6816,corpus-christi,"Corpus Christi",A,1970
https://stats.tennismylife.org/tournaments/corpus-christi/records/ages/main,6816,corpus-christi,"Corpus Christi",A,1970
https://stats.tennismylife.org/tournaments/corpus-christi/records/ages/titles,6816,corpus-christi,"Corpus Christi",A,1970
https://stats.tennismylife.org/tournaments/corpus-christi/records/ages/oldestrounds,6816,corpus-christi,"Corpus Christi",A,1970
https://stats.tennismylife.org/tournaments/corpus-christi/records/ages/youngestrounds,6816,corpus-christi,"Corpus Christi",A,1970
https://stats.tennismylife.org/tournaments/corpus-christi/records/percentage,6816,corpus-christi,"Corpus Christi",A,1970
https://stats.tennismylife.org/tournaments/corpus-christi/records/percentage/wins,6816,corpus-christi,"Corpus Christi",A,1970
https://stats.tennismylife.org/tournaments/corpus-christi/records/percentage/rounds,6816,corpus-christi,"Corpus Christi",A,1970
https://stats.tennismylife.org/tournaments/corpus-christi/records/streak,6816,corpus-christi,"Corpus Christi",A,1970
https://stats.tennismylife.org/tournaments/corpus-christi/records/timespan,6816,corpus-christi,"Corpus Christi",A,1970
https://stats.tennismylife.org/tournaments/corpus-christi/records/rounds,6816,corpus-christi,"Corpus Christi",A,1970
https://stats.tennismylife.org/tournaments/corpus-christi/records/least,6816,corpus-christi,"Corpus Christi",A,1970
https://stats.tennismylife.org/tournaments/corpus-christi/records/roundsonentries,6816,corpus-christi,"Corpus Christi",A,1970
https://stats.tennismylife.org/tournaments/curacao/records,9277,curacao,"Curacao",A,1970
https://stats.tennismylife.org/tournaments/curacao/records/count,9277,curacao,"Curacao",A,1970
https://stats.tennismylife.org/tournaments/curacao/records/count/titles,9277,curacao,"Curacao",A,1970
https://stats.tennismylife.org/tournaments/curacao/records/count/wins,9277,curacao,"Curacao",A,1970
https://stats.tennismylife.org/tournaments/curacao/records/count/played,9277,curacao,"Curacao",A,1970
https://stats.tennismylife.org/tournaments/curacao/records/count/entries,9277,curacao,"Curacao",A,1970
https://stats.tennismylife.org/tournaments/curacao/records/ages,9277,curacao,"Curacao",A,1970
https://stats.tennismylife.org/tournaments/curacao/records/ages/main,9277,curacao,"Curacao",A,1970
https://stats.tennismylife.org/tournaments/curacao/records/ages/titles,9277,curacao,"Curacao",A,1970
https://stats.tennismylife.org/tournaments/curacao/records/ages/oldestrounds,9277,curacao,"Curacao",A,1970
https://stats.tennismylife.org/tournaments/curacao/records/ages/youngestrounds,9277,curacao,"Curacao",A,1970
https://stats.tennismylife.org/tournaments/curacao/records/percentage,9277,curacao,"Curacao",A,1970
https://stats.tennismylife.org/tournaments/curacao/records/percentage/wins,9277,curacao,"Curacao",A,1970
https://stats.tennismylife.org/tournaments/curacao/records/percentage/rounds,9277,curacao,"Curacao",A,1970
https://stats.tennismylife.org/tournaments/curacao/records/streak,9277,curacao,"Curacao",A,1970
https://stats.tennismylife.org/tournaments/curacao/records/timespan,9277,curacao,"Curacao",A,1970
https://stats.tennismylife.org/tournaments/curacao/records/rounds,9277,curacao,"Curacao",A,1970
https://stats.tennismylife.org/tournaments/curacao/records/least,9277,curacao,"Curacao",A,1970
https://stats.tennismylife.org/tournaments/curacao/records/roundsonentries,9277,curacao,"Curacao",A,1970
https://stats.tennismylife.org/tournaments/dallas/records,388,dallas,"Dallas",A,1983
https://stats.tennismylife.org/tournaments/dallas/records/count,388,dallas,"Dallas",A,1983
https://stats.tennismylife.org/tournaments/dallas/records/count/titles,388,dallas,"Dallas",A,1983
https://stats.tennismylife.org/tournaments/dallas/records/count/wins,388,dallas,"Dallas",A,1983
https://stats.tennismylife.org/tournaments/dallas/records/count/played,388,dallas,"Dallas",A,1983
https://stats.tennismylife.org/tournaments/dallas/records/count/entries,388,dallas,"Dallas",A,1983
https://stats.tennismylife.org/tournaments/dallas/records/ages,388,dallas,"Dallas",A,1983
https://stats.tennismylife.org/tournaments/dallas/records/ages/main,388,dallas,"Dallas",A,1983
https://stats.tennismylife.org/tournaments/dallas/records/ages/titles,388,dallas,"Dallas",A,1983
https://stats.tennismylife.org/tournaments/dallas/records/ages/oldestrounds,388,dallas,"Dallas",A,1983
https://stats.tennismylife.org/tournaments/dallas/records/ages/youngestrounds,388,dallas,"Dallas",A,1983
https://stats.tennismylife.org/tournaments/dallas/records/percentage,388,dallas,"Dallas",A,1983
https://stats.tennismylife.org/tournaments/dallas/records/percentage/wins,388,dallas,"Dallas",A,1983
https://stats.tennismylife.org/tournaments/dallas/records/percentage/rounds,388,dallas,"Dallas",A,1983
https://stats.tennismylife.org/tournaments/dallas/records/streak,388,dallas,"Dallas",A,1983
https://stats.tennismylife.org/tournaments/dallas/records/timespan,388,dallas,"Dallas",A,1983
https://stats.tennismylife.org/tournaments/dallas/records/rounds,388,dallas,"Dallas",A,1983
https://stats.tennismylife.org/tournaments/dallas/records/least,388,dallas,"Dallas",A,1983
https://stats.tennismylife.org/tournaments/dallas/records/roundsonentries,388,dallas,"Dallas",A,1983
https://stats.tennismylife.org/tournaments/dayton/records,716,dayton,"Dayton",A,1980
https://stats.tennismylife.org/tournaments/dayton/records/count,716,dayton,"Dayton",A,1980
https://stats.tennismylife.org/tournaments/dayton/records/count/titles,716,dayton,"Dayton",A,1980
https://stats.tennismylife.org/tournaments/dayton/records/count/wins,716,dayton,"Dayton",A,1980
https://stats.tennismylife.org/tournaments/dayton/records/count/played,716,dayton,"Dayton",A,1980
https://stats.tennismylife.org/tournaments/dayton/records/count/entries,716,dayton,"Dayton",A,1980
https://stats.tennismylife.org/tournaments/dayton/records/ages,716,dayton,"Dayton",A,1980
https://stats.tennismylife.org/tournaments/dayton/records/ages/main,716,dayton,"Dayton",A,1980
https://stats.tennismylife.org/tournaments/dayton/records/ages/titles,716,dayton,"Dayton",A,1980
https://stats.tennismylife.org/tournaments/dayton/records/ages/oldestrounds,716,dayton,"Dayton",A,1980
https://stats.tennismylife.org/tournaments/dayton/records/ages/youngestrounds,716,dayton,"Dayton",A,1980
https://stats.tennismylife.org/tournaments/dayton/records/percentage,716,dayton,"Dayton",A,1980
https://stats.tennismylife.org/tournaments/dayton/records/percentage/wins,716,dayton,"Dayton",A,1980
https://stats.tennismylife.org/tournaments/dayton/records/percentage/rounds,716,dayton,"Dayton",A,1980
https://stats.tennismylife.org/tournaments/dayton/records/streak,716,dayton,"Dayton",A,1980
https://stats.tennismylife.org/tournaments/dayton/records/timespan,716,dayton,"Dayton",A,1980
https://stats.tennismylife.org/tournaments/dayton/records/rounds,716,dayton,"Dayton",A,1980
https://stats.tennismylife.org/tournaments/dayton/records/least,716,dayton,"Dayton",A,1980
https://stats.tennismylife.org/tournaments/dayton/records/roundsonentries,716,dayton,"Dayton",A,1980
https://stats.tennismylife.org/tournaments/delray-beach-wct/records,803,delray-beach-wct,"Delray Beach WCT",A,1983
https://stats.tennismylife.org/tournaments/delray-beach-wct/records/count,803,delray-beach-wct,"Delray Beach WCT",A,1983
https://stats.tennismylife.org/tournaments/delray-beach-wct/records/count/titles,803,delray-beach-wct,"Delray Beach WCT",A,1983
https://stats.tennismylife.org/tournaments/delray-beach-wct/records/count/wins,803,delray-beach-wct,"Delray Beach WCT",A,1983
https://stats.tennismylife.org/tournaments/delray-beach-wct/records/count/played,803,delray-beach-wct,"Delray Beach WCT",A,1983
https://stats.tennismylife.org/tournaments/delray-beach-wct/records/count/entries,803,delray-beach-wct,"Delray Beach WCT",A,1983
https://stats.tennismylife.org/tournaments/delray-beach-wct/records/ages,803,delray-beach-wct,"Delray Beach WCT",A,1983
https://stats.tennismylife.org/tournaments/delray-beach-wct/records/ages/main,803,delray-beach-wct,"Delray Beach WCT",A,1983
https://stats.tennismylife.org/tournaments/delray-beach-wct/records/ages/titles,803,delray-beach-wct,"Delray Beach WCT",A,1983
https://stats.tennismylife.org/tournaments/delray-beach-wct/records/ages/oldestrounds,803,delray-beach-wct,"Delray Beach WCT",A,1983
https://stats.tennismylife.org/tournaments/delray-beach-wct/records/ages/youngestrounds,803,delray-beach-wct,"Delray Beach WCT",A,1983
https://stats.tennismylife.org/tournaments/delray-beach-wct/records/percentage,803,delray-beach-wct,"Delray Beach WCT",A,1983
https://stats.tennismylife.org/tournaments/delray-beach-wct/records/percentage/wins,803,delray-beach-wct,"Delray Beach WCT",A,1983
https://stats.tennismylife.org/tournaments/delray-beach-wct/records/percentage/rounds,803,delray-beach-wct,"Delray Beach WCT",A,1983
https://stats.tennismylife.org/tournaments/delray-beach-wct/records/streak,803,delray-beach-wct,"Delray Beach WCT",A,1983
https://stats.tennismylife.org/tournaments/delray-beach-wct/records/timespan,803,delray-beach-wct,"Delray Beach WCT",A,1983
https://stats.tennismylife.org/tournaments/delray-beach-wct/records/rounds,803,delray-beach-wct,"Delray Beach WCT",A,1983
https://stats.tennismylife.org/tournaments/delray-beach-wct/records/least,803,delray-beach-wct,"Delray Beach WCT",A,1983
https://stats.tennismylife.org/tournaments/delray-beach-wct/records/roundsonentries,803,delray-beach-wct,"Delray Beach WCT",A,1983
https://stats.tennismylife.org/tournaments/denver/records,389,denver,"Denver",A,1982
https://stats.tennismylife.org/tournaments/denver/records/count,389,denver,"Denver",A,1982
https://stats.tennismylife.org/tournaments/denver/records/count/titles,389,denver,"Denver",A,1982
https://stats.tennismylife.org/tournaments/denver/records/count/wins,389,denver,"Denver",A,1982
https://stats.tennismylife.org/tournaments/denver/records/count/played,389,denver,"Denver",A,1982
https://stats.tennismylife.org/tournaments/denver/records/count/entries,389,denver,"Denver",A,1982
https://stats.tennismylife.org/tournaments/denver/records/ages,389,denver,"Denver",A,1982
https://stats.tennismylife.org/tournaments/denver/records/ages/main,389,denver,"Denver",A,1982
https://stats.tennismylife.org/tournaments/denver/records/ages/titles,389,denver,"Denver",A,1982
https://stats.tennismylife.org/tournaments/denver/records/ages/oldestrounds,389,denver,"Denver",A,1982
https://stats.tennismylife.org/tournaments/denver/records/ages/youngestrounds,389,denver,"Denver",A,1982
https://stats.tennismylife.org/tournaments/denver/records/percentage,389,denver,"Denver",A,1982
https://stats.tennismylife.org/tournaments/denver/records/percentage/wins,389,denver,"Denver",A,1982
https://stats.tennismylife.org/tournaments/denver/records/percentage/rounds,389,denver,"Denver",A,1982
https://stats.tennismylife.org/tournaments/denver/records/streak,389,denver,"Denver",A,1982
https://stats.tennismylife.org/tournaments/denver/records/timespan,389,denver,"Denver",A,1982
https://stats.tennismylife.org/tournaments/denver/records/rounds,389,denver,"Denver",A,1982
https://stats.tennismylife.org/tournaments/denver/records/least,389,denver,"Denver",A,1982
https://stats.tennismylife.org/tournaments/denver/records/roundsonentries,389,denver,"Denver",A,1982
https://stats.tennismylife.org/tournaments/des-moines/records,2061,des-moines,"Des Moines",A,1973
https://stats.tennismylife.org/tournaments/des-moines/records/count,2061,des-moines,"Des Moines",A,1973
https://stats.tennismylife.org/tournaments/des-moines/records/count/titles,2061,des-moines,"Des Moines",A,1973
https://stats.tennismylife.org/tournaments/des-moines/records/count/wins,2061,des-moines,"Des Moines",A,1973
https://stats.tennismylife.org/tournaments/des-moines/records/count/played,2061,des-moines,"Des Moines",A,1973
https://stats.tennismylife.org/tournaments/des-moines/records/count/entries,2061,des-moines,"Des Moines",A,1973
https://stats.tennismylife.org/tournaments/des-moines/records/ages,2061,des-moines,"Des Moines",A,1973
https://stats.tennismylife.org/tournaments/des-moines/records/ages/main,2061,des-moines,"Des Moines",A,1973
https://stats.tennismylife.org/tournaments/des-moines/records/ages/titles,2061,des-moines,"Des Moines",A,1973
https://stats.tennismylife.org/tournaments/des-moines/records/ages/oldestrounds,2061,des-moines,"Des Moines",A,1973
https://stats.tennismylife.org/tournaments/des-moines/records/ages/youngestrounds,2061,des-moines,"Des Moines",A,1973
https://stats.tennismylife.org/tournaments/des-moines/records/percentage,2061,des-moines,"Des Moines",A,1973
https://stats.tennismylife.org/tournaments/des-moines/records/percentage/wins,2061,des-moines,"Des Moines",A,1973
https://stats.tennismylife.org/tournaments/des-moines/records/percentage/rounds,2061,des-moines,"Des Moines",A,1973
https://stats.tennismylife.org/tournaments/des-moines/records/streak,2061,des-moines,"Des Moines",A,1973
https://stats.tennismylife.org/tournaments/des-moines/records/timespan,2061,des-moines,"Des Moines",A,1973
https://stats.tennismylife.org/tournaments/des-moines/records/rounds,2061,des-moines,"Des Moines",A,1973
https://stats.tennismylife.org/tournaments/des-moines/records/least,2061,des-moines,"Des Moines",A,1973
https://stats.tennismylife.org/tournaments/des-moines/records/roundsonentries,2061,des-moines,"Des Moines",A,1973
https://stats.tennismylife.org/tournaments/detroit/records,437,detroit,"Detroit",A,1988
https://stats.tennismylife.org/tournaments/detroit/records/count,437,detroit,"Detroit",A,1988
https://stats.tennismylife.org/tournaments/detroit/records/count/titles,437,detroit,"Detroit",A,1988
https://stats.tennismylife.org/tournaments/detroit/records/count/wins,437,detroit,"Detroit",A,1988
https://stats.tennismylife.org/tournaments/detroit/records/count/played,437,detroit,"Detroit",A,1988
https://stats.tennismylife.org/tournaments/detroit/records/count/entries,437,detroit,"Detroit",A,1988
https://stats.tennismylife.org/tournaments/detroit/records/ages,437,detroit,"Detroit",A,1988
https://stats.tennismylife.org/tournaments/detroit/records/ages/main,437,detroit,"Detroit",A,1988
https://stats.tennismylife.org/tournaments/detroit/records/ages/titles,437,detroit,"Detroit",A,1988
https://stats.tennismylife.org/tournaments/detroit/records/ages/oldestrounds,437,detroit,"Detroit",A,1988
https://stats.tennismylife.org/tournaments/detroit/records/ages/youngestrounds,437,detroit,"Detroit",A,1988
https://stats.tennismylife.org/tournaments/detroit/records/percentage,437,detroit,"Detroit",A,1988
https://stats.tennismylife.org/tournaments/detroit/records/percentage/wins,437,detroit,"Detroit",A,1988
https://stats.tennismylife.org/tournaments/detroit/records/percentage/rounds,437,detroit,"Detroit",A,1988
https://stats.tennismylife.org/tournaments/detroit/records/streak,437,detroit,"Detroit",A,1988
https://stats.tennismylife.org/tournaments/detroit/records/timespan,437,detroit,"Detroit",A,1988
https://stats.tennismylife.org/tournaments/detroit/records/rounds,437,detroit,"Detroit",A,1988
https://stats.tennismylife.org/tournaments/detroit/records/least,437,detroit,"Detroit",A,1988
https://stats.tennismylife.org/tournaments/detroit/records/roundsonentries,437,detroit,"Detroit",A,1988
https://stats.tennismylife.org/tournaments/detroit-wct/records,805,detroit-wct,"Detroit WCT",A,1983
https://stats.tennismylife.org/tournaments/detroit-wct/records/count,805,detroit-wct,"Detroit WCT",A,1983
https://stats.tennismylife.org/tournaments/detroit-wct/records/count/titles,805,detroit-wct,"Detroit WCT",A,1983
https://stats.tennismylife.org/tournaments/detroit-wct/records/count/wins,805,detroit-wct,"Detroit WCT",A,1983
https://stats.tennismylife.org/tournaments/detroit-wct/records/count/played,805,detroit-wct,"Detroit WCT",A,1983
https://stats.tennismylife.org/tournaments/detroit-wct/records/count/entries,805,detroit-wct,"Detroit WCT",A,1983
https://stats.tennismylife.org/tournaments/detroit-wct/records/ages,805,detroit-wct,"Detroit WCT",A,1983
https://stats.tennismylife.org/tournaments/detroit-wct/records/ages/main,805,detroit-wct,"Detroit WCT",A,1983
https://stats.tennismylife.org/tournaments/detroit-wct/records/ages/titles,805,detroit-wct,"Detroit WCT",A,1983
https://stats.tennismylife.org/tournaments/detroit-wct/records/ages/oldestrounds,805,detroit-wct,"Detroit WCT",A,1983
https://stats.tennismylife.org/tournaments/detroit-wct/records/ages/youngestrounds,805,detroit-wct,"Detroit WCT",A,1983
https://stats.tennismylife.org/tournaments/detroit-wct/records/percentage,805,detroit-wct,"Detroit WCT",A,1983
https://stats.tennismylife.org/tournaments/detroit-wct/records/percentage/wins,805,detroit-wct,"Detroit WCT",A,1983
https://stats.tennismylife.org/tournaments/detroit-wct/records/percentage/rounds,805,detroit-wct,"Detroit WCT",A,1983
https://stats.tennismylife.org/tournaments/detroit-wct/records/streak,805,detroit-wct,"Detroit WCT",A,1983
https://stats.tennismylife.org/tournaments/detroit-wct/records/timespan,805,detroit-wct,"Detroit WCT",A,1983
https://stats.tennismylife.org/tournaments/detroit-wct/records/rounds,805,detroit-wct,"Detroit WCT",A,1983
https://stats.tennismylife.org/tournaments/detroit-wct/records/least,805,detroit-wct,"Detroit WCT",A,1983
https://stats.tennismylife.org/tournaments/detroit-wct/records/roundsonentries,805,detroit-wct,"Detroit WCT",A,1983
https://stats.tennismylife.org/tournaments/dorado-beach-wct/records,6880,dorado-beach-wct,"Dorado Beach WCT",A,1979
https://stats.tennismylife.org/tournaments/dorado-beach-wct/records/count,6880,dorado-beach-wct,"Dorado Beach WCT",A,1979
https://stats.tennismylife.org/tournaments/dorado-beach-wct/records/count/titles,6880,dorado-beach-wct,"Dorado Beach WCT",A,1979
https://stats.tennismylife.org/tournaments/dorado-beach-wct/records/count/wins,6880,dorado-beach-wct,"Dorado Beach WCT",A,1979
https://stats.tennismylife.org/tournaments/dorado-beach-wct/records/count/played,6880,dorado-beach-wct,"Dorado Beach WCT",A,1979
https://stats.tennismylife.org/tournaments/dorado-beach-wct/records/count/entries,6880,dorado-beach-wct,"Dorado Beach WCT",A,1979
https://stats.tennismylife.org/tournaments/dorado-beach-wct/records/ages,6880,dorado-beach-wct,"Dorado Beach WCT",A,1979
https://stats.tennismylife.org/tournaments/dorado-beach-wct/records/ages/main,6880,dorado-beach-wct,"Dorado Beach WCT",A,1979
https://stats.tennismylife.org/tournaments/dorado-beach-wct/records/ages/titles,6880,dorado-beach-wct,"Dorado Beach WCT",A,1979
https://stats.tennismylife.org/tournaments/dorado-beach-wct/records/ages/oldestrounds,6880,dorado-beach-wct,"Dorado Beach WCT",A,1979
https://stats.tennismylife.org/tournaments/dorado-beach-wct/records/ages/youngestrounds,6880,dorado-beach-wct,"Dorado Beach WCT",A,1979
https://stats.tennismylife.org/tournaments/dorado-beach-wct/records/percentage,6880,dorado-beach-wct,"Dorado Beach WCT",A,1979
https://stats.tennismylife.org/tournaments/dorado-beach-wct/records/percentage/wins,6880,dorado-beach-wct,"Dorado Beach WCT",A,1979
https://stats.tennismylife.org/tournaments/dorado-beach-wct/records/percentage/rounds,6880,dorado-beach-wct,"Dorado Beach WCT",A,1979
https://stats.tennismylife.org/tournaments/dorado-beach-wct/records/streak,6880,dorado-beach-wct,"Dorado Beach WCT",A,1979
https://stats.tennismylife.org/tournaments/dorado-beach-wct/records/timespan,6880,dorado-beach-wct,"Dorado Beach WCT",A,1979
https://stats.tennismylife.org/tournaments/dorado-beach-wct/records/rounds,6880,dorado-beach-wct,"Dorado Beach WCT",A,1979
https://stats.tennismylife.org/tournaments/dorado-beach-wct/records/least,6880,dorado-beach-wct,"Dorado Beach WCT",A,1979
https://stats.tennismylife.org/tournaments/dorado-beach-wct/records/roundsonentries,6880,dorado-beach-wct,"Dorado Beach WCT",A,1979
https://stats.tennismylife.org/tournaments/dortmund-wct/records,817,dortmund-wct,"Dortmund WCT",A,1982
https://stats.tennismylife.org/tournaments/dortmund-wct/records/count,817,dortmund-wct,"Dortmund WCT",A,1982
https://stats.tennismylife.org/tournaments/dortmund-wct/records/count/titles,817,dortmund-wct,"Dortmund WCT",A,1982
https://stats.tennismylife.org/tournaments/dortmund-wct/records/count/wins,817,dortmund-wct,"Dortmund WCT",A,1982
https://stats.tennismylife.org/tournaments/dortmund-wct/records/count/played,817,dortmund-wct,"Dortmund WCT",A,1982
https://stats.tennismylife.org/tournaments/dortmund-wct/records/count/entries,817,dortmund-wct,"Dortmund WCT",A,1982
https://stats.tennismylife.org/tournaments/dortmund-wct/records/ages,817,dortmund-wct,"Dortmund WCT",A,1982
https://stats.tennismylife.org/tournaments/dortmund-wct/records/ages/main,817,dortmund-wct,"Dortmund WCT",A,1982
https://stats.tennismylife.org/tournaments/dortmund-wct/records/ages/titles,817,dortmund-wct,"Dortmund WCT",A,1982
https://stats.tennismylife.org/tournaments/dortmund-wct/records/ages/oldestrounds,817,dortmund-wct,"Dortmund WCT",A,1982
https://stats.tennismylife.org/tournaments/dortmund-wct/records/ages/youngestrounds,817,dortmund-wct,"Dortmund WCT",A,1982
https://stats.tennismylife.org/tournaments/dortmund-wct/records/percentage,817,dortmund-wct,"Dortmund WCT",A,1982
https://stats.tennismylife.org/tournaments/dortmund-wct/records/percentage/wins,817,dortmund-wct,"Dortmund WCT",A,1982
https://stats.tennismylife.org/tournaments/dortmund-wct/records/percentage/rounds,817,dortmund-wct,"Dortmund WCT",A,1982
https://stats.tennismylife.org/tournaments/dortmund-wct/records/streak,817,dortmund-wct,"Dortmund WCT",A,1982
https://stats.tennismylife.org/tournaments/dortmund-wct/records/timespan,817,dortmund-wct,"Dortmund WCT",A,1982
https://stats.tennismylife.org/tournaments/dortmund-wct/records/rounds,817,dortmund-wct,"Dortmund WCT",A,1982
https://stats.tennismylife.org/tournaments/dortmund-wct/records/least,817,dortmund-wct,"Dortmund WCT",A,1982
https://stats.tennismylife.org/tournaments/dortmund-wct/records/roundsonentries,817,dortmund-wct,"Dortmund WCT",A,1982
https://stats.tennismylife.org/tournaments/dublin/records,2029,dublin,"Dublin",A,1974
https://stats.tennismylife.org/tournaments/dublin/records/count,2029,dublin,"Dublin",A,1974
https://stats.tennismylife.org/tournaments/dublin/records/count/titles,2029,dublin,"Dublin",A,1974
https://stats.tennismylife.org/tournaments/dublin/records/count/wins,2029,dublin,"Dublin",A,1974
https://stats.tennismylife.org/tournaments/dublin/records/count/played,2029,dublin,"Dublin",A,1974
https://stats.tennismylife.org/tournaments/dublin/records/count/entries,2029,dublin,"Dublin",A,1974
https://stats.tennismylife.org/tournaments/dublin/records/ages,2029,dublin,"Dublin",A,1974
https://stats.tennismylife.org/tournaments/dublin/records/ages/main,2029,dublin,"Dublin",A,1974
https://stats.tennismylife.org/tournaments/dublin/records/ages/titles,2029,dublin,"Dublin",A,1974
https://stats.tennismylife.org/tournaments/dublin/records/ages/oldestrounds,2029,dublin,"Dublin",A,1974
https://stats.tennismylife.org/tournaments/dublin/records/ages/youngestrounds,2029,dublin,"Dublin",A,1974
https://stats.tennismylife.org/tournaments/dublin/records/percentage,2029,dublin,"Dublin",A,1974
https://stats.tennismylife.org/tournaments/dublin/records/percentage/wins,2029,dublin,"Dublin",A,1974
https://stats.tennismylife.org/tournaments/dublin/records/percentage/rounds,2029,dublin,"Dublin",A,1974
https://stats.tennismylife.org/tournaments/dublin/records/streak,2029,dublin,"Dublin",A,1974
https://stats.tennismylife.org/tournaments/dublin/records/timespan,2029,dublin,"Dublin",A,1974
https://stats.tennismylife.org/tournaments/dublin/records/rounds,2029,dublin,"Dublin",A,1974
https://stats.tennismylife.org/tournaments/dublin/records/least,2029,dublin,"Dublin",A,1974
https://stats.tennismylife.org/tournaments/dublin/records/roundsonentries,2029,dublin,"Dublin",A,1974
https://stats.tennismylife.org/tournaments/durban/records,260,durban,"Durban",A,1971
https://stats.tennismylife.org/tournaments/durban/records/count,260,durban,"Durban",A,1971
https://stats.tennismylife.org/tournaments/durban/records/count/titles,260,durban,"Durban",A,1971
https://stats.tennismylife.org/tournaments/durban/records/count/wins,260,durban,"Durban",A,1971
https://stats.tennismylife.org/tournaments/durban/records/count/played,260,durban,"Durban",A,1971
https://stats.tennismylife.org/tournaments/durban/records/count/entries,260,durban,"Durban",A,1971
https://stats.tennismylife.org/tournaments/durban/records/ages,260,durban,"Durban",A,1971
https://stats.tennismylife.org/tournaments/durban/records/ages/main,260,durban,"Durban",A,1971
https://stats.tennismylife.org/tournaments/durban/records/ages/titles,260,durban,"Durban",A,1971
https://stats.tennismylife.org/tournaments/durban/records/ages/oldestrounds,260,durban,"Durban",A,1971
https://stats.tennismylife.org/tournaments/durban/records/ages/youngestrounds,260,durban,"Durban",A,1971
https://stats.tennismylife.org/tournaments/durban/records/percentage,260,durban,"Durban",A,1971
https://stats.tennismylife.org/tournaments/durban/records/percentage/wins,260,durban,"Durban",A,1971
https://stats.tennismylife.org/tournaments/durban/records/percentage/rounds,260,durban,"Durban",A,1971
https://stats.tennismylife.org/tournaments/durban/records/streak,260,durban,"Durban",A,1971
https://stats.tennismylife.org/tournaments/durban/records/timespan,260,durban,"Durban",A,1971
https://stats.tennismylife.org/tournaments/durban/records/rounds,260,durban,"Durban",A,1971
https://stats.tennismylife.org/tournaments/durban/records/least,260,durban,"Durban",A,1971
https://stats.tennismylife.org/tournaments/durban/records/roundsonentries,260,durban,"Durban",A,1971
https://stats.tennismylife.org/tournaments/durban-wct/records,9322,durban-wct,"Durban WCT",A,1968
https://stats.tennismylife.org/tournaments/durban-wct/records/count,9322,durban-wct,"Durban WCT",A,1968
https://stats.tennismylife.org/tournaments/durban-wct/records/count/titles,9322,durban-wct,"Durban WCT",A,1968
https://stats.tennismylife.org/tournaments/durban-wct/records/count/wins,9322,durban-wct,"Durban WCT",A,1968
https://stats.tennismylife.org/tournaments/durban-wct/records/count/played,9322,durban-wct,"Durban WCT",A,1968
https://stats.tennismylife.org/tournaments/durban-wct/records/count/entries,9322,durban-wct,"Durban WCT",A,1968
https://stats.tennismylife.org/tournaments/durban-wct/records/ages,9322,durban-wct,"Durban WCT",A,1968
https://stats.tennismylife.org/tournaments/durban-wct/records/ages/main,9322,durban-wct,"Durban WCT",A,1968
https://stats.tennismylife.org/tournaments/durban-wct/records/ages/titles,9322,durban-wct,"Durban WCT",A,1968
https://stats.tennismylife.org/tournaments/durban-wct/records/ages/oldestrounds,9322,durban-wct,"Durban WCT",A,1968
https://stats.tennismylife.org/tournaments/durban-wct/records/ages/youngestrounds,9322,durban-wct,"Durban WCT",A,1968
https://stats.tennismylife.org/tournaments/durban-wct/records/percentage,9322,durban-wct,"Durban WCT",A,1968
https://stats.tennismylife.org/tournaments/durban-wct/records/percentage/wins,9322,durban-wct,"Durban WCT",A,1968
https://stats.tennismylife.org/tournaments/durban-wct/records/percentage/rounds,9322,durban-wct,"Durban WCT",A,1968
https://stats.tennismylife.org/tournaments/durban-wct/records/streak,9322,durban-wct,"Durban WCT",A,1968
https://stats.tennismylife.org/tournaments/durban-wct/records/timespan,9322,durban-wct,"Durban WCT",A,1968
https://stats.tennismylife.org/tournaments/durban-wct/records/rounds,9322,durban-wct,"Durban WCT",A,1968
https://stats.tennismylife.org/tournaments/durban-wct/records/least,9322,durban-wct,"Durban WCT",A,1968
https://stats.tennismylife.org/tournaments/durban-wct/records/roundsonentries,9322,durban-wct,"Durban WCT",A,1968
https://stats.tennismylife.org/tournaments/dusseldorf/records,661,dusseldorf,"Dusseldorf",A,1977
https://stats.tennismylife.org/tournaments/dusseldorf/records/count,661,dusseldorf,"Dusseldorf",A,1977
https://stats.tennismylife.org/tournaments/dusseldorf/records/count/titles,661,dusseldorf,"Dusseldorf",A,1977
https://stats.tennismylife.org/tournaments/dusseldorf/records/count/wins,661,dusseldorf,"Dusseldorf",A,1977
https://stats.tennismylife.org/tournaments/dusseldorf/records/count/played,661,dusseldorf,"Dusseldorf",A,1977
https://stats.tennismylife.org/tournaments/dusseldorf/records/count/entries,661,dusseldorf,"Dusseldorf",A,1977
https://stats.tennismylife.org/tournaments/dusseldorf/records/ages,661,dusseldorf,"Dusseldorf",A,1977
https://stats.tennismylife.org/tournaments/dusseldorf/records/ages/main,661,dusseldorf,"Dusseldorf",A,1977
https://stats.tennismylife.org/tournaments/dusseldorf/records/ages/titles,661,dusseldorf,"Dusseldorf",A,1977
https://stats.tennismylife.org/tournaments/dusseldorf/records/ages/oldestrounds,661,dusseldorf,"Dusseldorf",A,1977
https://stats.tennismylife.org/tournaments/dusseldorf/records/ages/youngestrounds,661,dusseldorf,"Dusseldorf",A,1977
https://stats.tennismylife.org/tournaments/dusseldorf/records/percentage,661,dusseldorf,"Dusseldorf",A,1977
https://stats.tennismylife.org/tournaments/dusseldorf/records/percentage/wins,661,dusseldorf,"Dusseldorf",A,1977
https://stats.tennismylife.org/tournaments/dusseldorf/records/percentage/rounds,661,dusseldorf,"Dusseldorf",A,1977
https://stats.tennismylife.org/tournaments/dusseldorf/records/streak,661,dusseldorf,"Dusseldorf",A,1977
https://stats.tennismylife.org/tournaments/dusseldorf/records/timespan,661,dusseldorf,"Dusseldorf",A,1977
https://stats.tennismylife.org/tournaments/dusseldorf/records/rounds,661,dusseldorf,"Dusseldorf",A,1977
https://stats.tennismylife.org/tournaments/dusseldorf/records/least,661,dusseldorf,"Dusseldorf",A,1977
https://stats.tennismylife.org/tournaments/dusseldorf/records/roundsonentries,661,dusseldorf,"Dusseldorf",A,1977
https://stats.tennismylife.org/tournaments/dusseldorf-1/records,9209,dusseldorf-1,"Dusseldorf-1",A,1975
https://stats.tennismylife.org/tournaments/dusseldorf-1/records/count,9209,dusseldorf-1,"Dusseldorf-1",A,1975
https://stats.tennismylife.org/tournaments/dusseldorf-1/records/count/titles,9209,dusseldorf-1,"Dusseldorf-1",A,1975
https://stats.tennismylife.org/tournaments/dusseldorf-1/records/count/wins,9209,dusseldorf-1,"Dusseldorf-1",A,1975
https://stats.tennismylife.org/tournaments/dusseldorf-1/records/count/played,9209,dusseldorf-1,"Dusseldorf-1",A,1975
https://stats.tennismylife.org/tournaments/dusseldorf-1/records/count/entries,9209,dusseldorf-1,"Dusseldorf-1",A,1975
https://stats.tennismylife.org/tournaments/dusseldorf-1/records/ages,9209,dusseldorf-1,"Dusseldorf-1",A,1975
https://stats.tennismylife.org/tournaments/dusseldorf-1/records/ages/main,9209,dusseldorf-1,"Dusseldorf-1",A,1975
https://stats.tennismylife.org/tournaments/dusseldorf-1/records/ages/titles,9209,dusseldorf-1,"Dusseldorf-1",A,1975
https://stats.tennismylife.org/tournaments/dusseldorf-1/records/ages/oldestrounds,9209,dusseldorf-1,"Dusseldorf-1",A,1975
https://stats.tennismylife.org/tournaments/dusseldorf-1/records/ages/youngestrounds,9209,dusseldorf-1,"Dusseldorf-1",A,1975
https://stats.tennismylife.org/tournaments/dusseldorf-1/records/percentage,9209,dusseldorf-1,"Dusseldorf-1",A,1975
https://stats.tennismylife.org/tournaments/dusseldorf-1/records/percentage/wins,9209,dusseldorf-1,"Dusseldorf-1",A,1975
https://stats.tennismylife.org/tournaments/dusseldorf-1/records/percentage/rounds,9209,dusseldorf-1,"Dusseldorf-1",A,1975
https://stats.tennismylife.org/tournaments/dusseldorf-1/records/streak,9209,dusseldorf-1,"Dusseldorf-1",A,1975
https://stats.tennismylife.org/tournaments/dusseldorf-1/records/timespan,9209,dusseldorf-1,"Dusseldorf-1",A,1975
https://stats.tennismylife.org/tournaments/dusseldorf-1/records/rounds,9209,dusseldorf-1,"Dusseldorf-1",A,1975
https://stats.tennismylife.org/tournaments/dusseldorf-1/records/least,9209,dusseldorf-1,"Dusseldorf-1",A,1975
https://stats.tennismylife.org/tournaments/dusseldorf-1/records/roundsonentries,9209,dusseldorf-1,"Dusseldorf-1",A,1975
https://stats.tennismylife.org/tournaments/dusseldorf-2/records,6710,dusseldorf-2,"Dusseldorf",250,2014
https://stats.tennismylife.org/tournaments/dusseldorf-2/records/count,6710,dusseldorf-2,"Dusseldorf",250,2014
https://stats.tennismylife.org/tournaments/dusseldorf-2/records/count/titles,6710,dusseldorf-2,"Dusseldorf",250,2014
https://stats.tennismylife.org/tournaments/dusseldorf-2/records/count/wins,6710,dusseldorf-2,"Dusseldorf",250,2014
https://stats.tennismylife.org/tournaments/dusseldorf-2/records/count/played,6710,dusseldorf-2,"Dusseldorf",250,2014
https://stats.tennismylife.org/tournaments/dusseldorf-2/records/count/entries,6710,dusseldorf-2,"Dusseldorf",250,2014
https://stats.tennismylife.org/tournaments/dusseldorf-2/records/ages,6710,dusseldorf-2,"Dusseldorf",250,2014
https://stats.tennismylife.org/tournaments/dusseldorf-2/records/ages/main,6710,dusseldorf-2,"Dusseldorf",250,2014
https://stats.tennismylife.org/tournaments/dusseldorf-2/records/ages/titles,6710,dusseldorf-2,"Dusseldorf",250,2014
https://stats.tennismylife.org/tournaments/dusseldorf-2/records/ages/oldestrounds,6710,dusseldorf-2,"Dusseldorf",250,2014
https://stats.tennismylife.org/tournaments/dusseldorf-2/records/ages/youngestrounds,6710,dusseldorf-2,"Dusseldorf",250,2014
https://stats.tennismylife.org/tournaments/dusseldorf-2/records/percentage,6710,dusseldorf-2,"Dusseldorf",250,2014
https://stats.tennismylife.org/tournaments/dusseldorf-2/records/percentage/wins,6710,dusseldorf-2,"Dusseldorf",250,2014
https://stats.tennismylife.org/tournaments/dusseldorf-2/records/percentage/rounds,6710,dusseldorf-2,"Dusseldorf",250,2014
https://stats.tennismylife.org/tournaments/dusseldorf-2/records/streak,6710,dusseldorf-2,"Dusseldorf",250,2014
https://stats.tennismylife.org/tournaments/dusseldorf-2/records/timespan,6710,dusseldorf-2,"Dusseldorf",250,2014
https://stats.tennismylife.org/tournaments/dusseldorf-2/records/rounds,6710,dusseldorf-2,"Dusseldorf",250,2014
https://stats.tennismylife.org/tournaments/dusseldorf-2/records/least,6710,dusseldorf-2,"Dusseldorf",250,2014
https://stats.tennismylife.org/tournaments/dusseldorf-2/records/roundsonentries,6710,dusseldorf-2,"Dusseldorf",250,2014
https://stats.tennismylife.org/tournaments/east-london-wct/records,9323,east-london-wct,"East London WCT",A,1968
https://stats.tennismylife.org/tournaments/east-london-wct/records/count,9323,east-london-wct,"East London WCT",A,1968
https://stats.tennismylife.org/tournaments/east-london-wct/records/count/titles,9323,east-london-wct,"East London WCT",A,1968
https://stats.tennismylife.org/tournaments/east-london-wct/records/count/wins,9323,east-london-wct,"East London WCT",A,1968
https://stats.tennismylife.org/tournaments/east-london-wct/records/count/played,9323,east-london-wct,"East London WCT",A,1968
https://stats.tennismylife.org/tournaments/east-london-wct/records/count/entries,9323,east-london-wct,"East London WCT",A,1968
https://stats.tennismylife.org/tournaments/east-london-wct/records/ages,9323,east-london-wct,"East London WCT",A,1968
https://stats.tennismylife.org/tournaments/east-london-wct/records/ages/main,9323,east-london-wct,"East London WCT",A,1968
https://stats.tennismylife.org/tournaments/east-london-wct/records/ages/titles,9323,east-london-wct,"East London WCT",A,1968
https://stats.tennismylife.org/tournaments/east-london-wct/records/ages/oldestrounds,9323,east-london-wct,"East London WCT",A,1968
https://stats.tennismylife.org/tournaments/east-london-wct/records/ages/youngestrounds,9323,east-london-wct,"East London WCT",A,1968
https://stats.tennismylife.org/tournaments/east-london-wct/records/percentage,9323,east-london-wct,"East London WCT",A,1968
https://stats.tennismylife.org/tournaments/east-london-wct/records/percentage/wins,9323,east-london-wct,"East London WCT",A,1968
https://stats.tennismylife.org/tournaments/east-london-wct/records/percentage/rounds,9323,east-london-wct,"East London WCT",A,1968
https://stats.tennismylife.org/tournaments/east-london-wct/records/streak,9323,east-london-wct,"East London WCT",A,1968
https://stats.tennismylife.org/tournaments/east-london-wct/records/timespan,9323,east-london-wct,"East London WCT",A,1968
https://stats.tennismylife.org/tournaments/east-london-wct/records/rounds,9323,east-london-wct,"East London WCT",A,1968
https://stats.tennismylife.org/tournaments/east-london-wct/records/least,9323,east-london-wct,"East London WCT",A,1968
https://stats.tennismylife.org/tournaments/east-london-wct/records/roundsonentries,9323,east-london-wct,"East London WCT",A,1968
https://stats.tennismylife.org/tournaments/eastbourne-2/records,2049,eastbourne-2,"Eastbourne",A,1973
https://stats.tennismylife.org/tournaments/eastbourne-2/records/count,2049,eastbourne-2,"Eastbourne",A,1973
https://stats.tennismylife.org/tournaments/eastbourne-2/records/count/titles,2049,eastbourne-2,"Eastbourne",A,1973
https://stats.tennismylife.org/tournaments/eastbourne-2/records/count/wins,2049,eastbourne-2,"Eastbourne",A,1973
https://stats.tennismylife.org/tournaments/eastbourne-2/records/count/played,2049,eastbourne-2,"Eastbourne",A,1973
https://stats.tennismylife.org/tournaments/eastbourne-2/records/count/entries,2049,eastbourne-2,"Eastbourne",A,1973
https://stats.tennismylife.org/tournaments/eastbourne-2/records/ages,2049,eastbourne-2,"Eastbourne",A,1973
https://stats.tennismylife.org/tournaments/eastbourne-2/records/ages/main,2049,eastbourne-2,"Eastbourne",A,1973
https://stats.tennismylife.org/tournaments/eastbourne-2/records/ages/titles,2049,eastbourne-2,"Eastbourne",A,1973
https://stats.tennismylife.org/tournaments/eastbourne-2/records/ages/oldestrounds,2049,eastbourne-2,"Eastbourne",A,1973
https://stats.tennismylife.org/tournaments/eastbourne-2/records/ages/youngestrounds,2049,eastbourne-2,"Eastbourne",A,1973
https://stats.tennismylife.org/tournaments/eastbourne-2/records/percentage,2049,eastbourne-2,"Eastbourne",A,1973
https://stats.tennismylife.org/tournaments/eastbourne-2/records/percentage/wins,2049,eastbourne-2,"Eastbourne",A,1973
https://stats.tennismylife.org/tournaments/eastbourne-2/records/percentage/rounds,2049,eastbourne-2,"Eastbourne",A,1973
https://stats.tennismylife.org/tournaments/eastbourne-2/records/streak,2049,eastbourne-2,"Eastbourne",A,1973
https://stats.tennismylife.org/tournaments/eastbourne-2/records/timespan,2049,eastbourne-2,"Eastbourne",A,1973
https://stats.tennismylife.org/tournaments/eastbourne-2/records/rounds,2049,eastbourne-2,"Eastbourne",A,1973
https://stats.tennismylife.org/tournaments/eastbourne-2/records/least,2049,eastbourne-2,"Eastbourne",A,1973
https://stats.tennismylife.org/tournaments/eastbourne-2/records/roundsonentries,2049,eastbourne-2,"Eastbourne",A,1973
https://stats.tennismylife.org/tournaments/essen-wct/records,2054,essen-wct,"Essen WCT",A,1972
https://stats.tennismylife.org/tournaments/essen-wct/records/count,2054,essen-wct,"Essen WCT",A,1972
https://stats.tennismylife.org/tournaments/essen-wct/records/count/titles,2054,essen-wct,"Essen WCT",A,1972
https://stats.tennismylife.org/tournaments/essen-wct/records/count/wins,2054,essen-wct,"Essen WCT",A,1972
https://stats.tennismylife.org/tournaments/essen-wct/records/count/played,2054,essen-wct,"Essen WCT",A,1972
https://stats.tennismylife.org/tournaments/essen-wct/records/count/entries,2054,essen-wct,"Essen WCT",A,1972
https://stats.tennismylife.org/tournaments/essen-wct/records/ages,2054,essen-wct,"Essen WCT",A,1972
https://stats.tennismylife.org/tournaments/essen-wct/records/ages/main,2054,essen-wct,"Essen WCT",A,1972
https://stats.tennismylife.org/tournaments/essen-wct/records/ages/titles,2054,essen-wct,"Essen WCT",A,1972
https://stats.tennismylife.org/tournaments/essen-wct/records/ages/oldestrounds,2054,essen-wct,"Essen WCT",A,1972
https://stats.tennismylife.org/tournaments/essen-wct/records/ages/youngestrounds,2054,essen-wct,"Essen WCT",A,1972
https://stats.tennismylife.org/tournaments/essen-wct/records/percentage,2054,essen-wct,"Essen WCT",A,1972
https://stats.tennismylife.org/tournaments/essen-wct/records/percentage/wins,2054,essen-wct,"Essen WCT",A,1972
https://stats.tennismylife.org/tournaments/essen-wct/records/percentage/rounds,2054,essen-wct,"Essen WCT",A,1972
https://stats.tennismylife.org/tournaments/essen-wct/records/streak,2054,essen-wct,"Essen WCT",A,1972
https://stats.tennismylife.org/tournaments/essen-wct/records/timespan,2054,essen-wct,"Essen WCT",A,1972
https://stats.tennismylife.org/tournaments/essen-wct/records/rounds,2054,essen-wct,"Essen WCT",A,1972
https://stats.tennismylife.org/tournaments/essen-wct/records/least,2054,essen-wct,"Essen WCT",A,1972
https://stats.tennismylife.org/tournaments/essen-wct/records/roundsonentries,2054,essen-wct,"Essen WCT",A,1972
https://stats.tennismylife.org/tournaments/estoril/records,468,estoril,"Estoril",250,2014
https://stats.tennismylife.org/tournaments/estoril/records/count,468,estoril,"Estoril",250,2014
https://stats.tennismylife.org/tournaments/estoril/records/count/titles,468,estoril,"Estoril",250,2014
https://stats.tennismylife.org/tournaments/estoril/records/count/wins,468,estoril,"Estoril",250,2014
https://stats.tennismylife.org/tournaments/estoril/records/count/played,468,estoril,"Estoril",250,2014
https://stats.tennismylife.org/tournaments/estoril/records/count/entries,468,estoril,"Estoril",250,2014
https://stats.tennismylife.org/tournaments/estoril/records/ages,468,estoril,"Estoril",250,2014
https://stats.tennismylife.org/tournaments/estoril/records/ages/main,468,estoril,"Estoril",250,2014
https://stats.tennismylife.org/tournaments/estoril/records/ages/titles,468,estoril,"Estoril",250,2014
https://stats.tennismylife.org/tournaments/estoril/records/ages/oldestrounds,468,estoril,"Estoril",250,2014
https://stats.tennismylife.org/tournaments/estoril/records/ages/youngestrounds,468,estoril,"Estoril",250,2014
https://stats.tennismylife.org/tournaments/estoril/records/percentage,468,estoril,"Estoril",250,2014
https://stats.tennismylife.org/tournaments/estoril/records/percentage/wins,468,estoril,"Estoril",250,2014
https://stats.tennismylife.org/tournaments/estoril/records/percentage/rounds,468,estoril,"Estoril",250,2014
https://stats.tennismylife.org/tournaments/estoril/records/streak,468,estoril,"Estoril",250,2014
https://stats.tennismylife.org/tournaments/estoril/records/timespan,468,estoril,"Estoril",250,2014
https://stats.tennismylife.org/tournaments/estoril/records/rounds,468,estoril,"Estoril",250,2014
https://stats.tennismylife.org/tournaments/estoril/records/least,468,estoril,"Estoril",250,2014
https://stats.tennismylife.org/tournaments/estoril/records/roundsonentries,468,estoril,"Estoril",250,2014
https://stats.tennismylife.org/tournaments/evansville-wct/records,9312,evansville-wct,"Evansville WCT",A,1968
https://stats.tennismylife.org/tournaments/evansville-wct/records/count,9312,evansville-wct,"Evansville WCT",A,1968
https://stats.tennismylife.org/tournaments/evansville-wct/records/count/titles,9312,evansville-wct,"Evansville WCT",A,1968
https://stats.tennismylife.org/tournaments/evansville-wct/records/count/wins,9312,evansville-wct,"Evansville WCT",A,1968
https://stats.tennismylife.org/tournaments/evansville-wct/records/count/played,9312,evansville-wct,"Evansville WCT",A,1968
https://stats.tennismylife.org/tournaments/evansville-wct/records/count/entries,9312,evansville-wct,"Evansville WCT",A,1968
https://stats.tennismylife.org/tournaments/evansville-wct/records/ages,9312,evansville-wct,"Evansville WCT",A,1968
https://stats.tennismylife.org/tournaments/evansville-wct/records/ages/main,9312,evansville-wct,"Evansville WCT",A,1968
https://stats.tennismylife.org/tournaments/evansville-wct/records/ages/titles,9312,evansville-wct,"Evansville WCT",A,1968
https://stats.tennismylife.org/tournaments/evansville-wct/records/ages/oldestrounds,9312,evansville-wct,"Evansville WCT",A,1968
https://stats.tennismylife.org/tournaments/evansville-wct/records/ages/youngestrounds,9312,evansville-wct,"Evansville WCT",A,1968
https://stats.tennismylife.org/tournaments/evansville-wct/records/percentage,9312,evansville-wct,"Evansville WCT",A,1968
https://stats.tennismylife.org/tournaments/evansville-wct/records/percentage/wins,9312,evansville-wct,"Evansville WCT",A,1968
https://stats.tennismylife.org/tournaments/evansville-wct/records/percentage/rounds,9312,evansville-wct,"Evansville WCT",A,1968
https://stats.tennismylife.org/tournaments/evansville-wct/records/streak,9312,evansville-wct,"Evansville WCT",A,1968
https://stats.tennismylife.org/tournaments/evansville-wct/records/timespan,9312,evansville-wct,"Evansville WCT",A,1968
https://stats.tennismylife.org/tournaments/evansville-wct/records/rounds,9312,evansville-wct,"Evansville WCT",A,1968
https://stats.tennismylife.org/tournaments/evansville-wct/records/least,9312,evansville-wct,"Evansville WCT",A,1968
https://stats.tennismylife.org/tournaments/evansville-wct/records/roundsonentries,9312,evansville-wct,"Evansville WCT",A,1968
https://stats.tennismylife.org/tournaments/fairfield/records,2023,fairfield,"Fairfield",A,1975
https://stats.tennismylife.org/tournaments/fairfield/records/count,2023,fairfield,"Fairfield",A,1975
https://stats.tennismylife.org/tournaments/fairfield/records/count/titles,2023,fairfield,"Fairfield",A,1975
https://stats.tennismylife.org/tournaments/fairfield/records/count/wins,2023,fairfield,"Fairfield",A,1975
https://stats.tennismylife.org/tournaments/fairfield/records/count/played,2023,fairfield,"Fairfield",A,1975
https://stats.tennismylife.org/tournaments/fairfield/records/count/entries,2023,fairfield,"Fairfield",A,1975
https://stats.tennismylife.org/tournaments/fairfield/records/ages,2023,fairfield,"Fairfield",A,1975
https://stats.tennismylife.org/tournaments/fairfield/records/ages/main,2023,fairfield,"Fairfield",A,1975
https://stats.tennismylife.org/tournaments/fairfield/records/ages/titles,2023,fairfield,"Fairfield",A,1975
https://stats.tennismylife.org/tournaments/fairfield/records/ages/oldestrounds,2023,fairfield,"Fairfield",A,1975
https://stats.tennismylife.org/tournaments/fairfield/records/ages/youngestrounds,2023,fairfield,"Fairfield",A,1975
https://stats.tennismylife.org/tournaments/fairfield/records/percentage,2023,fairfield,"Fairfield",A,1975
https://stats.tennismylife.org/tournaments/fairfield/records/percentage/wins,2023,fairfield,"Fairfield",A,1975
https://stats.tennismylife.org/tournaments/fairfield/records/percentage/rounds,2023,fairfield,"Fairfield",A,1975
https://stats.tennismylife.org/tournaments/fairfield/records/streak,2023,fairfield,"Fairfield",A,1975
https://stats.tennismylife.org/tournaments/fairfield/records/timespan,2023,fairfield,"Fairfield",A,1975
https://stats.tennismylife.org/tournaments/fairfield/records/rounds,2023,fairfield,"Fairfield",A,1975
https://stats.tennismylife.org/tournaments/fairfield/records/least,2023,fairfield,"Fairfield",A,1975
https://stats.tennismylife.org/tournaments/fairfield/records/roundsonentries,2023,fairfield,"Fairfield",A,1975
https://stats.tennismylife.org/tournaments/ferrara/records,703,ferrara,"Ferrara",A,1983
https://stats.tennismylife.org/tournaments/ferrara/records/count,703,ferrara,"Ferrara",A,1983
https://stats.tennismylife.org/tournaments/ferrara/records/count/titles,703,ferrara,"Ferrara",A,1983
https://stats.tennismylife.org/tournaments/ferrara/records/count/wins,703,ferrara,"Ferrara",A,1983
https://stats.tennismylife.org/tournaments/ferrara/records/count/played,703,ferrara,"Ferrara",A,1983
https://stats.tennismylife.org/tournaments/ferrara/records/count/entries,703,ferrara,"Ferrara",A,1983
https://stats.tennismylife.org/tournaments/ferrara/records/ages,703,ferrara,"Ferrara",A,1983
https://stats.tennismylife.org/tournaments/ferrara/records/ages/main,703,ferrara,"Ferrara",A,1983
https://stats.tennismylife.org/tournaments/ferrara/records/ages/titles,703,ferrara,"Ferrara",A,1983
https://stats.tennismylife.org/tournaments/ferrara/records/ages/oldestrounds,703,ferrara,"Ferrara",A,1983
https://stats.tennismylife.org/tournaments/ferrara/records/ages/youngestrounds,703,ferrara,"Ferrara",A,1983
https://stats.tennismylife.org/tournaments/ferrara/records/percentage,703,ferrara,"Ferrara",A,1983
https://stats.tennismylife.org/tournaments/ferrara/records/percentage/wins,703,ferrara,"Ferrara",A,1983
https://stats.tennismylife.org/tournaments/ferrara/records/percentage/rounds,703,ferrara,"Ferrara",A,1983
https://stats.tennismylife.org/tournaments/ferrara/records/streak,703,ferrara,"Ferrara",A,1983
https://stats.tennismylife.org/tournaments/ferrara/records/timespan,703,ferrara,"Ferrara",A,1983
https://stats.tennismylife.org/tournaments/ferrara/records/rounds,703,ferrara,"Ferrara",A,1983
https://stats.tennismylife.org/tournaments/ferrara/records/least,703,ferrara,"Ferrara",A,1983
https://stats.tennismylife.org/tournaments/ferrara/records/roundsonentries,703,ferrara,"Ferrara",A,1983
https://stats.tennismylife.org/tournaments/forest-hills/records,415,forest-hills,"Forest Hills",A,1989
https://stats.tennismylife.org/tournaments/forest-hills/records/count,415,forest-hills,"Forest Hills",A,1989
https://stats.tennismylife.org/tournaments/forest-hills/records/count/titles,415,forest-hills,"Forest Hills",A,1989
https://stats.tennismylife.org/tournaments/forest-hills/records/count/wins,415,forest-hills,"Forest Hills",A,1989
https://stats.tennismylife.org/tournaments/forest-hills/records/count/played,415,forest-hills,"Forest Hills",A,1989
https://stats.tennismylife.org/tournaments/forest-hills/records/count/entries,415,forest-hills,"Forest Hills",A,1989
https://stats.tennismylife.org/tournaments/forest-hills/records/ages,415,forest-hills,"Forest Hills",A,1989
https://stats.tennismylife.org/tournaments/forest-hills/records/ages/main,415,forest-hills,"Forest Hills",A,1989
https://stats.tennismylife.org/tournaments/forest-hills/records/ages/titles,415,forest-hills,"Forest Hills",A,1989
https://stats.tennismylife.org/tournaments/forest-hills/records/ages/oldestrounds,415,forest-hills,"Forest Hills",A,1989
https://stats.tennismylife.org/tournaments/forest-hills/records/ages/youngestrounds,415,forest-hills,"Forest Hills",A,1989
https://stats.tennismylife.org/tournaments/forest-hills/records/percentage,415,forest-hills,"Forest Hills",A,1989
https://stats.tennismylife.org/tournaments/forest-hills/records/percentage/wins,415,forest-hills,"Forest Hills",A,1989
https://stats.tennismylife.org/tournaments/forest-hills/records/percentage/rounds,415,forest-hills,"Forest Hills",A,1989
https://stats.tennismylife.org/tournaments/forest-hills/records/streak,415,forest-hills,"Forest Hills",A,1989
https://stats.tennismylife.org/tournaments/forest-hills/records/timespan,415,forest-hills,"Forest Hills",A,1989
https://stats.tennismylife.org/tournaments/forest-hills/records/rounds,415,forest-hills,"Forest Hills",A,1989
https://stats.tennismylife.org/tournaments/forest-hills/records/least,415,forest-hills,"Forest Hills",A,1989
https://stats.tennismylife.org/tournaments/forest-hills/records/roundsonentries,415,forest-hills,"Forest Hills",A,1989
https://stats.tennismylife.org/tournaments/fort-lauderdale/records,9878,fort-lauderdale,"Fort Lauderdale",A,1971
https://stats.tennismylife.org/tournaments/fort-lauderdale/records/count,9878,fort-lauderdale,"Fort Lauderdale",A,1971
https://stats.tennismylife.org/tournaments/fort-lauderdale/records/count/titles,9878,fort-lauderdale,"Fort Lauderdale",A,1971
https://stats.tennismylife.org/tournaments/fort-lauderdale/records/count/wins,9878,fort-lauderdale,"Fort Lauderdale",A,1971
https://stats.tennismylife.org/tournaments/fort-lauderdale/records/count/played,9878,fort-lauderdale,"Fort Lauderdale",A,1971
https://stats.tennismylife.org/tournaments/fort-lauderdale/records/count/entries,9878,fort-lauderdale,"Fort Lauderdale",A,1971
https://stats.tennismylife.org/tournaments/fort-lauderdale/records/ages,9878,fort-lauderdale,"Fort Lauderdale",A,1971
https://stats.tennismylife.org/tournaments/fort-lauderdale/records/ages/main,9878,fort-lauderdale,"Fort Lauderdale",A,1971
https://stats.tennismylife.org/tournaments/fort-lauderdale/records/ages/titles,9878,fort-lauderdale,"Fort Lauderdale",A,1971
https://stats.tennismylife.org/tournaments/fort-lauderdale/records/ages/oldestrounds,9878,fort-lauderdale,"Fort Lauderdale",A,1971
https://stats.tennismylife.org/tournaments/fort-lauderdale/records/ages/youngestrounds,9878,fort-lauderdale,"Fort Lauderdale",A,1971
https://stats.tennismylife.org/tournaments/fort-lauderdale/records/percentage,9878,fort-lauderdale,"Fort Lauderdale",A,1971
https://stats.tennismylife.org/tournaments/fort-lauderdale/records/percentage/wins,9878,fort-lauderdale,"Fort Lauderdale",A,1971
https://stats.tennismylife.org/tournaments/fort-lauderdale/records/percentage/rounds,9878,fort-lauderdale,"Fort Lauderdale",A,1971
https://stats.tennismylife.org/tournaments/fort-lauderdale/records/streak,9878,fort-lauderdale,"Fort Lauderdale",A,1971
https://stats.tennismylife.org/tournaments/fort-lauderdale/records/timespan,9878,fort-lauderdale,"Fort Lauderdale",A,1971
https://stats.tennismylife.org/tournaments/fort-lauderdale/records/rounds,9878,fort-lauderdale,"Fort Lauderdale",A,1971
https://stats.tennismylife.org/tournaments/fort-lauderdale/records/least,9878,fort-lauderdale,"Fort Lauderdale",A,1971
https://stats.tennismylife.org/tournaments/fort-lauderdale/records/roundsonentries,9878,fort-lauderdale,"Fort Lauderdale",A,1971
https://stats.tennismylife.org/tournaments/fort-myers/records,727,fort-myers,"Fort Myers",A,1986
https://stats.tennismylife.org/tournaments/fort-myers/records/count,727,fort-myers,"Fort Myers",A,1986
https://stats.tennismylife.org/tournaments/fort-myers/records/count/titles,727,fort-myers,"Fort Myers",A,1986
https://stats.tennismylife.org/tournaments/fort-myers/records/count/wins,727,fort-myers,"Fort Myers",A,1986
https://stats.tennismylife.org/tournaments/fort-myers/records/count/played,727,fort-myers,"Fort Myers",A,1986
https://stats.tennismylife.org/tournaments/fort-myers/records/count/entries,727,fort-myers,"Fort Myers",A,1986
https://stats.tennismylife.org/tournaments/fort-myers/records/ages,727,fort-myers,"Fort Myers",A,1986
https://stats.tennismylife.org/tournaments/fort-myers/records/ages/main,727,fort-myers,"Fort Myers",A,1986
https://stats.tennismylife.org/tournaments/fort-myers/records/ages/titles,727,fort-myers,"Fort Myers",A,1986
https://stats.tennismylife.org/tournaments/fort-myers/records/ages/oldestrounds,727,fort-myers,"Fort Myers",A,1986
https://stats.tennismylife.org/tournaments/fort-myers/records/ages/youngestrounds,727,fort-myers,"Fort Myers",A,1986
https://stats.tennismylife.org/tournaments/fort-myers/records/percentage,727,fort-myers,"Fort Myers",A,1986
https://stats.tennismylife.org/tournaments/fort-myers/records/percentage/wins,727,fort-myers,"Fort Myers",A,1986
https://stats.tennismylife.org/tournaments/fort-myers/records/percentage/rounds,727,fort-myers,"Fort Myers",A,1986
https://stats.tennismylife.org/tournaments/fort-myers/records/streak,727,fort-myers,"Fort Myers",A,1986
https://stats.tennismylife.org/tournaments/fort-myers/records/timespan,727,fort-myers,"Fort Myers",A,1986
https://stats.tennismylife.org/tournaments/fort-myers/records/rounds,727,fort-myers,"Fort Myers",A,1986
https://stats.tennismylife.org/tournaments/fort-myers/records/least,727,fort-myers,"Fort Myers",A,1986
https://stats.tennismylife.org/tournaments/fort-myers/records/roundsonentries,727,fort-myers,"Fort Myers",A,1986
https://stats.tennismylife.org/tournaments/fort-worth-wct/records,653,fort-worth-wct,"Fort Worth WCT",A,1976
https://stats.tennismylife.org/tournaments/fort-worth-wct/records/count,653,fort-worth-wct,"Fort Worth WCT",A,1976
https://stats.tennismylife.org/tournaments/fort-worth-wct/records/count/titles,653,fort-worth-wct,"Fort Worth WCT",A,1976
https://stats.tennismylife.org/tournaments/fort-worth-wct/records/count/wins,653,fort-worth-wct,"Fort Worth WCT",A,1976
https://stats.tennismylife.org/tournaments/fort-worth-wct/records/count/played,653,fort-worth-wct,"Fort Worth WCT",A,1976
https://stats.tennismylife.org/tournaments/fort-worth-wct/records/count/entries,653,fort-worth-wct,"Fort Worth WCT",A,1976
https://stats.tennismylife.org/tournaments/fort-worth-wct/records/ages,653,fort-worth-wct,"Fort Worth WCT",A,1976
https://stats.tennismylife.org/tournaments/fort-worth-wct/records/ages/main,653,fort-worth-wct,"Fort Worth WCT",A,1976
https://stats.tennismylife.org/tournaments/fort-worth-wct/records/ages/titles,653,fort-worth-wct,"Fort Worth WCT",A,1976
https://stats.tennismylife.org/tournaments/fort-worth-wct/records/ages/oldestrounds,653,fort-worth-wct,"Fort Worth WCT",A,1976
https://stats.tennismylife.org/tournaments/fort-worth-wct/records/ages/youngestrounds,653,fort-worth-wct,"Fort Worth WCT",A,1976
https://stats.tennismylife.org/tournaments/fort-worth-wct/records/percentage,653,fort-worth-wct,"Fort Worth WCT",A,1976
https://stats.tennismylife.org/tournaments/fort-worth-wct/records/percentage/wins,653,fort-worth-wct,"Fort Worth WCT",A,1976
https://stats.tennismylife.org/tournaments/fort-worth-wct/records/percentage/rounds,653,fort-worth-wct,"Fort Worth WCT",A,1976
https://stats.tennismylife.org/tournaments/fort-worth-wct/records/streak,653,fort-worth-wct,"Fort Worth WCT",A,1976
https://stats.tennismylife.org/tournaments/fort-worth-wct/records/timespan,653,fort-worth-wct,"Fort Worth WCT",A,1976
https://stats.tennismylife.org/tournaments/fort-worth-wct/records/rounds,653,fort-worth-wct,"Fort Worth WCT",A,1976
https://stats.tennismylife.org/tournaments/fort-worth-wct/records/least,653,fort-worth-wct,"Fort Worth WCT",A,1976
https://stats.tennismylife.org/tournaments/fort-worth-wct/records/roundsonentries,653,fort-worth-wct,"Fort Worth WCT",A,1976
https://stats.tennismylife.org/tournaments/freeport/records,2021,freeport,"Freeport",A,1975
https://stats.tennismylife.org/tournaments/freeport/records/count,2021,freeport,"Freeport",A,1975
https://stats.tennismylife.org/tournaments/freeport/records/count/titles,2021,freeport,"Freeport",A,1975
https://stats.tennismylife.org/tournaments/freeport/records/count/wins,2021,freeport,"Freeport",A,1975
https://stats.tennismylife.org/tournaments/freeport/records/count/played,2021,freeport,"Freeport",A,1975
https://stats.tennismylife.org/tournaments/freeport/records/count/entries,2021,freeport,"Freeport",A,1975
https://stats.tennismylife.org/tournaments/freeport/records/ages,2021,freeport,"Freeport",A,1975
https://stats.tennismylife.org/tournaments/freeport/records/ages/main,2021,freeport,"Freeport",A,1975
https://stats.tennismylife.org/tournaments/freeport/records/ages/titles,2021,freeport,"Freeport",A,1975
https://stats.tennismylife.org/tournaments/freeport/records/ages/oldestrounds,2021,freeport,"Freeport",A,1975
https://stats.tennismylife.org/tournaments/freeport/records/ages/youngestrounds,2021,freeport,"Freeport",A,1975
https://stats.tennismylife.org/tournaments/freeport/records/percentage,2021,freeport,"Freeport",A,1975
https://stats.tennismylife.org/tournaments/freeport/records/percentage/wins,2021,freeport,"Freeport",A,1975
https://stats.tennismylife.org/tournaments/freeport/records/percentage/rounds,2021,freeport,"Freeport",A,1975
https://stats.tennismylife.org/tournaments/freeport/records/streak,2021,freeport,"Freeport",A,1975
https://stats.tennismylife.org/tournaments/freeport/records/timespan,2021,freeport,"Freeport",A,1975
https://stats.tennismylife.org/tournaments/freeport/records/rounds,2021,freeport,"Freeport",A,1975
https://stats.tennismylife.org/tournaments/freeport/records/least,2021,freeport,"Freeport",A,1975
https://stats.tennismylife.org/tournaments/freeport/records/roundsonentries,2021,freeport,"Freeport",A,1975
https://stats.tennismylife.org/tournaments/fresno-wct/records,9308,fresno-wct,"Fresno WCT",A,1968
https://stats.tennismylife.org/tournaments/fresno-wct/records/count,9308,fresno-wct,"Fresno WCT",A,1968
https://stats.tennismylife.org/tournaments/fresno-wct/records/count/titles,9308,fresno-wct,"Fresno WCT",A,1968
https://stats.tennismylife.org/tournaments/fresno-wct/records/count/wins,9308,fresno-wct,"Fresno WCT",A,1968
https://stats.tennismylife.org/tournaments/fresno-wct/records/count/played,9308,fresno-wct,"Fresno WCT",A,1968
https://stats.tennismylife.org/tournaments/fresno-wct/records/count/entries,9308,fresno-wct,"Fresno WCT",A,1968
https://stats.tennismylife.org/tournaments/fresno-wct/records/ages,9308,fresno-wct,"Fresno WCT",A,1968
https://stats.tennismylife.org/tournaments/fresno-wct/records/ages/main,9308,fresno-wct,"Fresno WCT",A,1968
https://stats.tennismylife.org/tournaments/fresno-wct/records/ages/titles,9308,fresno-wct,"Fresno WCT",A,1968
https://stats.tennismylife.org/tournaments/fresno-wct/records/ages/oldestrounds,9308,fresno-wct,"Fresno WCT",A,1968
https://stats.tennismylife.org/tournaments/fresno-wct/records/ages/youngestrounds,9308,fresno-wct,"Fresno WCT",A,1968
https://stats.tennismylife.org/tournaments/fresno-wct/records/percentage,9308,fresno-wct,"Fresno WCT",A,1968
https://stats.tennismylife.org/tournaments/fresno-wct/records/percentage/wins,9308,fresno-wct,"Fresno WCT",A,1968
https://stats.tennismylife.org/tournaments/fresno-wct/records/percentage/rounds,9308,fresno-wct,"Fresno WCT",A,1968
https://stats.tennismylife.org/tournaments/fresno-wct/records/streak,9308,fresno-wct,"Fresno WCT",A,1968
https://stats.tennismylife.org/tournaments/fresno-wct/records/timespan,9308,fresno-wct,"Fresno WCT",A,1968
https://stats.tennismylife.org/tournaments/fresno-wct/records/rounds,9308,fresno-wct,"Fresno WCT",A,1968
https://stats.tennismylife.org/tournaments/fresno-wct/records/least,9308,fresno-wct,"Fresno WCT",A,1968
https://stats.tennismylife.org/tournaments/fresno-wct/records/roundsonentries,9308,fresno-wct,"Fresno WCT",A,1968
https://stats.tennismylife.org/tournaments/genoa-wct/records,808,genoa-wct,"Genoa WCT",A,1982
https://stats.tennismylife.org/tournaments/genoa-wct/records/count,808,genoa-wct,"Genoa WCT",A,1982
https://stats.tennismylife.org/tournaments/genoa-wct/records/count/titles,808,genoa-wct,"Genoa WCT",A,1982
https://stats.tennismylife.org/tournaments/genoa-wct/records/count/wins,808,genoa-wct,"Genoa WCT",A,1982
https://stats.tennismylife.org/tournaments/genoa-wct/records/count/played,808,genoa-wct,"Genoa WCT",A,1982
https://stats.tennismylife.org/tournaments/genoa-wct/records/count/entries,808,genoa-wct,"Genoa WCT",A,1982
https://stats.tennismylife.org/tournaments/genoa-wct/records/ages,808,genoa-wct,"Genoa WCT",A,1982
https://stats.tennismylife.org/tournaments/genoa-wct/records/ages/main,808,genoa-wct,"Genoa WCT",A,1982
https://stats.tennismylife.org/tournaments/genoa-wct/records/ages/titles,808,genoa-wct,"Genoa WCT",A,1982
https://stats.tennismylife.org/tournaments/genoa-wct/records/ages/oldestrounds,808,genoa-wct,"Genoa WCT",A,1982
https://stats.tennismylife.org/tournaments/genoa-wct/records/ages/youngestrounds,808,genoa-wct,"Genoa WCT",A,1982
https://stats.tennismylife.org/tournaments/genoa-wct/records/percentage,808,genoa-wct,"Genoa WCT",A,1982
https://stats.tennismylife.org/tournaments/genoa-wct/records/percentage/wins,808,genoa-wct,"Genoa WCT",A,1982
https://stats.tennismylife.org/tournaments/genoa-wct/records/percentage/rounds,808,genoa-wct,"Genoa WCT",A,1982
https://stats.tennismylife.org/tournaments/genoa-wct/records/streak,808,genoa-wct,"Genoa WCT",A,1982
https://stats.tennismylife.org/tournaments/genoa-wct/records/timespan,808,genoa-wct,"Genoa WCT",A,1982
https://stats.tennismylife.org/tournaments/genoa-wct/records/rounds,808,genoa-wct,"Genoa WCT",A,1982
https://stats.tennismylife.org/tournaments/genoa-wct/records/least,808,genoa-wct,"Genoa WCT",A,1982
https://stats.tennismylife.org/tournaments/genoa-wct/records/roundsonentries,808,genoa-wct,"Genoa WCT",A,1982
https://stats.tennismylife.org/tournaments/gothenburg-wct/records,508,gothenburg-wct,"Gothenburg WCT",A,1973
https://stats.tennismylife.org/tournaments/gothenburg-wct/records/count,508,gothenburg-wct,"Gothenburg WCT",A,1973
https://stats.tennismylife.org/tournaments/gothenburg-wct/records/count/titles,508,gothenburg-wct,"Gothenburg WCT",A,1973
https://stats.tennismylife.org/tournaments/gothenburg-wct/records/count/wins,508,gothenburg-wct,"Gothenburg WCT",A,1973
https://stats.tennismylife.org/tournaments/gothenburg-wct/records/count/played,508,gothenburg-wct,"Gothenburg WCT",A,1973
https://stats.tennismylife.org/tournaments/gothenburg-wct/records/count/entries,508,gothenburg-wct,"Gothenburg WCT",A,1973
https://stats.tennismylife.org/tournaments/gothenburg-wct/records/ages,508,gothenburg-wct,"Gothenburg WCT",A,1973
https://stats.tennismylife.org/tournaments/gothenburg-wct/records/ages/main,508,gothenburg-wct,"Gothenburg WCT",A,1973
https://stats.tennismylife.org/tournaments/gothenburg-wct/records/ages/titles,508,gothenburg-wct,"Gothenburg WCT",A,1973
https://stats.tennismylife.org/tournaments/gothenburg-wct/records/ages/oldestrounds,508,gothenburg-wct,"Gothenburg WCT",A,1973
https://stats.tennismylife.org/tournaments/gothenburg-wct/records/ages/youngestrounds,508,gothenburg-wct,"Gothenburg WCT",A,1973
https://stats.tennismylife.org/tournaments/gothenburg-wct/records/percentage,508,gothenburg-wct,"Gothenburg WCT",A,1973
https://stats.tennismylife.org/tournaments/gothenburg-wct/records/percentage/wins,508,gothenburg-wct,"Gothenburg WCT",A,1973
https://stats.tennismylife.org/tournaments/gothenburg-wct/records/percentage/rounds,508,gothenburg-wct,"Gothenburg WCT",A,1973
https://stats.tennismylife.org/tournaments/gothenburg-wct/records/streak,508,gothenburg-wct,"Gothenburg WCT",A,1973
https://stats.tennismylife.org/tournaments/gothenburg-wct/records/timespan,508,gothenburg-wct,"Gothenburg WCT",A,1973
https://stats.tennismylife.org/tournaments/gothenburg-wct/records/rounds,508,gothenburg-wct,"Gothenburg WCT",A,1973
https://stats.tennismylife.org/tournaments/gothenburg-wct/records/least,508,gothenburg-wct,"Gothenburg WCT",A,1973
https://stats.tennismylife.org/tournaments/gothenburg-wct/records/roundsonentries,508,gothenburg-wct,"Gothenburg WCT",A,1973
https://stats.tennismylife.org/tournaments/grand-slam-cup/records,604,grand-slam-cup,"Grand Slam Cup",A,1999
https://stats.tennismylife.org/tournaments/grand-slam-cup/records/count,604,grand-slam-cup,"Grand Slam Cup",A,1999
https://stats.tennismylife.org/tournaments/grand-slam-cup/records/count/titles,604,grand-slam-cup,"Grand Slam Cup",A,1999
https://stats.tennismylife.org/tournaments/grand-slam-cup/records/count/wins,604,grand-slam-cup,"Grand Slam Cup",A,1999
https://stats.tennismylife.org/tournaments/grand-slam-cup/records/count/played,604,grand-slam-cup,"Grand Slam Cup",A,1999
https://stats.tennismylife.org/tournaments/grand-slam-cup/records/count/entries,604,grand-slam-cup,"Grand Slam Cup",A,1999
https://stats.tennismylife.org/tournaments/grand-slam-cup/records/ages,604,grand-slam-cup,"Grand Slam Cup",A,1999
https://stats.tennismylife.org/tournaments/grand-slam-cup/records/ages/main,604,grand-slam-cup,"Grand Slam Cup",A,1999
https://stats.tennismylife.org/tournaments/grand-slam-cup/records/ages/titles,604,grand-slam-cup,"Grand Slam Cup",A,1999
https://stats.tennismylife.org/tournaments/grand-slam-cup/records/ages/oldestrounds,604,grand-slam-cup,"Grand Slam Cup",A,1999
https://stats.tennismylife.org/tournaments/grand-slam-cup/records/ages/youngestrounds,604,grand-slam-cup,"Grand Slam Cup",A,1999
https://stats.tennismylife.org/tournaments/grand-slam-cup/records/percentage,604,grand-slam-cup,"Grand Slam Cup",A,1999
https://stats.tennismylife.org/tournaments/grand-slam-cup/records/percentage/wins,604,grand-slam-cup,"Grand Slam Cup",A,1999
https://stats.tennismylife.org/tournaments/grand-slam-cup/records/percentage/rounds,604,grand-slam-cup,"Grand Slam Cup",A,1999
https://stats.tennismylife.org/tournaments/grand-slam-cup/records/streak,604,grand-slam-cup,"Grand Slam Cup",A,1999
https://stats.tennismylife.org/tournaments/grand-slam-cup/records/timespan,604,grand-slam-cup,"Grand Slam Cup",A,1999
https://stats.tennismylife.org/tournaments/grand-slam-cup/records/rounds,604,grand-slam-cup,"Grand Slam Cup",A,1999
https://stats.tennismylife.org/tournaments/grand-slam-cup/records/least,604,grand-slam-cup,"Grand Slam Cup",A,1999
https://stats.tennismylife.org/tournaments/grand-slam-cup/records/roundsonentries,604,grand-slam-cup,"Grand Slam Cup",A,1999
https://stats.tennismylife.org/tournaments/guadalajara/records,280,guadalajara,"Guadalajara",A,1978
https://stats.tennismylife.org/tournaments/guadalajara/records/count,280,guadalajara,"Guadalajara",A,1978
https://stats.tennismylife.org/tournaments/guadalajara/records/count/titles,280,guadalajara,"Guadalajara",A,1978
https://stats.tennismylife.org/tournaments/guadalajara/records/count/wins,280,guadalajara,"Guadalajara",A,1978
https://stats.tennismylife.org/tournaments/guadalajara/records/count/played,280,guadalajara,"Guadalajara",A,1978
https://stats.tennismylife.org/tournaments/guadalajara/records/count/entries,280,guadalajara,"Guadalajara",A,1978
https://stats.tennismylife.org/tournaments/guadalajara/records/ages,280,guadalajara,"Guadalajara",A,1978
https://stats.tennismylife.org/tournaments/guadalajara/records/ages/main,280,guadalajara,"Guadalajara",A,1978
https://stats.tennismylife.org/tournaments/guadalajara/records/ages/titles,280,guadalajara,"Guadalajara",A,1978
https://stats.tennismylife.org/tournaments/guadalajara/records/ages/oldestrounds,280,guadalajara,"Guadalajara",A,1978
https://stats.tennismylife.org/tournaments/guadalajara/records/ages/youngestrounds,280,guadalajara,"Guadalajara",A,1978
https://stats.tennismylife.org/tournaments/guadalajara/records/percentage,280,guadalajara,"Guadalajara",A,1978
https://stats.tennismylife.org/tournaments/guadalajara/records/percentage/wins,280,guadalajara,"Guadalajara",A,1978
https://stats.tennismylife.org/tournaments/guadalajara/records/percentage/rounds,280,guadalajara,"Guadalajara",A,1978
https://stats.tennismylife.org/tournaments/guadalajara/records/streak,280,guadalajara,"Guadalajara",A,1978
https://stats.tennismylife.org/tournaments/guadalajara/records/timespan,280,guadalajara,"Guadalajara",A,1978
https://stats.tennismylife.org/tournaments/guadalajara/records/rounds,280,guadalajara,"Guadalajara",A,1978
https://stats.tennismylife.org/tournaments/guadalajara/records/least,280,guadalajara,"Guadalajara",A,1978
https://stats.tennismylife.org/tournaments/guadalajara/records/roundsonentries,280,guadalajara,"Guadalajara",A,1978
https://stats.tennismylife.org/tournaments/guaruja/records,237,guaruja,"Guaruja",A|250,1992
https://stats.tennismylife.org/tournaments/guaruja/records/count,237,guaruja,"Guaruja",A|250,1992
https://stats.tennismylife.org/tournaments/guaruja/records/count/titles,237,guaruja,"Guaruja",A|250,1992
https://stats.tennismylife.org/tournaments/guaruja/records/count/wins,237,guaruja,"Guaruja",A|250,1992
https://stats.tennismylife.org/tournaments/guaruja/records/count/played,237,guaruja,"Guaruja",A|250,1992
https://stats.tennismylife.org/tournaments/guaruja/records/count/entries,237,guaruja,"Guaruja",A|250,1992
https://stats.tennismylife.org/tournaments/guaruja/records/ages,237,guaruja,"Guaruja",A|250,1992
https://stats.tennismylife.org/tournaments/guaruja/records/ages/main,237,guaruja,"Guaruja",A|250,1992
https://stats.tennismylife.org/tournaments/guaruja/records/ages/titles,237,guaruja,"Guaruja",A|250,1992
https://stats.tennismylife.org/tournaments/guaruja/records/ages/oldestrounds,237,guaruja,"Guaruja",A|250,1992
https://stats.tennismylife.org/tournaments/guaruja/records/ages/youngestrounds,237,guaruja,"Guaruja",A|250,1992
https://stats.tennismylife.org/tournaments/guaruja/records/percentage,237,guaruja,"Guaruja",A|250,1992
https://stats.tennismylife.org/tournaments/guaruja/records/percentage/wins,237,guaruja,"Guaruja",A|250,1992
https://stats.tennismylife.org/tournaments/guaruja/records/percentage/rounds,237,guaruja,"Guaruja",A|250,1992
https://stats.tennismylife.org/tournaments/guaruja/records/streak,237,guaruja,"Guaruja",A|250,1992
https://stats.tennismylife.org/tournaments/guaruja/records/timespan,237,guaruja,"Guaruja",A|250,1992
https://stats.tennismylife.org/tournaments/guaruja/records/rounds,237,guaruja,"Guaruja",A|250,1992
https://stats.tennismylife.org/tournaments/guaruja/records/least,237,guaruja,"Guaruja",A|250,1992
https://stats.tennismylife.org/tournaments/guaruja/records/roundsonentries,237,guaruja,"Guaruja",A|250,1992
https://stats.tennismylife.org/tournaments/hampton/records,657,hampton,"Hampton",A,1977
https://stats.tennismylife.org/tournaments/hampton/records/count,657,hampton,"Hampton",A,1977
https://stats.tennismylife.org/tournaments/hampton/records/count/titles,657,hampton,"Hampton",A,1977
https://stats.tennismylife.org/tournaments/hampton/records/count/wins,657,hampton,"Hampton",A,1977
https://stats.tennismylife.org/tournaments/hampton/records/count/played,657,hampton,"Hampton",A,1977
https://stats.tennismylife.org/tournaments/hampton/records/count/entries,657,hampton,"Hampton",A,1977
https://stats.tennismylife.org/tournaments/hampton/records/ages,657,hampton,"Hampton",A,1977
https://stats.tennismylife.org/tournaments/hampton/records/ages/main,657,hampton,"Hampton",A,1977
https://stats.tennismylife.org/tournaments/hampton/records/ages/titles,657,hampton,"Hampton",A,1977
https://stats.tennismylife.org/tournaments/hampton/records/ages/oldestrounds,657,hampton,"Hampton",A,1977
https://stats.tennismylife.org/tournaments/hampton/records/ages/youngestrounds,657,hampton,"Hampton",A,1977
https://stats.tennismylife.org/tournaments/hampton/records/percentage,657,hampton,"Hampton",A,1977
https://stats.tennismylife.org/tournaments/hampton/records/percentage/wins,657,hampton,"Hampton",A,1977
https://stats.tennismylife.org/tournaments/hampton/records/percentage/rounds,657,hampton,"Hampton",A,1977
https://stats.tennismylife.org/tournaments/hampton/records/streak,657,hampton,"Hampton",A,1977
https://stats.tennismylife.org/tournaments/hampton/records/timespan,657,hampton,"Hampton",A,1977
https://stats.tennismylife.org/tournaments/hampton/records/rounds,657,hampton,"Hampton",A,1977
https://stats.tennismylife.org/tournaments/hampton/records/least,657,hampton,"Hampton",A,1977
https://stats.tennismylife.org/tournaments/hampton/records/roundsonentries,657,hampton,"Hampton",A,1977
https://stats.tennismylife.org/tournaments/hartford-wct/records,819,hartford-wct,"Hartford WCT",A,1982
https://stats.tennismylife.org/tournaments/hartford-wct/records/count,819,hartford-wct,"Hartford WCT",A,1982
https://stats.tennismylife.org/tournaments/hartford-wct/records/count/titles,819,hartford-wct,"Hartford WCT",A,1982
https://stats.tennismylife.org/tournaments/hartford-wct/records/count/wins,819,hartford-wct,"Hartford WCT",A,1982
https://stats.tennismylife.org/tournaments/hartford-wct/records/count/played,819,hartford-wct,"Hartford WCT",A,1982
https://stats.tennismylife.org/tournaments/hartford-wct/records/count/entries,819,hartford-wct,"Hartford WCT",A,1982
https://stats.tennismylife.org/tournaments/hartford-wct/records/ages,819,hartford-wct,"Hartford WCT",A,1982
https://stats.tennismylife.org/tournaments/hartford-wct/records/ages/main,819,hartford-wct,"Hartford WCT",A,1982
https://stats.tennismylife.org/tournaments/hartford-wct/records/ages/titles,819,hartford-wct,"Hartford WCT",A,1982
https://stats.tennismylife.org/tournaments/hartford-wct/records/ages/oldestrounds,819,hartford-wct,"Hartford WCT",A,1982
https://stats.tennismylife.org/tournaments/hartford-wct/records/ages/youngestrounds,819,hartford-wct,"Hartford WCT",A,1982
https://stats.tennismylife.org/tournaments/hartford-wct/records/percentage,819,hartford-wct,"Hartford WCT",A,1982
https://stats.tennismylife.org/tournaments/hartford-wct/records/percentage/wins,819,hartford-wct,"Hartford WCT",A,1982
https://stats.tennismylife.org/tournaments/hartford-wct/records/percentage/rounds,819,hartford-wct,"Hartford WCT",A,1982
https://stats.tennismylife.org/tournaments/hartford-wct/records/streak,819,hartford-wct,"Hartford WCT",A,1982
https://stats.tennismylife.org/tournaments/hartford-wct/records/timespan,819,hartford-wct,"Hartford WCT",A,1982
https://stats.tennismylife.org/tournaments/hartford-wct/records/rounds,819,hartford-wct,"Hartford WCT",A,1982
https://stats.tennismylife.org/tournaments/hartford-wct/records/least,819,hartford-wct,"Hartford WCT",A,1982
https://stats.tennismylife.org/tournaments/hartford-wct/records/roundsonentries,819,hartford-wct,"Hartford WCT",A,1982
https://stats.tennismylife.org/tournaments/haverford/records,2030,haverford,"Haverford",A,1974
https://stats.tennismylife.org/tournaments/haverford/records/count,2030,haverford,"Haverford",A,1974
https://stats.tennismylife.org/tournaments/haverford/records/count/titles,2030,haverford,"Haverford",A,1974
https://stats.tennismylife.org/tournaments/haverford/records/count/wins,2030,haverford,"Haverford",A,1974
https://stats.tennismylife.org/tournaments/haverford/records/count/played,2030,haverford,"Haverford",A,1974
https://stats.tennismylife.org/tournaments/haverford/records/count/entries,2030,haverford,"Haverford",A,1974
https://stats.tennismylife.org/tournaments/haverford/records/ages,2030,haverford,"Haverford",A,1974
https://stats.tennismylife.org/tournaments/haverford/records/ages/main,2030,haverford,"Haverford",A,1974
https://stats.tennismylife.org/tournaments/haverford/records/ages/titles,2030,haverford,"Haverford",A,1974
https://stats.tennismylife.org/tournaments/haverford/records/ages/oldestrounds,2030,haverford,"Haverford",A,1974
https://stats.tennismylife.org/tournaments/haverford/records/ages/youngestrounds,2030,haverford,"Haverford",A,1974
https://stats.tennismylife.org/tournaments/haverford/records/percentage,2030,haverford,"Haverford",A,1974
https://stats.tennismylife.org/tournaments/haverford/records/percentage/wins,2030,haverford,"Haverford",A,1974
https://stats.tennismylife.org/tournaments/haverford/records/percentage/rounds,2030,haverford,"Haverford",A,1974
https://stats.tennismylife.org/tournaments/haverford/records/streak,2030,haverford,"Haverford",A,1974
https://stats.tennismylife.org/tournaments/haverford/records/timespan,2030,haverford,"Haverford",A,1974
https://stats.tennismylife.org/tournaments/haverford/records/rounds,2030,haverford,"Haverford",A,1974
https://stats.tennismylife.org/tournaments/haverford/records/least,2030,haverford,"Haverford",A,1974
https://stats.tennismylife.org/tournaments/haverford/records/roundsonentries,2030,haverford,"Haverford",A,1974
https://stats.tennismylife.org/tournaments/helsinki/records,2008,helsinki,"Helsinki",A,1977
https://stats.tennismylife.org/tournaments/helsinki/records/count,2008,helsinki,"Helsinki",A,1977
https://stats.tennismylife.org/tournaments/helsinki/records/count/titles,2008,helsinki,"Helsinki",A,1977
https://stats.tennismylife.org/tournaments/helsinki/records/count/wins,2008,helsinki,"Helsinki",A,1977
https://stats.tennismylife.org/tournaments/helsinki/records/count/played,2008,helsinki,"Helsinki",A,1977
https://stats.tennismylife.org/tournaments/helsinki/records/count/entries,2008,helsinki,"Helsinki",A,1977
https://stats.tennismylife.org/tournaments/helsinki/records/ages,2008,helsinki,"Helsinki",A,1977
https://stats.tennismylife.org/tournaments/helsinki/records/ages/main,2008,helsinki,"Helsinki",A,1977
https://stats.tennismylife.org/tournaments/helsinki/records/ages/titles,2008,helsinki,"Helsinki",A,1977
https://stats.tennismylife.org/tournaments/helsinki/records/ages/oldestrounds,2008,helsinki,"Helsinki",A,1977
https://stats.tennismylife.org/tournaments/helsinki/records/ages/youngestrounds,2008,helsinki,"Helsinki",A,1977
https://stats.tennismylife.org/tournaments/helsinki/records/percentage,2008,helsinki,"Helsinki",A,1977
https://stats.tennismylife.org/tournaments/helsinki/records/percentage/wins,2008,helsinki,"Helsinki",A,1977
https://stats.tennismylife.org/tournaments/helsinki/records/percentage/rounds,2008,helsinki,"Helsinki",A,1977
https://stats.tennismylife.org/tournaments/helsinki/records/streak,2008,helsinki,"Helsinki",A,1977
https://stats.tennismylife.org/tournaments/helsinki/records/timespan,2008,helsinki,"Helsinki",A,1977
https://stats.tennismylife.org/tournaments/helsinki/records/rounds,2008,helsinki,"Helsinki",A,1977
https://stats.tennismylife.org/tournaments/helsinki/records/least,2008,helsinki,"Helsinki",A,1977
https://stats.tennismylife.org/tournaments/helsinki/records/roundsonentries,2008,helsinki,"Helsinki",A,1977
https://stats.tennismylife.org/tournaments/hilton-head-wct/records,724,hilton-head-wct,"Hilton Head WCT",A,1983
https://stats.tennismylife.org/tournaments/hilton-head-wct/records/count,724,hilton-head-wct,"Hilton Head WCT",A,1983
https://stats.tennismylife.org/tournaments/hilton-head-wct/records/count/titles,724,hilton-head-wct,"Hilton Head WCT",A,1983
https://stats.tennismylife.org/tournaments/hilton-head-wct/records/count/wins,724,hilton-head-wct,"Hilton Head WCT",A,1983
https://stats.tennismylife.org/tournaments/hilton-head-wct/records/count/played,724,hilton-head-wct,"Hilton Head WCT",A,1983
https://stats.tennismylife.org/tournaments/hilton-head-wct/records/count/entries,724,hilton-head-wct,"Hilton Head WCT",A,1983
https://stats.tennismylife.org/tournaments/hilton-head-wct/records/ages,724,hilton-head-wct,"Hilton Head WCT",A,1983
https://stats.tennismylife.org/tournaments/hilton-head-wct/records/ages/main,724,hilton-head-wct,"Hilton Head WCT",A,1983
https://stats.tennismylife.org/tournaments/hilton-head-wct/records/ages/titles,724,hilton-head-wct,"Hilton Head WCT",A,1983
https://stats.tennismylife.org/tournaments/hilton-head-wct/records/ages/oldestrounds,724,hilton-head-wct,"Hilton Head WCT",A,1983
https://stats.tennismylife.org/tournaments/hilton-head-wct/records/ages/youngestrounds,724,hilton-head-wct,"Hilton Head WCT",A,1983
https://stats.tennismylife.org/tournaments/hilton-head-wct/records/percentage,724,hilton-head-wct,"Hilton Head WCT",A,1983
https://stats.tennismylife.org/tournaments/hilton-head-wct/records/percentage/wins,724,hilton-head-wct,"Hilton Head WCT",A,1983
https://stats.tennismylife.org/tournaments/hilton-head-wct/records/percentage/rounds,724,hilton-head-wct,"Hilton Head WCT",A,1983
https://stats.tennismylife.org/tournaments/hilton-head-wct/records/streak,724,hilton-head-wct,"Hilton Head WCT",A,1983
https://stats.tennismylife.org/tournaments/hilton-head-wct/records/timespan,724,hilton-head-wct,"Hilton Head WCT",A,1983
https://stats.tennismylife.org/tournaments/hilton-head-wct/records/rounds,724,hilton-head-wct,"Hilton Head WCT",A,1983
https://stats.tennismylife.org/tournaments/hilton-head-wct/records/least,724,hilton-head-wct,"Hilton Head WCT",A,1983
https://stats.tennismylife.org/tournaments/hilton-head-wct/records/roundsonentries,724,hilton-head-wct,"Hilton Head WCT",A,1983
https://stats.tennismylife.org/tournaments/ho-chi-minh-city/records,890,ho-chi-minh-city,"Ho Chi Minh City",250,2005
https://stats.tennismylife.org/tournaments/ho-chi-minh-city/records/count,890,ho-chi-minh-city,"Ho Chi Minh City",250,2005
https://stats.tennismylife.org/tournaments/ho-chi-minh-city/records/count/titles,890,ho-chi-minh-city,"Ho Chi Minh City",250,2005
https://stats.tennismylife.org/tournaments/ho-chi-minh-city/records/count/wins,890,ho-chi-minh-city,"Ho Chi Minh City",250,2005
https://stats.tennismylife.org/tournaments/ho-chi-minh-city/records/count/played,890,ho-chi-minh-city,"Ho Chi Minh City",250,2005
https://stats.tennismylife.org/tournaments/ho-chi-minh-city/records/count/entries,890,ho-chi-minh-city,"Ho Chi Minh City",250,2005
https://stats.tennismylife.org/tournaments/ho-chi-minh-city/records/ages,890,ho-chi-minh-city,"Ho Chi Minh City",250,2005
https://stats.tennismylife.org/tournaments/ho-chi-minh-city/records/ages/main,890,ho-chi-minh-city,"Ho Chi Minh City",250,2005
https://stats.tennismylife.org/tournaments/ho-chi-minh-city/records/ages/titles,890,ho-chi-minh-city,"Ho Chi Minh City",250,2005
https://stats.tennismylife.org/tournaments/ho-chi-minh-city/records/ages/oldestrounds,890,ho-chi-minh-city,"Ho Chi Minh City",250,2005
https://stats.tennismylife.org/tournaments/ho-chi-minh-city/records/ages/youngestrounds,890,ho-chi-minh-city,"Ho Chi Minh City",250,2005
https://stats.tennismylife.org/tournaments/ho-chi-minh-city/records/percentage,890,ho-chi-minh-city,"Ho Chi Minh City",250,2005
https://stats.tennismylife.org/tournaments/ho-chi-minh-city/records/percentage/wins,890,ho-chi-minh-city,"Ho Chi Minh City",250,2005
https://stats.tennismylife.org/tournaments/ho-chi-minh-city/records/percentage/rounds,890,ho-chi-minh-city,"Ho Chi Minh City",250,2005
https://stats.tennismylife.org/tournaments/ho-chi-minh-city/records/streak,890,ho-chi-minh-city,"Ho Chi Minh City",250,2005
https://stats.tennismylife.org/tournaments/ho-chi-minh-city/records/timespan,890,ho-chi-minh-city,"Ho Chi Minh City",250,2005
https://stats.tennismylife.org/tournaments/ho-chi-minh-city/records/rounds,890,ho-chi-minh-city,"Ho Chi Minh City",250,2005
https://stats.tennismylife.org/tournaments/ho-chi-minh-city/records/least,890,ho-chi-minh-city,"Ho Chi Minh City",250,2005
https://stats.tennismylife.org/tournaments/ho-chi-minh-city/records/roundsonentries,890,ho-chi-minh-city,"Ho Chi Minh City",250,2005
https://stats.tennismylife.org/tournaments/hobart/records,713,hobart,"Hobart",A,1979
https://stats.tennismylife.org/tournaments/hobart/records/count,713,hobart,"Hobart",A,1979
https://stats.tennismylife.org/tournaments/hobart/records/count/titles,713,hobart,"Hobart",A,1979
https://stats.tennismylife.org/tournaments/hobart/records/count/wins,713,hobart,"Hobart",A,1979
https://stats.tennismylife.org/tournaments/hobart/records/count/played,713,hobart,"Hobart",A,1979
https://stats.tennismylife.org/tournaments/hobart/records/count/entries,713,hobart,"Hobart",A,1979
https://stats.tennismylife.org/tournaments/hobart/records/ages,713,hobart,"Hobart",A,1979
https://stats.tennismylife.org/tournaments/hobart/records/ages/main,713,hobart,"Hobart",A,1979
https://stats.tennismylife.org/tournaments/hobart/records/ages/titles,713,hobart,"Hobart",A,1979
https://stats.tennismylife.org/tournaments/hobart/records/ages/oldestrounds,713,hobart,"Hobart",A,1979
https://stats.tennismylife.org/tournaments/hobart/records/ages/youngestrounds,713,hobart,"Hobart",A,1979
https://stats.tennismylife.org/tournaments/hobart/records/percentage,713,hobart,"Hobart",A,1979
https://stats.tennismylife.org/tournaments/hobart/records/percentage/wins,713,hobart,"Hobart",A,1979
https://stats.tennismylife.org/tournaments/hobart/records/percentage/rounds,713,hobart,"Hobart",A,1979
https://stats.tennismylife.org/tournaments/hobart/records/streak,713,hobart,"Hobart",A,1979
https://stats.tennismylife.org/tournaments/hobart/records/timespan,713,hobart,"Hobart",A,1979
https://stats.tennismylife.org/tournaments/hobart/records/rounds,713,hobart,"Hobart",A,1979
https://stats.tennismylife.org/tournaments/hobart/records/least,713,hobart,"Hobart",A,1979
https://stats.tennismylife.org/tournaments/hobart/records/roundsonentries,713,hobart,"Hobart",A,1979
https://stats.tennismylife.org/tournaments/hollywood-ntl/records,9309,hollywood-ntl,"Hollywood NTL",A,1968
https://stats.tennismylife.org/tournaments/hollywood-ntl/records/count,9309,hollywood-ntl,"Hollywood NTL",A,1968
https://stats.tennismylife.org/tournaments/hollywood-ntl/records/count/titles,9309,hollywood-ntl,"Hollywood NTL",A,1968
https://stats.tennismylife.org/tournaments/hollywood-ntl/records/count/wins,9309,hollywood-ntl,"Hollywood NTL",A,1968
https://stats.tennismylife.org/tournaments/hollywood-ntl/records/count/played,9309,hollywood-ntl,"Hollywood NTL",A,1968
https://stats.tennismylife.org/tournaments/hollywood-ntl/records/count/entries,9309,hollywood-ntl,"Hollywood NTL",A,1968
https://stats.tennismylife.org/tournaments/hollywood-ntl/records/ages,9309,hollywood-ntl,"Hollywood NTL",A,1968
https://stats.tennismylife.org/tournaments/hollywood-ntl/records/ages/main,9309,hollywood-ntl,"Hollywood NTL",A,1968
https://stats.tennismylife.org/tournaments/hollywood-ntl/records/ages/titles,9309,hollywood-ntl,"Hollywood NTL",A,1968
https://stats.tennismylife.org/tournaments/hollywood-ntl/records/ages/oldestrounds,9309,hollywood-ntl,"Hollywood NTL",A,1968
https://stats.tennismylife.org/tournaments/hollywood-ntl/records/ages/youngestrounds,9309,hollywood-ntl,"Hollywood NTL",A,1968
https://stats.tennismylife.org/tournaments/hollywood-ntl/records/percentage,9309,hollywood-ntl,"Hollywood NTL",A,1968
https://stats.tennismylife.org/tournaments/hollywood-ntl/records/percentage/wins,9309,hollywood-ntl,"Hollywood NTL",A,1968
https://stats.tennismylife.org/tournaments/hollywood-ntl/records/percentage/rounds,9309,hollywood-ntl,"Hollywood NTL",A,1968
https://stats.tennismylife.org/tournaments/hollywood-ntl/records/streak,9309,hollywood-ntl,"Hollywood NTL",A,1968
https://stats.tennismylife.org/tournaments/hollywood-ntl/records/timespan,9309,hollywood-ntl,"Hollywood NTL",A,1968
https://stats.tennismylife.org/tournaments/hollywood-ntl/records/rounds,9309,hollywood-ntl,"Hollywood NTL",A,1968
https://stats.tennismylife.org/tournaments/hollywood-ntl/records/least,9309,hollywood-ntl,"Hollywood NTL",A,1968
https://stats.tennismylife.org/tournaments/hollywood-ntl/records/roundsonentries,9309,hollywood-ntl,"Hollywood NTL",A,1968
https://stats.tennismylife.org/tournaments/hong-kong-2/records,9216,hong-kong-2,"Hong Kong",A,1972
https://stats.tennismylife.org/tournaments/hong-kong-2/records/count,9216,hong-kong-2,"Hong Kong",A,1972
https://stats.tennismylife.org/tournaments/hong-kong-2/records/count/titles,9216,hong-kong-2,"Hong Kong",A,1972
https://stats.tennismylife.org/tournaments/hong-kong-2/records/count/wins,9216,hong-kong-2,"Hong Kong",A,1972
https://stats.tennismylife.org/tournaments/hong-kong-2/records/count/played,9216,hong-kong-2,"Hong Kong",A,1972
https://stats.tennismylife.org/tournaments/hong-kong-2/records/count/entries,9216,hong-kong-2,"Hong Kong",A,1972
https://stats.tennismylife.org/tournaments/hong-kong-2/records/ages,9216,hong-kong-2,"Hong Kong",A,1972
https://stats.tennismylife.org/tournaments/hong-kong-2/records/ages/main,9216,hong-kong-2,"Hong Kong",A,1972
https://stats.tennismylife.org/tournaments/hong-kong-2/records/ages/titles,9216,hong-kong-2,"Hong Kong",A,1972
https://stats.tennismylife.org/tournaments/hong-kong-2/records/ages/oldestrounds,9216,hong-kong-2,"Hong Kong",A,1972
https://stats.tennismylife.org/tournaments/hong-kong-2/records/ages/youngestrounds,9216,hong-kong-2,"Hong Kong",A,1972
https://stats.tennismylife.org/tournaments/hong-kong-2/records/percentage,9216,hong-kong-2,"Hong Kong",A,1972
https://stats.tennismylife.org/tournaments/hong-kong-2/records/percentage/wins,9216,hong-kong-2,"Hong Kong",A,1972
https://stats.tennismylife.org/tournaments/hong-kong-2/records/percentage/rounds,9216,hong-kong-2,"Hong Kong",A,1972
https://stats.tennismylife.org/tournaments/hong-kong-2/records/streak,9216,hong-kong-2,"Hong Kong",A,1972
https://stats.tennismylife.org/tournaments/hong-kong-2/records/timespan,9216,hong-kong-2,"Hong Kong",A,1972
https://stats.tennismylife.org/tournaments/hong-kong-2/records/rounds,9216,hong-kong-2,"Hong Kong",A,1972
https://stats.tennismylife.org/tournaments/hong-kong-2/records/least,9216,hong-kong-2,"Hong Kong",A,1972
https://stats.tennismylife.org/tournaments/hong-kong-2/records/roundsonentries,9216,hong-kong-2,"Hong Kong",A,1972
https://stats.tennismylife.org/tournaments/honolulu/records,324,honolulu,"Honolulu",A,1984
https://stats.tennismylife.org/tournaments/honolulu/records/count,324,honolulu,"Honolulu",A,1984
https://stats.tennismylife.org/tournaments/honolulu/records/count/titles,324,honolulu,"Honolulu",A,1984
https://stats.tennismylife.org/tournaments/honolulu/records/count/wins,324,honolulu,"Honolulu",A,1984
https://stats.tennismylife.org/tournaments/honolulu/records/count/played,324,honolulu,"Honolulu",A,1984
https://stats.tennismylife.org/tournaments/honolulu/records/count/entries,324,honolulu,"Honolulu",A,1984
https://stats.tennismylife.org/tournaments/honolulu/records/ages,324,honolulu,"Honolulu",A,1984
https://stats.tennismylife.org/tournaments/honolulu/records/ages/main,324,honolulu,"Honolulu",A,1984
https://stats.tennismylife.org/tournaments/honolulu/records/ages/titles,324,honolulu,"Honolulu",A,1984
https://stats.tennismylife.org/tournaments/honolulu/records/ages/oldestrounds,324,honolulu,"Honolulu",A,1984
https://stats.tennismylife.org/tournaments/honolulu/records/ages/youngestrounds,324,honolulu,"Honolulu",A,1984
https://stats.tennismylife.org/tournaments/honolulu/records/percentage,324,honolulu,"Honolulu",A,1984
https://stats.tennismylife.org/tournaments/honolulu/records/percentage/wins,324,honolulu,"Honolulu",A,1984
https://stats.tennismylife.org/tournaments/honolulu/records/percentage/rounds,324,honolulu,"Honolulu",A,1984
https://stats.tennismylife.org/tournaments/honolulu/records/streak,324,honolulu,"Honolulu",A,1984
https://stats.tennismylife.org/tournaments/honolulu/records/timespan,324,honolulu,"Honolulu",A,1984
https://stats.tennismylife.org/tournaments/honolulu/records/rounds,324,honolulu,"Honolulu",A,1984
https://stats.tennismylife.org/tournaments/honolulu/records/least,324,honolulu,"Honolulu",A,1984
https://stats.tennismylife.org/tournaments/honolulu/records/roundsonentries,324,honolulu,"Honolulu",A,1984
https://stats.tennismylife.org/tournaments/houston/records,405,houston,"Houston",A,1986
https://stats.tennismylife.org/tournaments/houston/records/count,405,houston,"Houston",A,1986
https://stats.tennismylife.org/tournaments/houston/records/count/titles,405,houston,"Houston",A,1986
https://stats.tennismylife.org/tournaments/houston/records/count/wins,405,houston,"Houston",A,1986
https://stats.tennismylife.org/tournaments/houston/records/count/played,405,houston,"Houston",A,1986
https://stats.tennismylife.org/tournaments/houston/records/count/entries,405,houston,"Houston",A,1986
https://stats.tennismylife.org/tournaments/houston/records/ages,405,houston,"Houston",A,1986
https://stats.tennismylife.org/tournaments/houston/records/ages/main,405,houston,"Houston",A,1986
https://stats.tennismylife.org/tournaments/houston/records/ages/titles,405,houston,"Houston",A,1986
https://stats.tennismylife.org/tournaments/houston/records/ages/oldestrounds,405,houston,"Houston",A,1986
https://stats.tennismylife.org/tournaments/houston/records/ages/youngestrounds,405,houston,"Houston",A,1986
https://stats.tennismylife.org/tournaments/houston/records/percentage,405,houston,"Houston",A,1986
https://stats.tennismylife.org/tournaments/houston/records/percentage/wins,405,houston,"Houston",A,1986
https://stats.tennismylife.org/tournaments/houston/records/percentage/rounds,405,houston,"Houston",A,1986
https://stats.tennismylife.org/tournaments/houston/records/streak,405,houston,"Houston",A,1986
https://stats.tennismylife.org/tournaments/houston/records/timespan,405,houston,"Houston",A,1986
https://stats.tennismylife.org/tournaments/houston/records/rounds,405,houston,"Houston",A,1986
https://stats.tennismylife.org/tournaments/houston/records/least,405,houston,"Houston",A,1986
https://stats.tennismylife.org/tournaments/houston/records/roundsonentries,405,houston,"Houston",A,1986
https://stats.tennismylife.org/tournaments/houston-wct/records,9298,houston-wct,"Houston WCT",A,1968
https://stats.tennismylife.org/tournaments/houston-wct/records/count,9298,houston-wct,"Houston WCT",A,1968
https://stats.tennismylife.org/tournaments/houston-wct/records/count/titles,9298,houston-wct,"Houston WCT",A,1968
https://stats.tennismylife.org/tournaments/houston-wct/records/count/wins,9298,houston-wct,"Houston WCT",A,1968
https://stats.tennismylife.org/tournaments/houston-wct/records/count/played,9298,houston-wct,"Houston WCT",A,1968
https://stats.tennismylife.org/tournaments/houston-wct/records/count/entries,9298,houston-wct,"Houston WCT",A,1968
https://stats.tennismylife.org/tournaments/houston-wct/records/ages,9298,houston-wct,"Houston WCT",A,1968
https://stats.tennismylife.org/tournaments/houston-wct/records/ages/main,9298,houston-wct,"Houston WCT",A,1968
https://stats.tennismylife.org/tournaments/houston-wct/records/ages/titles,9298,houston-wct,"Houston WCT",A,1968
https://stats.tennismylife.org/tournaments/houston-wct/records/ages/oldestrounds,9298,houston-wct,"Houston WCT",A,1968
https://stats.tennismylife.org/tournaments/houston-wct/records/ages/youngestrounds,9298,houston-wct,"Houston WCT",A,1968
https://stats.tennismylife.org/tournaments/houston-wct/records/percentage,9298,houston-wct,"Houston WCT",A,1968
https://stats.tennismylife.org/tournaments/houston-wct/records/percentage/wins,9298,houston-wct,"Houston WCT",A,1968
https://stats.tennismylife.org/tournaments/houston-wct/records/percentage/rounds,9298,houston-wct,"Houston WCT",A,1968
https://stats.tennismylife.org/tournaments/houston-wct/records/streak,9298,houston-wct,"Houston WCT",A,1968
https://stats.tennismylife.org/tournaments/houston-wct/records/timespan,9298,houston-wct,"Houston WCT",A,1968
https://stats.tennismylife.org/tournaments/houston-wct/records/rounds,9298,houston-wct,"Houston WCT",A,1968
https://stats.tennismylife.org/tournaments/houston-wct/records/least,9298,houston-wct,"Houston WCT",A,1968
https://stats.tennismylife.org/tournaments/houston-wct/records/roundsonentries,9298,houston-wct,"Houston WCT",A,1968
https://stats.tennismylife.org/tournaments/hoylake/records,6830,hoylake,"Hoylake",A,1970
https://stats.tennismylife.org/tournaments/hoylake/records/count,6830,hoylake,"Hoylake",A,1970
https://stats.tennismylife.org/tournaments/hoylake/records/count/titles,6830,hoylake,"Hoylake",A,1970
https://stats.tennismylife.org/tournaments/hoylake/records/count/wins,6830,hoylake,"Hoylake",A,1970
https://stats.tennismylife.org/tournaments/hoylake/records/count/played,6830,hoylake,"Hoylake",A,1970
https://stats.tennismylife.org/tournaments/hoylake/records/count/entries,6830,hoylake,"Hoylake",A,1970
https://stats.tennismylife.org/tournaments/hoylake/records/ages,6830,hoylake,"Hoylake",A,1970
https://stats.tennismylife.org/tournaments/hoylake/records/ages/main,6830,hoylake,"Hoylake",A,1970
https://stats.tennismylife.org/tournaments/hoylake/records/ages/titles,6830,hoylake,"Hoylake",A,1970
https://stats.tennismylife.org/tournaments/hoylake/records/ages/oldestrounds,6830,hoylake,"Hoylake",A,1970
https://stats.tennismylife.org/tournaments/hoylake/records/ages/youngestrounds,6830,hoylake,"Hoylake",A,1970
https://stats.tennismylife.org/tournaments/hoylake/records/percentage,6830,hoylake,"Hoylake",A,1970
https://stats.tennismylife.org/tournaments/hoylake/records/percentage/wins,6830,hoylake,"Hoylake",A,1970
https://stats.tennismylife.org/tournaments/hoylake/records/percentage/rounds,6830,hoylake,"Hoylake",A,1970
https://stats.tennismylife.org/tournaments/hoylake/records/streak,6830,hoylake,"Hoylake",A,1970
https://stats.tennismylife.org/tournaments/hoylake/records/timespan,6830,hoylake,"Hoylake",A,1970
https://stats.tennismylife.org/tournaments/hoylake/records/rounds,6830,hoylake,"Hoylake",A,1970
https://stats.tennismylife.org/tournaments/hoylake/records/least,6830,hoylake,"Hoylake",A,1970
https://stats.tennismylife.org/tournaments/hoylake/records/roundsonentries,6830,hoylake,"Hoylake",A,1970
https://stats.tennismylife.org/tournaments/indianapolis/records,419,indianapolis,"Indianapolis",A|500|250,2009
https://stats.tennismylife.org/tournaments/indianapolis/records/count,419,indianapolis,"Indianapolis",A|500|250,2009
https://stats.tennismylife.org/tournaments/indianapolis/records/count/titles,419,indianapolis,"Indianapolis",A|500|250,2009
https://stats.tennismylife.org/tournaments/indianapolis/records/count/wins,419,indianapolis,"Indianapolis",A|500|250,2009
https://stats.tennismylife.org/tournaments/indianapolis/records/count/played,419,indianapolis,"Indianapolis",A|500|250,2009
https://stats.tennismylife.org/tournaments/indianapolis/records/count/entries,419,indianapolis,"Indianapolis",A|500|250,2009
https://stats.tennismylife.org/tournaments/indianapolis/records/ages,419,indianapolis,"Indianapolis",A|500|250,2009
https://stats.tennismylife.org/tournaments/indianapolis/records/ages/main,419,indianapolis,"Indianapolis",A|500|250,2009
https://stats.tennismylife.org/tournaments/indianapolis/records/ages/titles,419,indianapolis,"Indianapolis",A|500|250,2009
https://stats.tennismylife.org/tournaments/indianapolis/records/ages/oldestrounds,419,indianapolis,"Indianapolis",A|500|250,2009
https://stats.tennismylife.org/tournaments/indianapolis/records/ages/youngestrounds,419,indianapolis,"Indianapolis",A|500|250,2009
https://stats.tennismylife.org/tournaments/indianapolis/records/percentage,419,indianapolis,"Indianapolis",A|500|250,2009
https://stats.tennismylife.org/tournaments/indianapolis/records/percentage/wins,419,indianapolis,"Indianapolis",A|500|250,2009
https://stats.tennismylife.org/tournaments/indianapolis/records/percentage/rounds,419,indianapolis,"Indianapolis",A|500|250,2009
https://stats.tennismylife.org/tournaments/indianapolis/records/streak,419,indianapolis,"Indianapolis",A|500|250,2009
https://stats.tennismylife.org/tournaments/indianapolis/records/timespan,419,indianapolis,"Indianapolis",A|500|250,2009
https://stats.tennismylife.org/tournaments/indianapolis/records/rounds,419,indianapolis,"Indianapolis",A|500|250,2009
https://stats.tennismylife.org/tournaments/indianapolis/records/least,419,indianapolis,"Indianapolis",A|500|250,2009
https://stats.tennismylife.org/tournaments/indianapolis/records/roundsonentries,419,indianapolis,"Indianapolis",A|500|250,2009
https://stats.tennismylife.org/tournaments/indianapolis-2/records,9335,indianapolis-2,"Indianapolis",A,1968
https://stats.tennismylife.org/tournaments/indianapolis-2/records/count,9335,indianapolis-2,"Indianapolis",A,1968
https://stats.tennismylife.org/tournaments/indianapolis-2/records/count/titles,9335,indianapolis-2,"Indianapolis",A,1968
https://stats.tennismylife.org/tournaments/indianapolis-2/records/count/wins,9335,indianapolis-2,"Indianapolis",A,1968
https://stats.tennismylife.org/tournaments/indianapolis-2/records/count/played,9335,indianapolis-2,"Indianapolis",A,1968
https://stats.tennismylife.org/tournaments/indianapolis-2/records/count/entries,9335,indianapolis-2,"Indianapolis",A,1968
https://stats.tennismylife.org/tournaments/indianapolis-2/records/ages,9335,indianapolis-2,"Indianapolis",A,1968
https://stats.tennismylife.org/tournaments/indianapolis-2/records/ages/main,9335,indianapolis-2,"Indianapolis",A,1968
https://stats.tennismylife.org/tournaments/indianapolis-2/records/ages/titles,9335,indianapolis-2,"Indianapolis",A,1968
https://stats.tennismylife.org/tournaments/indianapolis-2/records/ages/oldestrounds,9335,indianapolis-2,"Indianapolis",A,1968
https://stats.tennismylife.org/tournaments/indianapolis-2/records/ages/youngestrounds,9335,indianapolis-2,"Indianapolis",A,1968
https://stats.tennismylife.org/tournaments/indianapolis-2/records/percentage,9335,indianapolis-2,"Indianapolis",A,1968
https://stats.tennismylife.org/tournaments/indianapolis-2/records/percentage/wins,9335,indianapolis-2,"Indianapolis",A,1968
https://stats.tennismylife.org/tournaments/indianapolis-2/records/percentage/rounds,9335,indianapolis-2,"Indianapolis",A,1968
https://stats.tennismylife.org/tournaments/indianapolis-2/records/streak,9335,indianapolis-2,"Indianapolis",A,1968
https://stats.tennismylife.org/tournaments/indianapolis-2/records/timespan,9335,indianapolis-2,"Indianapolis",A,1968
https://stats.tennismylife.org/tournaments/indianapolis-2/records/rounds,9335,indianapolis-2,"Indianapolis",A,1968
https://stats.tennismylife.org/tournaments/indianapolis-2/records/least,9335,indianapolis-2,"Indianapolis",A,1968
https://stats.tennismylife.org/tournaments/indianapolis-2/records/roundsonentries,9335,indianapolis-2,"Indianapolis",A,1968
https://stats.tennismylife.org/tournaments/indianapolis-wct/records,664,indianapolis-wct,"Indianapolis WCT",A,1976
https://stats.tennismylife.org/tournaments/indianapolis-wct/records/count,664,indianapolis-wct,"Indianapolis WCT",A,1976
https://stats.tennismylife.org/tournaments/indianapolis-wct/records/count/titles,664,indianapolis-wct,"Indianapolis WCT",A,1976
https://stats.tennismylife.org/tournaments/indianapolis-wct/records/count/wins,664,indianapolis-wct,"Indianapolis WCT",A,1976
https://stats.tennismylife.org/tournaments/indianapolis-wct/records/count/played,664,indianapolis-wct,"Indianapolis WCT",A,1976
https://stats.tennismylife.org/tournaments/indianapolis-wct/records/count/entries,664,indianapolis-wct,"Indianapolis WCT",A,1976
https://stats.tennismylife.org/tournaments/indianapolis-wct/records/ages,664,indianapolis-wct,"Indianapolis WCT",A,1976
https://stats.tennismylife.org/tournaments/indianapolis-wct/records/ages/main,664,indianapolis-wct,"Indianapolis WCT",A,1976
https://stats.tennismylife.org/tournaments/indianapolis-wct/records/ages/titles,664,indianapolis-wct,"Indianapolis WCT",A,1976
https://stats.tennismylife.org/tournaments/indianapolis-wct/records/ages/oldestrounds,664,indianapolis-wct,"Indianapolis WCT",A,1976
https://stats.tennismylife.org/tournaments/indianapolis-wct/records/ages/youngestrounds,664,indianapolis-wct,"Indianapolis WCT",A,1976
https://stats.tennismylife.org/tournaments/indianapolis-wct/records/percentage,664,indianapolis-wct,"Indianapolis WCT",A,1976
https://stats.tennismylife.org/tournaments/indianapolis-wct/records/percentage/wins,664,indianapolis-wct,"Indianapolis WCT",A,1976
https://stats.tennismylife.org/tournaments/indianapolis-wct/records/percentage/rounds,664,indianapolis-wct,"Indianapolis WCT",A,1976
https://stats.tennismylife.org/tournaments/indianapolis-wct/records/streak,664,indianapolis-wct,"Indianapolis WCT",A,1976
https://stats.tennismylife.org/tournaments/indianapolis-wct/records/timespan,664,indianapolis-wct,"Indianapolis WCT",A,1976
https://stats.tennismylife.org/tournaments/indianapolis-wct/records/rounds,664,indianapolis-wct,"Indianapolis WCT",A,1976
https://stats.tennismylife.org/tournaments/indianapolis-wct/records/least,664,indianapolis-wct,"Indianapolis WCT",A,1976
https://stats.tennismylife.org/tournaments/indianapolis-wct/records/roundsonentries,664,indianapolis-wct,"Indianapolis WCT",A,1976
https://stats.tennismylife.org/tournaments/istanbul/records,2027,istanbul,"Istanbul",A,1975
https://stats.tennismylife.org/tournaments/istanbul/records/count,2027,istanbul,"Istanbul",A,1975
https://stats.tennismylife.org/tournaments/istanbul/records/count/titles,2027,istanbul,"Istanbul",A,1975
https://stats.tennismylife.org/tournaments/istanbul/records/count/wins,2027,istanbul,"Istanbul",A,1975
https://stats.tennismylife.org/tournaments/istanbul/records/count/played,2027,istanbul,"Istanbul",A,1975
https://stats.tennismylife.org/tournaments/istanbul/records/count/entries,2027,istanbul,"Istanbul",A,1975
https://stats.tennismylife.org/tournaments/istanbul/records/ages,2027,istanbul,"Istanbul",A,1975
https://stats.tennismylife.org/tournaments/istanbul/records/ages/main,2027,istanbul,"Istanbul",A,1975
https://stats.tennismylife.org/tournaments/istanbul/records/ages/titles,2027,istanbul,"Istanbul",A,1975
https://stats.tennismylife.org/tournaments/istanbul/records/ages/oldestrounds,2027,istanbul,"Istanbul",A,1975
https://stats.tennismylife.org/tournaments/istanbul/records/ages/youngestrounds,2027,istanbul,"Istanbul",A,1975
https://stats.tennismylife.org/tournaments/istanbul/records/percentage,2027,istanbul,"Istanbul",A,1975
https://stats.tennismylife.org/tournaments/istanbul/records/percentage/wins,2027,istanbul,"Istanbul",A,1975
https://stats.tennismylife.org/tournaments/istanbul/records/percentage/rounds,2027,istanbul,"Istanbul",A,1975
https://stats.tennismylife.org/tournaments/istanbul/records/streak,2027,istanbul,"Istanbul",A,1975
https://stats.tennismylife.org/tournaments/istanbul/records/timespan,2027,istanbul,"Istanbul",A,1975
https://stats.tennismylife.org/tournaments/istanbul/records/rounds,2027,istanbul,"Istanbul",A,1975
https://stats.tennismylife.org/tournaments/istanbul/records/least,2027,istanbul,"Istanbul",A,1975
https://stats.tennismylife.org/tournaments/istanbul/records/roundsonentries,2027,istanbul,"Istanbul",A,1975
https://stats.tennismylife.org/tournaments/istanbul-2/records,7163,istanbul-2,"Istanbul",250,2018
https://stats.tennismylife.org/tournaments/istanbul-2/records/count,7163,istanbul-2,"Istanbul",250,2018
https://stats.tennismylife.org/tournaments/istanbul-2/records/count/titles,7163,istanbul-2,"Istanbul",250,2018
https://stats.tennismylife.org/tournaments/istanbul-2/records/count/wins,7163,istanbul-2,"Istanbul",250,2018
https://stats.tennismylife.org/tournaments/istanbul-2/records/count/played,7163,istanbul-2,"Istanbul",250,2018
https://stats.tennismylife.org/tournaments/istanbul-2/records/count/entries,7163,istanbul-2,"Istanbul",250,2018
https://stats.tennismylife.org/tournaments/istanbul-2/records/ages,7163,istanbul-2,"Istanbul",250,2018
https://stats.tennismylife.org/tournaments/istanbul-2/records/ages/main,7163,istanbul-2,"Istanbul",250,2018
https://stats.tennismylife.org/tournaments/istanbul-2/records/ages/titles,7163,istanbul-2,"Istanbul",250,2018
https://stats.tennismylife.org/tournaments/istanbul-2/records/ages/oldestrounds,7163,istanbul-2,"Istanbul",250,2018
https://stats.tennismylife.org/tournaments/istanbul-2/records/ages/youngestrounds,7163,istanbul-2,"Istanbul",250,2018
https://stats.tennismylife.org/tournaments/istanbul-2/records/percentage,7163,istanbul-2,"Istanbul",250,2018
https://stats.tennismylife.org/tournaments/istanbul-2/records/percentage/wins,7163,istanbul-2,"Istanbul",250,2018
https://stats.tennismylife.org/tournaments/istanbul-2/records/percentage/rounds,7163,istanbul-2,"Istanbul",250,2018
https://stats.tennismylife.org/tournaments/istanbul-2/records/streak,7163,istanbul-2,"Istanbul",250,2018
https://stats.tennismylife.org/tournaments/istanbul-2/records/timespan,7163,istanbul-2,"Istanbul",250,2018
https://stats.tennismylife.org/tournaments/istanbul-2/records/rounds,7163,istanbul-2,"Istanbul",250,2018
https://stats.tennismylife.org/tournaments/istanbul-2/records/least,7163,istanbul-2,"Istanbul",250,2018
https://stats.tennismylife.org/tournaments/istanbul-2/records/roundsonentries,7163,istanbul-2,"Istanbul",250,2018
https://stats.tennismylife.org/tournaments/jackson/records,656,jackson,"Jackson",A,1977
https://stats.tennismylife.org/tournaments/jackson/records/count,656,jackson,"Jackson",A,1977
https://stats.tennismylife.org/tournaments/jackson/records/count/titles,656,jackson,"Jackson",A,1977
https://stats.tennismylife.org/tournaments/jackson/records/count/wins,656,jackson,"Jackson",A,1977
https://stats.tennismylife.org/tournaments/jackson/records/count/played,656,jackson,"Jackson",A,1977
https://stats.tennismylife.org/tournaments/jackson/records/count/entries,656,jackson,"Jackson",A,1977
https://stats.tennismylife.org/tournaments/jackson/records/ages,656,jackson,"Jackson",A,1977
https://stats.tennismylife.org/tournaments/jackson/records/ages/main,656,jackson,"Jackson",A,1977
https://stats.tennismylife.org/tournaments/jackson/records/ages/titles,656,jackson,"Jackson",A,1977
https://stats.tennismylife.org/tournaments/jackson/records/ages/oldestrounds,656,jackson,"Jackson",A,1977
https://stats.tennismylife.org/tournaments/jackson/records/ages/youngestrounds,656,jackson,"Jackson",A,1977
https://stats.tennismylife.org/tournaments/jackson/records/percentage,656,jackson,"Jackson",A,1977
https://stats.tennismylife.org/tournaments/jackson/records/percentage/wins,656,jackson,"Jackson",A,1977
https://stats.tennismylife.org/tournaments/jackson/records/percentage/rounds,656,jackson,"Jackson",A,1977
https://stats.tennismylife.org/tournaments/jackson/records/streak,656,jackson,"Jackson",A,1977
https://stats.tennismylife.org/tournaments/jackson/records/timespan,656,jackson,"Jackson",A,1977
https://stats.tennismylife.org/tournaments/jackson/records/rounds,656,jackson,"Jackson",A,1977
https://stats.tennismylife.org/tournaments/jackson/records/least,656,jackson,"Jackson",A,1977
https://stats.tennismylife.org/tournaments/jackson/records/roundsonentries,656,jackson,"Jackson",A,1977
https://stats.tennismylife.org/tournaments/jacksonville/records,2047,jacksonville,"Jacksonville",A,1972
https://stats.tennismylife.org/tournaments/jacksonville/records/count,2047,jacksonville,"Jacksonville",A,1972
https://stats.tennismylife.org/tournaments/jacksonville/records/count/titles,2047,jacksonville,"Jacksonville",A,1972
https://stats.tennismylife.org/tournaments/jacksonville/records/count/wins,2047,jacksonville,"Jacksonville",A,1972
https://stats.tennismylife.org/tournaments/jacksonville/records/count/played,2047,jacksonville,"Jacksonville",A,1972
https://stats.tennismylife.org/tournaments/jacksonville/records/count/entries,2047,jacksonville,"Jacksonville",A,1972
https://stats.tennismylife.org/tournaments/jacksonville/records/ages,2047,jacksonville,"Jacksonville",A,1972
https://stats.tennismylife.org/tournaments/jacksonville/records/ages/main,2047,jacksonville,"Jacksonville",A,1972
https://stats.tennismylife.org/tournaments/jacksonville/records/ages/titles,2047,jacksonville,"Jacksonville",A,1972
https://stats.tennismylife.org/tournaments/jacksonville/records/ages/oldestrounds,2047,jacksonville,"Jacksonville",A,1972
https://stats.tennismylife.org/tournaments/jacksonville/records/ages/youngestrounds,2047,jacksonville,"Jacksonville",A,1972
https://stats.tennismylife.org/tournaments/jacksonville/records/percentage,2047,jacksonville,"Jacksonville",A,1972
https://stats.tennismylife.org/tournaments/jacksonville/records/percentage/wins,2047,jacksonville,"Jacksonville",A,1972
https://stats.tennismylife.org/tournaments/jacksonville/records/percentage/rounds,2047,jacksonville,"Jacksonville",A,1972
https://stats.tennismylife.org/tournaments/jacksonville/records/streak,2047,jacksonville,"Jacksonville",A,1972
https://stats.tennismylife.org/tournaments/jacksonville/records/timespan,2047,jacksonville,"Jacksonville",A,1972
https://stats.tennismylife.org/tournaments/jacksonville/records/rounds,2047,jacksonville,"Jacksonville",A,1972
https://stats.tennismylife.org/tournaments/jacksonville/records/least,2047,jacksonville,"Jacksonville",A,1972
https://stats.tennismylife.org/tournaments/jacksonville/records/roundsonentries,2047,jacksonville,"Jacksonville",A,1972
https://stats.tennismylife.org/tournaments/jakarta/records,494,jakarta,"Jakarta",A|250,1996
https://stats.tennismylife.org/tournaments/jakarta/records/count,494,jakarta,"Jakarta",A|250,1996
https://stats.tennismylife.org/tournaments/jakarta/records/count/titles,494,jakarta,"Jakarta",A|250,1996
https://stats.tennismylife.org/tournaments/jakarta/records/count/wins,494,jakarta,"Jakarta",A|250,1996
https://stats.tennismylife.org/tournaments/jakarta/records/count/played,494,jakarta,"Jakarta",A|250,1996
https://stats.tennismylife.org/tournaments/jakarta/records/count/entries,494,jakarta,"Jakarta",A|250,1996
https://stats.tennismylife.org/tournaments/jakarta/records/ages,494,jakarta,"Jakarta",A|250,1996
https://stats.tennismylife.org/tournaments/jakarta/records/ages/main,494,jakarta,"Jakarta",A|250,1996
https://stats.tennismylife.org/tournaments/jakarta/records/ages/titles,494,jakarta,"Jakarta",A|250,1996
https://stats.tennismylife.org/tournaments/jakarta/records/ages/oldestrounds,494,jakarta,"Jakarta",A|250,1996
https://stats.tennismylife.org/tournaments/jakarta/records/ages/youngestrounds,494,jakarta,"Jakarta",A|250,1996
https://stats.tennismylife.org/tournaments/jakarta/records/percentage,494,jakarta,"Jakarta",A|250,1996
https://stats.tennismylife.org/tournaments/jakarta/records/percentage/wins,494,jakarta,"Jakarta",A|250,1996
https://stats.tennismylife.org/tournaments/jakarta/records/percentage/rounds,494,jakarta,"Jakarta",A|250,1996
https://stats.tennismylife.org/tournaments/jakarta/records/streak,494,jakarta,"Jakarta",A|250,1996
https://stats.tennismylife.org/tournaments/jakarta/records/timespan,494,jakarta,"Jakarta",A|250,1996
https://stats.tennismylife.org/tournaments/jakarta/records/rounds,494,jakarta,"Jakarta",A|250,1996
https://stats.tennismylife.org/tournaments/jakarta/records/least,494,jakarta,"Jakarta",A|250,1996
https://stats.tennismylife.org/tournaments/jakarta/records/roundsonentries,494,jakarta,"Jakarta",A|250,1996
https://stats.tennismylife.org/tournaments/jakarta-2/records,2046,jakarta-2,"Jakarta",A,1973
https://stats.tennismylife.org/tournaments/jakarta-2/records/count,2046,jakarta-2,"Jakarta",A,1973
https://stats.tennismylife.org/tournaments/jakarta-2/records/count/titles,2046,jakarta-2,"Jakarta",A,1973
https://stats.tennismylife.org/tournaments/jakarta-2/records/count/wins,2046,jakarta-2,"Jakarta",A,1973
https://stats.tennismylife.org/tournaments/jakarta-2/records/count/played,2046,jakarta-2,"Jakarta",A,1973
https://stats.tennismylife.org/tournaments/jakarta-2/records/count/entries,2046,jakarta-2,"Jakarta",A,1973
https://stats.tennismylife.org/tournaments/jakarta-2/records/ages,2046,jakarta-2,"Jakarta",A,1973
https://stats.tennismylife.org/tournaments/jakarta-2/records/ages/main,2046,jakarta-2,"Jakarta",A,1973
https://stats.tennismylife.org/tournaments/jakarta-2/records/ages/titles,2046,jakarta-2,"Jakarta",A,1973
https://stats.tennismylife.org/tournaments/jakarta-2/records/ages/oldestrounds,2046,jakarta-2,"Jakarta",A,1973
https://stats.tennismylife.org/tournaments/jakarta-2/records/ages/youngestrounds,2046,jakarta-2,"Jakarta",A,1973
https://stats.tennismylife.org/tournaments/jakarta-2/records/percentage,2046,jakarta-2,"Jakarta",A,1973
https://stats.tennismylife.org/tournaments/jakarta-2/records/percentage/wins,2046,jakarta-2,"Jakarta",A,1973
https://stats.tennismylife.org/tournaments/jakarta-2/records/percentage/rounds,2046,jakarta-2,"Jakarta",A,1973
https://stats.tennismylife.org/tournaments/jakarta-2/records/streak,2046,jakarta-2,"Jakarta",A,1973
https://stats.tennismylife.org/tournaments/jakarta-2/records/timespan,2046,jakarta-2,"Jakarta",A,1973
https://stats.tennismylife.org/tournaments/jakarta-2/records/rounds,2046,jakarta-2,"Jakarta",A,1973
https://stats.tennismylife.org/tournaments/jakarta-2/records/least,2046,jakarta-2,"Jakarta",A,1973
https://stats.tennismylife.org/tournaments/jakarta-2/records/roundsonentries,2046,jakarta-2,"Jakarta",A,1973
https://stats.tennismylife.org/tournaments/japanese-championships/records,9281,japanese-championships,"Japanese Championships",A,1969
https://stats.tennismylife.org/tournaments/japanese-championships/records/count,9281,japanese-championships,"Japanese Championships",A,1969
https://stats.tennismylife.org/tournaments/japanese-championships/records/count/titles,9281,japanese-championships,"Japanese Championships",A,1969
https://stats.tennismylife.org/tournaments/japanese-championships/records/count/wins,9281,japanese-championships,"Japanese Championships",A,1969
https://stats.tennismylife.org/tournaments/japanese-championships/records/count/played,9281,japanese-championships,"Japanese Championships",A,1969
https://stats.tennismylife.org/tournaments/japanese-championships/records/count/entries,9281,japanese-championships,"Japanese Championships",A,1969
https://stats.tennismylife.org/tournaments/japanese-championships/records/ages,9281,japanese-championships,"Japanese Championships",A,1969
https://stats.tennismylife.org/tournaments/japanese-championships/records/ages/main,9281,japanese-championships,"Japanese Championships",A,1969
https://stats.tennismylife.org/tournaments/japanese-championships/records/ages/titles,9281,japanese-championships,"Japanese Championships",A,1969
https://stats.tennismylife.org/tournaments/japanese-championships/records/ages/oldestrounds,9281,japanese-championships,"Japanese Championships",A,1969
https://stats.tennismylife.org/tournaments/japanese-championships/records/ages/youngestrounds,9281,japanese-championships,"Japanese Championships",A,1969
https://stats.tennismylife.org/tournaments/japanese-championships/records/percentage,9281,japanese-championships,"Japanese Championships",A,1969
https://stats.tennismylife.org/tournaments/japanese-championships/records/percentage/wins,9281,japanese-championships,"Japanese Championships",A,1969
https://stats.tennismylife.org/tournaments/japanese-championships/records/percentage/rounds,9281,japanese-championships,"Japanese Championships",A,1969
https://stats.tennismylife.org/tournaments/japanese-championships/records/streak,9281,japanese-championships,"Japanese Championships",A,1969
https://stats.tennismylife.org/tournaments/japanese-championships/records/timespan,9281,japanese-championships,"Japanese Championships",A,1969
https://stats.tennismylife.org/tournaments/japanese-championships/records/rounds,9281,japanese-championships,"Japanese Championships",A,1969
https://stats.tennismylife.org/tournaments/japanese-championships/records/least,9281,japanese-championships,"Japanese Championships",A,1969
https://stats.tennismylife.org/tournaments/japanese-championships/records/roundsonentries,9281,japanese-championships,"Japanese Championships",A,1969
https://stats.tennismylife.org/tournaments/johannesburg/records,426,johannesburg,"Johannesburg",A,1989
https://stats.tennismylife.org/tournaments/johannesburg/records/count,426,johannesburg,"Johannesburg",A,1989
https://stats.tennismylife.org/tournaments/johannesburg/records/count/titles,426,johannesburg,"Johannesburg",A,1989
https://stats.tennismylife.org/tournaments/johannesburg/records/count/wins,426,johannesburg,"Johannesburg",A,1989
https://stats.tennismylife.org/tournaments/johannesburg/records/count/played,426,johannesburg,"Johannesburg",A,1989
https://stats.tennismylife.org/tournaments/johannesburg/records/count/entries,426,johannesburg,"Johannesburg",A,1989
https://stats.tennismylife.org/tournaments/johannesburg/records/ages,426,johannesburg,"Johannesburg",A,1989
https://stats.tennismylife.org/tournaments/johannesburg/records/ages/main,426,johannesburg,"Johannesburg",A,1989
https://stats.tennismylife.org/tournaments/johannesburg/records/ages/titles,426,johannesburg,"Johannesburg",A,1989
https://stats.tennismylife.org/tournaments/johannesburg/records/ages/oldestrounds,426,johannesburg,"Johannesburg",A,1989
https://stats.tennismylife.org/tournaments/johannesburg/records/ages/youngestrounds,426,johannesburg,"Johannesburg",A,1989
https://stats.tennismylife.org/tournaments/johannesburg/records/percentage,426,johannesburg,"Johannesburg",A,1989
https://stats.tennismylife.org/tournaments/johannesburg/records/percentage/wins,426,johannesburg,"Johannesburg",A,1989
https://stats.tennismylife.org/tournaments/johannesburg/records/percentage/rounds,426,johannesburg,"Johannesburg",A,1989
https://stats.tennismylife.org/tournaments/johannesburg/records/streak,426,johannesburg,"Johannesburg",A,1989
https://stats.tennismylife.org/tournaments/johannesburg/records/timespan,426,johannesburg,"Johannesburg",A,1989
https://stats.tennismylife.org/tournaments/johannesburg/records/rounds,426,johannesburg,"Johannesburg",A,1989
https://stats.tennismylife.org/tournaments/johannesburg/records/least,426,johannesburg,"Johannesburg",A,1989
https://stats.tennismylife.org/tournaments/johannesburg/records/roundsonentries,426,johannesburg,"Johannesburg",A,1989
https://stats.tennismylife.org/tournaments/johannesburg-1/records,9239,johannesburg-1,"Johannesburg-1",A,1981
https://stats.tennismylife.org/tournaments/johannesburg-1/records/count,9239,johannesburg-1,"Johannesburg-1",A,1981
https://stats.tennismylife.org/tournaments/johannesburg-1/records/count/titles,9239,johannesburg-1,"Johannesburg-1",A,1981
https://stats.tennismylife.org/tournaments/johannesburg-1/records/count/wins,9239,johannesburg-1,"Johannesburg-1",A,1981
https://stats.tennismylife.org/tournaments/johannesburg-1/records/count/played,9239,johannesburg-1,"Johannesburg-1",A,1981
https://stats.tennismylife.org/tournaments/johannesburg-1/records/count/entries,9239,johannesburg-1,"Johannesburg-1",A,1981
https://stats.tennismylife.org/tournaments/johannesburg-1/records/ages,9239,johannesburg-1,"Johannesburg-1",A,1981
https://stats.tennismylife.org/tournaments/johannesburg-1/records/ages/main,9239,johannesburg-1,"Johannesburg-1",A,1981
https://stats.tennismylife.org/tournaments/johannesburg-1/records/ages/titles,9239,johannesburg-1,"Johannesburg-1",A,1981
https://stats.tennismylife.org/tournaments/johannesburg-1/records/ages/oldestrounds,9239,johannesburg-1,"Johannesburg-1",A,1981
https://stats.tennismylife.org/tournaments/johannesburg-1/records/ages/youngestrounds,9239,johannesburg-1,"Johannesburg-1",A,1981
https://stats.tennismylife.org/tournaments/johannesburg-1/records/percentage,9239,johannesburg-1,"Johannesburg-1",A,1981
https://stats.tennismylife.org/tournaments/johannesburg-1/records/percentage/wins,9239,johannesburg-1,"Johannesburg-1",A,1981
https://stats.tennismylife.org/tournaments/johannesburg-1/records/percentage/rounds,9239,johannesburg-1,"Johannesburg-1",A,1981
https://stats.tennismylife.org/tournaments/johannesburg-1/records/streak,9239,johannesburg-1,"Johannesburg-1",A,1981
https://stats.tennismylife.org/tournaments/johannesburg-1/records/timespan,9239,johannesburg-1,"Johannesburg-1",A,1981
https://stats.tennismylife.org/tournaments/johannesburg-1/records/rounds,9239,johannesburg-1,"Johannesburg-1",A,1981
https://stats.tennismylife.org/tournaments/johannesburg-1/records/least,9239,johannesburg-1,"Johannesburg-1",A,1981
https://stats.tennismylife.org/tournaments/johannesburg-1/records/roundsonentries,9239,johannesburg-1,"Johannesburg-1",A,1981
https://stats.tennismylife.org/tournaments/johannesburg-2/records,5012,johannesburg-2,"Johannesburg",250,2011
https://stats.tennismylife.org/tournaments/johannesburg-2/records/count,5012,johannesburg-2,"Johannesburg",250,2011
https://stats.tennismylife.org/tournaments/johannesburg-2/records/count/titles,5012,johannesburg-2,"Johannesburg",250,2011
https://stats.tennismylife.org/tournaments/johannesburg-2/records/count/wins,5012,johannesburg-2,"Johannesburg",250,2011
https://stats.tennismylife.org/tournaments/johannesburg-2/records/count/played,5012,johannesburg-2,"Johannesburg",250,2011
https://stats.tennismylife.org/tournaments/johannesburg-2/records/count/entries,5012,johannesburg-2,"Johannesburg",250,2011
https://stats.tennismylife.org/tournaments/johannesburg-2/records/ages,5012,johannesburg-2,"Johannesburg",250,2011
https://stats.tennismylife.org/tournaments/johannesburg-2/records/ages/main,5012,johannesburg-2,"Johannesburg",250,2011
https://stats.tennismylife.org/tournaments/johannesburg-2/records/ages/titles,5012,johannesburg-2,"Johannesburg",250,2011
https://stats.tennismylife.org/tournaments/johannesburg-2/records/ages/oldestrounds,5012,johannesburg-2,"Johannesburg",250,2011
https://stats.tennismylife.org/tournaments/johannesburg-2/records/ages/youngestrounds,5012,johannesburg-2,"Johannesburg",250,2011
https://stats.tennismylife.org/tournaments/johannesburg-2/records/percentage,5012,johannesburg-2,"Johannesburg",250,2011
https://stats.tennismylife.org/tournaments/johannesburg-2/records/percentage/wins,5012,johannesburg-2,"Johannesburg",250,2011
https://stats.tennismylife.org/tournaments/johannesburg-2/records/percentage/rounds,5012,johannesburg-2,"Johannesburg",250,2011
https://stats.tennismylife.org/tournaments/johannesburg-2/records/streak,5012,johannesburg-2,"Johannesburg",250,2011
https://stats.tennismylife.org/tournaments/johannesburg-2/records/timespan,5012,johannesburg-2,"Johannesburg",250,2011
https://stats.tennismylife.org/tournaments/johannesburg-2/records/rounds,5012,johannesburg-2,"Johannesburg",250,2011
https://stats.tennismylife.org/tournaments/johannesburg-2/records/least,5012,johannesburg-2,"Johannesburg",250,2011
https://stats.tennismylife.org/tournaments/johannesburg-2/records/roundsonentries,5012,johannesburg-2,"Johannesburg",250,2011
https://stats.tennismylife.org/tournaments/johannesburg-3/records,6815,johannesburg-3,"Johannesburg",250,1995
https://stats.tennismylife.org/tournaments/johannesburg-3/records/count,6815,johannesburg-3,"Johannesburg",250,1995
https://stats.tennismylife.org/tournaments/johannesburg-3/records/count/titles,6815,johannesburg-3,"Johannesburg",250,1995
https://stats.tennismylife.org/tournaments/johannesburg-3/records/count/wins,6815,johannesburg-3,"Johannesburg",250,1995
https://stats.tennismylife.org/tournaments/johannesburg-3/records/count/played,6815,johannesburg-3,"Johannesburg",250,1995
https://stats.tennismylife.org/tournaments/johannesburg-3/records/count/entries,6815,johannesburg-3,"Johannesburg",250,1995
https://stats.tennismylife.org/tournaments/johannesburg-3/records/ages,6815,johannesburg-3,"Johannesburg",250,1995
https://stats.tennismylife.org/tournaments/johannesburg-3/records/ages/main,6815,johannesburg-3,"Johannesburg",250,1995
https://stats.tennismylife.org/tournaments/johannesburg-3/records/ages/titles,6815,johannesburg-3,"Johannesburg",250,1995
https://stats.tennismylife.org/tournaments/johannesburg-3/records/ages/oldestrounds,6815,johannesburg-3,"Johannesburg",250,1995
https://stats.tennismylife.org/tournaments/johannesburg-3/records/ages/youngestrounds,6815,johannesburg-3,"Johannesburg",250,1995
https://stats.tennismylife.org/tournaments/johannesburg-3/records/percentage,6815,johannesburg-3,"Johannesburg",250,1995
https://stats.tennismylife.org/tournaments/johannesburg-3/records/percentage/wins,6815,johannesburg-3,"Johannesburg",250,1995
https://stats.tennismylife.org/tournaments/johannesburg-3/records/percentage/rounds,6815,johannesburg-3,"Johannesburg",250,1995
https://stats.tennismylife.org/tournaments/johannesburg-3/records/streak,6815,johannesburg-3,"Johannesburg",250,1995
https://stats.tennismylife.org/tournaments/johannesburg-3/records/timespan,6815,johannesburg-3,"Johannesburg",250,1995
https://stats.tennismylife.org/tournaments/johannesburg-3/records/rounds,6815,johannesburg-3,"Johannesburg",250,1995
https://stats.tennismylife.org/tournaments/johannesburg-3/records/least,6815,johannesburg-3,"Johannesburg",250,1995
https://stats.tennismylife.org/tournaments/johannesburg-3/records/roundsonentries,6815,johannesburg-3,"Johannesburg",250,1995
https://stats.tennismylife.org/tournaments/johannesburg-wct/records,9321,johannesburg-wct,"Johannesburg WCT",A,1968
https://stats.tennismylife.org/tournaments/johannesburg-wct/records/count,9321,johannesburg-wct,"Johannesburg WCT",A,1968
https://stats.tennismylife.org/tournaments/johannesburg-wct/records/count/titles,9321,johannesburg-wct,"Johannesburg WCT",A,1968
https://stats.tennismylife.org/tournaments/johannesburg-wct/records/count/wins,9321,johannesburg-wct,"Johannesburg WCT",A,1968
https://stats.tennismylife.org/tournaments/johannesburg-wct/records/count/played,9321,johannesburg-wct,"Johannesburg WCT",A,1968
https://stats.tennismylife.org/tournaments/johannesburg-wct/records/count/entries,9321,johannesburg-wct,"Johannesburg WCT",A,1968
https://stats.tennismylife.org/tournaments/johannesburg-wct/records/ages,9321,johannesburg-wct,"Johannesburg WCT",A,1968
https://stats.tennismylife.org/tournaments/johannesburg-wct/records/ages/main,9321,johannesburg-wct,"Johannesburg WCT",A,1968
https://stats.tennismylife.org/tournaments/johannesburg-wct/records/ages/titles,9321,johannesburg-wct,"Johannesburg WCT",A,1968
https://stats.tennismylife.org/tournaments/johannesburg-wct/records/ages/oldestrounds,9321,johannesburg-wct,"Johannesburg WCT",A,1968
https://stats.tennismylife.org/tournaments/johannesburg-wct/records/ages/youngestrounds,9321,johannesburg-wct,"Johannesburg WCT",A,1968
https://stats.tennismylife.org/tournaments/johannesburg-wct/records/percentage,9321,johannesburg-wct,"Johannesburg WCT",A,1968
https://stats.tennismylife.org/tournaments/johannesburg-wct/records/percentage/wins,9321,johannesburg-wct,"Johannesburg WCT",A,1968
https://stats.tennismylife.org/tournaments/johannesburg-wct/records/percentage/rounds,9321,johannesburg-wct,"Johannesburg WCT",A,1968
https://stats.tennismylife.org/tournaments/johannesburg-wct/records/streak,9321,johannesburg-wct,"Johannesburg WCT",A,1968
https://stats.tennismylife.org/tournaments/johannesburg-wct/records/timespan,9321,johannesburg-wct,"Johannesburg WCT",A,1968
https://stats.tennismylife.org/tournaments/johannesburg-wct/records/rounds,9321,johannesburg-wct,"Johannesburg WCT",A,1968
https://stats.tennismylife.org/tournaments/johannesburg-wct/records/least,9321,johannesburg-wct,"Johannesburg WCT",A,1968
https://stats.tennismylife.org/tournaments/johannesburg-wct/records/roundsonentries,9321,johannesburg-wct,"Johannesburg WCT",A,1968
https://stats.tennismylife.org/tournaments/kansas-city/records,9238,kansas-city,"Kansas City",A,1973
https://stats.tennismylife.org/tournaments/kansas-city/records/count,9238,kansas-city,"Kansas City",A,1973
https://stats.tennismylife.org/tournaments/kansas-city/records/count/titles,9238,kansas-city,"Kansas City",A,1973
https://stats.tennismylife.org/tournaments/kansas-city/records/count/wins,9238,kansas-city,"Kansas City",A,1973
https://stats.tennismylife.org/tournaments/kansas-city/records/count/played,9238,kansas-city,"Kansas City",A,1973
https://stats.tennismylife.org/tournaments/kansas-city/records/count/entries,9238,kansas-city,"Kansas City",A,1973
https://stats.tennismylife.org/tournaments/kansas-city/records/ages,9238,kansas-city,"Kansas City",A,1973
https://stats.tennismylife.org/tournaments/kansas-city/records/ages/main,9238,kansas-city,"Kansas City",A,1973
https://stats.tennismylife.org/tournaments/kansas-city/records/ages/titles,9238,kansas-city,"Kansas City",A,1973
https://stats.tennismylife.org/tournaments/kansas-city/records/ages/oldestrounds,9238,kansas-city,"Kansas City",A,1973
https://stats.tennismylife.org/tournaments/kansas-city/records/ages/youngestrounds,9238,kansas-city,"Kansas City",A,1973
https://stats.tennismylife.org/tournaments/kansas-city/records/percentage,9238,kansas-city,"Kansas City",A,1973
https://stats.tennismylife.org/tournaments/kansas-city/records/percentage/wins,9238,kansas-city,"Kansas City",A,1973
https://stats.tennismylife.org/tournaments/kansas-city/records/percentage/rounds,9238,kansas-city,"Kansas City",A,1973
https://stats.tennismylife.org/tournaments/kansas-city/records/streak,9238,kansas-city,"Kansas City",A,1973
https://stats.tennismylife.org/tournaments/kansas-city/records/timespan,9238,kansas-city,"Kansas City",A,1973
https://stats.tennismylife.org/tournaments/kansas-city/records/rounds,9238,kansas-city,"Kansas City",A,1973
https://stats.tennismylife.org/tournaments/kansas-city/records/least,9238,kansas-city,"Kansas City",A,1973
https://stats.tennismylife.org/tournaments/kansas-city/records/roundsonentries,9238,kansas-city,"Kansas City",A,1973
https://stats.tennismylife.org/tournaments/kansas-city-1/records,2062,kansas-city-1,"Kansas City-1",A,1972
https://stats.tennismylife.org/tournaments/kansas-city-1/records/count,2062,kansas-city-1,"Kansas City-1",A,1972
https://stats.tennismylife.org/tournaments/kansas-city-1/records/count/titles,2062,kansas-city-1,"Kansas City-1",A,1972
https://stats.tennismylife.org/tournaments/kansas-city-1/records/count/wins,2062,kansas-city-1,"Kansas City-1",A,1972
https://stats.tennismylife.org/tournaments/kansas-city-1/records/count/played,2062,kansas-city-1,"Kansas City-1",A,1972
https://stats.tennismylife.org/tournaments/kansas-city-1/records/count/entries,2062,kansas-city-1,"Kansas City-1",A,1972
https://stats.tennismylife.org/tournaments/kansas-city-1/records/ages,2062,kansas-city-1,"Kansas City-1",A,1972
https://stats.tennismylife.org/tournaments/kansas-city-1/records/ages/main,2062,kansas-city-1,"Kansas City-1",A,1972
https://stats.tennismylife.org/tournaments/kansas-city-1/records/ages/titles,2062,kansas-city-1,"Kansas City-1",A,1972
https://stats.tennismylife.org/tournaments/kansas-city-1/records/ages/oldestrounds,2062,kansas-city-1,"Kansas City-1",A,1972
https://stats.tennismylife.org/tournaments/kansas-city-1/records/ages/youngestrounds,2062,kansas-city-1,"Kansas City-1",A,1972
https://stats.tennismylife.org/tournaments/kansas-city-1/records/percentage,2062,kansas-city-1,"Kansas City-1",A,1972
https://stats.tennismylife.org/tournaments/kansas-city-1/records/percentage/wins,2062,kansas-city-1,"Kansas City-1",A,1972
https://stats.tennismylife.org/tournaments/kansas-city-1/records/percentage/rounds,2062,kansas-city-1,"Kansas City-1",A,1972
https://stats.tennismylife.org/tournaments/kansas-city-1/records/streak,2062,kansas-city-1,"Kansas City-1",A,1972
https://stats.tennismylife.org/tournaments/kansas-city-1/records/timespan,2062,kansas-city-1,"Kansas City-1",A,1972
https://stats.tennismylife.org/tournaments/kansas-city-1/records/rounds,2062,kansas-city-1,"Kansas City-1",A,1972
https://stats.tennismylife.org/tournaments/kansas-city-1/records/least,2062,kansas-city-1,"Kansas City-1",A,1972
https://stats.tennismylife.org/tournaments/kansas-city-1/records/roundsonentries,2062,kansas-city-1,"Kansas City-1",A,1972
https://stats.tennismylife.org/tournaments/kimberley-wct/records,9326,kimberley-wct,"Kimberley WCT",A,1968
https://stats.tennismylife.org/tournaments/kimberley-wct/records/count,9326,kimberley-wct,"Kimberley WCT",A,1968
https://stats.tennismylife.org/tournaments/kimberley-wct/records/count/titles,9326,kimberley-wct,"Kimberley WCT",A,1968
https://stats.tennismylife.org/tournaments/kimberley-wct/records/count/wins,9326,kimberley-wct,"Kimberley WCT",A,1968
https://stats.tennismylife.org/tournaments/kimberley-wct/records/count/played,9326,kimberley-wct,"Kimberley WCT",A,1968
https://stats.tennismylife.org/tournaments/kimberley-wct/records/count/entries,9326,kimberley-wct,"Kimberley WCT",A,1968
https://stats.tennismylife.org/tournaments/kimberley-wct/records/ages,9326,kimberley-wct,"Kimberley WCT",A,1968
https://stats.tennismylife.org/tournaments/kimberley-wct/records/ages/main,9326,kimberley-wct,"Kimberley WCT",A,1968
https://stats.tennismylife.org/tournaments/kimberley-wct/records/ages/titles,9326,kimberley-wct,"Kimberley WCT",A,1968
https://stats.tennismylife.org/tournaments/kimberley-wct/records/ages/oldestrounds,9326,kimberley-wct,"Kimberley WCT",A,1968
https://stats.tennismylife.org/tournaments/kimberley-wct/records/ages/youngestrounds,9326,kimberley-wct,"Kimberley WCT",A,1968
https://stats.tennismylife.org/tournaments/kimberley-wct/records/percentage,9326,kimberley-wct,"Kimberley WCT",A,1968
https://stats.tennismylife.org/tournaments/kimberley-wct/records/percentage/wins,9326,kimberley-wct,"Kimberley WCT",A,1968
https://stats.tennismylife.org/tournaments/kimberley-wct/records/percentage/rounds,9326,kimberley-wct,"Kimberley WCT",A,1968
https://stats.tennismylife.org/tournaments/kimberley-wct/records/streak,9326,kimberley-wct,"Kimberley WCT",A,1968
https://stats.tennismylife.org/tournaments/kimberley-wct/records/timespan,9326,kimberley-wct,"Kimberley WCT",A,1968
https://stats.tennismylife.org/tournaments/kimberley-wct/records/rounds,9326,kimberley-wct,"Kimberley WCT",A,1968
https://stats.tennismylife.org/tournaments/kimberley-wct/records/least,9326,kimberley-wct,"Kimberley WCT",A,1968
https://stats.tennismylife.org/tournaments/kimberley-wct/records/roundsonentries,9326,kimberley-wct,"Kimberley WCT",A,1968
https://stats.tennismylife.org/tournaments/kingston/records,9204,kingston,"Kingston",A,1973
https://stats.tennismylife.org/tournaments/kingston/records/count,9204,kingston,"Kingston",A,1973
https://stats.tennismylife.org/tournaments/kingston/records/count/titles,9204,kingston,"Kingston",A,1973
https://stats.tennismylife.org/tournaments/kingston/records/count/wins,9204,kingston,"Kingston",A,1973
https://stats.tennismylife.org/tournaments/kingston/records/count/played,9204,kingston,"Kingston",A,1973
https://stats.tennismylife.org/tournaments/kingston/records/count/entries,9204,kingston,"Kingston",A,1973
https://stats.tennismylife.org/tournaments/kingston/records/ages,9204,kingston,"Kingston",A,1973
https://stats.tennismylife.org/tournaments/kingston/records/ages/main,9204,kingston,"Kingston",A,1973
https://stats.tennismylife.org/tournaments/kingston/records/ages/titles,9204,kingston,"Kingston",A,1973
https://stats.tennismylife.org/tournaments/kingston/records/ages/oldestrounds,9204,kingston,"Kingston",A,1973
https://stats.tennismylife.org/tournaments/kingston/records/ages/youngestrounds,9204,kingston,"Kingston",A,1973
https://stats.tennismylife.org/tournaments/kingston/records/percentage,9204,kingston,"Kingston",A,1973
https://stats.tennismylife.org/tournaments/kingston/records/percentage/wins,9204,kingston,"Kingston",A,1973
https://stats.tennismylife.org/tournaments/kingston/records/percentage/rounds,9204,kingston,"Kingston",A,1973
https://stats.tennismylife.org/tournaments/kingston/records/streak,9204,kingston,"Kingston",A,1973
https://stats.tennismylife.org/tournaments/kingston/records/timespan,9204,kingston,"Kingston",A,1973
https://stats.tennismylife.org/tournaments/kingston/records/rounds,9204,kingston,"Kingston",A,1973
https://stats.tennismylife.org/tournaments/kingston/records/least,9204,kingston,"Kingston",A,1973
https://stats.tennismylife.org/tournaments/kingston/records/roundsonentries,9204,kingston,"Kingston",A,1973
https://stats.tennismylife.org/tournaments/kuala-lumpur/records,6003,kuala-lumpur,"Kuala Lumpur",250,2015
https://stats.tennismylife.org/tournaments/kuala-lumpur/records/count,6003,kuala-lumpur,"Kuala Lumpur",250,2015
https://stats.tennismylife.org/tournaments/kuala-lumpur/records/count/titles,6003,kuala-lumpur,"Kuala Lumpur",250,2015
https://stats.tennismylife.org/tournaments/kuala-lumpur/records/count/wins,6003,kuala-lumpur,"Kuala Lumpur",250,2015
https://stats.tennismylife.org/tournaments/kuala-lumpur/records/count/played,6003,kuala-lumpur,"Kuala Lumpur",250,2015
https://stats.tennismylife.org/tournaments/kuala-lumpur/records/count/entries,6003,kuala-lumpur,"Kuala Lumpur",250,2015
https://stats.tennismylife.org/tournaments/kuala-lumpur/records/ages,6003,kuala-lumpur,"Kuala Lumpur",250,2015
https://stats.tennismylife.org/tournaments/kuala-lumpur/records/ages/main,6003,kuala-lumpur,"Kuala Lumpur",250,2015
https://stats.tennismylife.org/tournaments/kuala-lumpur/records/ages/titles,6003,kuala-lumpur,"Kuala Lumpur",250,2015
https://stats.tennismylife.org/tournaments/kuala-lumpur/records/ages/oldestrounds,6003,kuala-lumpur,"Kuala Lumpur",250,2015
https://stats.tennismylife.org/tournaments/kuala-lumpur/records/ages/youngestrounds,6003,kuala-lumpur,"Kuala Lumpur",250,2015
https://stats.tennismylife.org/tournaments/kuala-lumpur/records/percentage,6003,kuala-lumpur,"Kuala Lumpur",250,2015
https://stats.tennismylife.org/tournaments/kuala-lumpur/records/percentage/wins,6003,kuala-lumpur,"Kuala Lumpur",250,2015
https://stats.tennismylife.org/tournaments/kuala-lumpur/records/percentage/rounds,6003,kuala-lumpur,"Kuala Lumpur",250,2015
https://stats.tennismylife.org/tournaments/kuala-lumpur/records/streak,6003,kuala-lumpur,"Kuala Lumpur",250,2015
https://stats.tennismylife.org/tournaments/kuala-lumpur/records/timespan,6003,kuala-lumpur,"Kuala Lumpur",250,2015
https://stats.tennismylife.org/tournaments/kuala-lumpur/records/rounds,6003,kuala-lumpur,"Kuala Lumpur",250,2015
https://stats.tennismylife.org/tournaments/kuala-lumpur/records/least,6003,kuala-lumpur,"Kuala Lumpur",250,2015
https://stats.tennismylife.org/tournaments/kuala-lumpur/records/roundsonentries,6003,kuala-lumpur,"Kuala Lumpur",250,2015
https://stats.tennismylife.org/tournaments/kuala-lumpur-1/records,450,kuala-lumpur-1,"Kuala Lumpur-1",250,1993
https://stats.tennismylife.org/tournaments/kuala-lumpur-1/records/count,450,kuala-lumpur-1,"Kuala Lumpur-1",250,1993
https://stats.tennismylife.org/tournaments/kuala-lumpur-1/records/count/titles,450,kuala-lumpur-1,"Kuala Lumpur-1",250,1993
https://stats.tennismylife.org/tournaments/kuala-lumpur-1/records/count/wins,450,kuala-lumpur-1,"Kuala Lumpur-1",250,1993
https://stats.tennismylife.org/tournaments/kuala-lumpur-1/records/count/played,450,kuala-lumpur-1,"Kuala Lumpur-1",250,1993
https://stats.tennismylife.org/tournaments/kuala-lumpur-1/records/count/entries,450,kuala-lumpur-1,"Kuala Lumpur-1",250,1993
https://stats.tennismylife.org/tournaments/kuala-lumpur-1/records/ages,450,kuala-lumpur-1,"Kuala Lumpur-1",250,1993
https://stats.tennismylife.org/tournaments/kuala-lumpur-1/records/ages/main,450,kuala-lumpur-1,"Kuala Lumpur-1",250,1993
https://stats.tennismylife.org/tournaments/kuala-lumpur-1/records/ages/titles,450,kuala-lumpur-1,"Kuala Lumpur-1",250,1993
https://stats.tennismylife.org/tournaments/kuala-lumpur-1/records/ages/oldestrounds,450,kuala-lumpur-1,"Kuala Lumpur-1",250,1993
https://stats.tennismylife.org/tournaments/kuala-lumpur-1/records/ages/youngestrounds,450,kuala-lumpur-1,"Kuala Lumpur-1",250,1993
https://stats.tennismylife.org/tournaments/kuala-lumpur-1/records/percentage,450,kuala-lumpur-1,"Kuala Lumpur-1",250,1993
https://stats.tennismylife.org/tournaments/kuala-lumpur-1/records/percentage/wins,450,kuala-lumpur-1,"Kuala Lumpur-1",250,1993
https://stats.tennismylife.org/tournaments/kuala-lumpur-1/records/percentage/rounds,450,kuala-lumpur-1,"Kuala Lumpur-1",250,1993
https://stats.tennismylife.org/tournaments/kuala-lumpur-1/records/streak,450,kuala-lumpur-1,"Kuala Lumpur-1",250,1993
https://stats.tennismylife.org/tournaments/kuala-lumpur-1/records/timespan,450,kuala-lumpur-1,"Kuala Lumpur-1",250,1993
https://stats.tennismylife.org/tournaments/kuala-lumpur-1/records/rounds,450,kuala-lumpur-1,"Kuala Lumpur-1",250,1993
https://stats.tennismylife.org/tournaments/kuala-lumpur-1/records/least,450,kuala-lumpur-1,"Kuala Lumpur-1",250,1993
https://stats.tennismylife.org/tournaments/kuala-lumpur-1/records/roundsonentries,450,kuala-lumpur-1,"Kuala Lumpur-1",250,1993
https://stats.tennismylife.org/tournaments/la-jolla/records,9336,la-jolla,"La Jolla",A,1968
https://stats.tennismylife.org/tournaments/la-jolla/records/count,9336,la-jolla,"La Jolla",A,1968
https://stats.tennismylife.org/tournaments/la-jolla/records/count/titles,9336,la-jolla,"La Jolla",A,1968
https://stats.tennismylife.org/tournaments/la-jolla/records/count/wins,9336,la-jolla,"La Jolla",A,1968
https://stats.tennismylife.org/tournaments/la-jolla/records/count/played,9336,la-jolla,"La Jolla",A,1968
https://stats.tennismylife.org/tournaments/la-jolla/records/count/entries,9336,la-jolla,"La Jolla",A,1968
https://stats.tennismylife.org/tournaments/la-jolla/records/ages,9336,la-jolla,"La Jolla",A,1968
https://stats.tennismylife.org/tournaments/la-jolla/records/ages/main,9336,la-jolla,"La Jolla",A,1968
https://stats.tennismylife.org/tournaments/la-jolla/records/ages/titles,9336,la-jolla,"La Jolla",A,1968
https://stats.tennismylife.org/tournaments/la-jolla/records/ages/oldestrounds,9336,la-jolla,"La Jolla",A,1968
https://stats.tennismylife.org/tournaments/la-jolla/records/ages/youngestrounds,9336,la-jolla,"La Jolla",A,1968
https://stats.tennismylife.org/tournaments/la-jolla/records/percentage,9336,la-jolla,"La Jolla",A,1968
https://stats.tennismylife.org/tournaments/la-jolla/records/percentage/wins,9336,la-jolla,"La Jolla",A,1968
https://stats.tennismylife.org/tournaments/la-jolla/records/percentage/rounds,9336,la-jolla,"La Jolla",A,1968
https://stats.tennismylife.org/tournaments/la-jolla/records/streak,9336,la-jolla,"La Jolla",A,1968
https://stats.tennismylife.org/tournaments/la-jolla/records/timespan,9336,la-jolla,"La Jolla",A,1968
https://stats.tennismylife.org/tournaments/la-jolla/records/rounds,9336,la-jolla,"La Jolla",A,1968
https://stats.tennismylife.org/tournaments/la-jolla/records/least,9336,la-jolla,"La Jolla",A,1968
https://stats.tennismylife.org/tournaments/la-jolla/records/roundsonentries,9336,la-jolla,"La Jolla",A,1968
https://stats.tennismylife.org/tournaments/la-paz-ntl/records,9328,la-paz-ntl,"La Paz NTL",A,1968
https://stats.tennismylife.org/tournaments/la-paz-ntl/records/count,9328,la-paz-ntl,"La Paz NTL",A,1968
https://stats.tennismylife.org/tournaments/la-paz-ntl/records/count/titles,9328,la-paz-ntl,"La Paz NTL",A,1968
https://stats.tennismylife.org/tournaments/la-paz-ntl/records/count/wins,9328,la-paz-ntl,"La Paz NTL",A,1968
https://stats.tennismylife.org/tournaments/la-paz-ntl/records/count/played,9328,la-paz-ntl,"La Paz NTL",A,1968
https://stats.tennismylife.org/tournaments/la-paz-ntl/records/count/entries,9328,la-paz-ntl,"La Paz NTL",A,1968
https://stats.tennismylife.org/tournaments/la-paz-ntl/records/ages,9328,la-paz-ntl,"La Paz NTL",A,1968
https://stats.tennismylife.org/tournaments/la-paz-ntl/records/ages/main,9328,la-paz-ntl,"La Paz NTL",A,1968
https://stats.tennismylife.org/tournaments/la-paz-ntl/records/ages/titles,9328,la-paz-ntl,"La Paz NTL",A,1968
https://stats.tennismylife.org/tournaments/la-paz-ntl/records/ages/oldestrounds,9328,la-paz-ntl,"La Paz NTL",A,1968
https://stats.tennismylife.org/tournaments/la-paz-ntl/records/ages/youngestrounds,9328,la-paz-ntl,"La Paz NTL",A,1968
https://stats.tennismylife.org/tournaments/la-paz-ntl/records/percentage,9328,la-paz-ntl,"La Paz NTL",A,1968
https://stats.tennismylife.org/tournaments/la-paz-ntl/records/percentage/wins,9328,la-paz-ntl,"La Paz NTL",A,1968
https://stats.tennismylife.org/tournaments/la-paz-ntl/records/percentage/rounds,9328,la-paz-ntl,"La Paz NTL",A,1968
https://stats.tennismylife.org/tournaments/la-paz-ntl/records/streak,9328,la-paz-ntl,"La Paz NTL",A,1968
https://stats.tennismylife.org/tournaments/la-paz-ntl/records/timespan,9328,la-paz-ntl,"La Paz NTL",A,1968
https://stats.tennismylife.org/tournaments/la-paz-ntl/records/rounds,9328,la-paz-ntl,"La Paz NTL",A,1968
https://stats.tennismylife.org/tournaments/la-paz-ntl/records/least,9328,la-paz-ntl,"La Paz NTL",A,1968
https://stats.tennismylife.org/tournaments/la-paz-ntl/records/roundsonentries,9328,la-paz-ntl,"La Paz NTL",A,1968
https://stats.tennismylife.org/tournaments/lafayette/records,1728,lafayette,"Lafayette",A,1979
https://stats.tennismylife.org/tournaments/lafayette/records/count,1728,lafayette,"Lafayette",A,1979
https://stats.tennismylife.org/tournaments/lafayette/records/count/titles,1728,lafayette,"Lafayette",A,1979
https://stats.tennismylife.org/tournaments/lafayette/records/count/wins,1728,lafayette,"Lafayette",A,1979
https://stats.tennismylife.org/tournaments/lafayette/records/count/played,1728,lafayette,"Lafayette",A,1979
https://stats.tennismylife.org/tournaments/lafayette/records/count/entries,1728,lafayette,"Lafayette",A,1979
https://stats.tennismylife.org/tournaments/lafayette/records/ages,1728,lafayette,"Lafayette",A,1979
https://stats.tennismylife.org/tournaments/lafayette/records/ages/main,1728,lafayette,"Lafayette",A,1979
https://stats.tennismylife.org/tournaments/lafayette/records/ages/titles,1728,lafayette,"Lafayette",A,1979
https://stats.tennismylife.org/tournaments/lafayette/records/ages/oldestrounds,1728,lafayette,"Lafayette",A,1979
https://stats.tennismylife.org/tournaments/lafayette/records/ages/youngestrounds,1728,lafayette,"Lafayette",A,1979
https://stats.tennismylife.org/tournaments/lafayette/records/percentage,1728,lafayette,"Lafayette",A,1979
https://stats.tennismylife.org/tournaments/lafayette/records/percentage/wins,1728,lafayette,"Lafayette",A,1979
https://stats.tennismylife.org/tournaments/lafayette/records/percentage/rounds,1728,lafayette,"Lafayette",A,1979
https://stats.tennismylife.org/tournaments/lafayette/records/streak,1728,lafayette,"Lafayette",A,1979
https://stats.tennismylife.org/tournaments/lafayette/records/timespan,1728,lafayette,"Lafayette",A,1979
https://stats.tennismylife.org/tournaments/lafayette/records/rounds,1728,lafayette,"Lafayette",A,1979
https://stats.tennismylife.org/tournaments/lafayette/records/least,1728,lafayette,"Lafayette",A,1979
https://stats.tennismylife.org/tournaments/lafayette/records/roundsonentries,1728,lafayette,"Lafayette",A,1979
https://stats.tennismylife.org/tournaments/lagos/records,205,lagos,"Lagos",A,1981
https://stats.tennismylife.org/tournaments/lagos/records/count,205,lagos,"Lagos",A,1981
https://stats.tennismylife.org/tournaments/lagos/records/count/titles,205,lagos,"Lagos",A,1981
https://stats.tennismylife.org/tournaments/lagos/records/count/wins,205,lagos,"Lagos",A,1981
https://stats.tennismylife.org/tournaments/lagos/records/count/played,205,lagos,"Lagos",A,1981
https://stats.tennismylife.org/tournaments/lagos/records/count/entries,205,lagos,"Lagos",A,1981
https://stats.tennismylife.org/tournaments/lagos/records/ages,205,lagos,"Lagos",A,1981
https://stats.tennismylife.org/tournaments/lagos/records/ages/main,205,lagos,"Lagos",A,1981
https://stats.tennismylife.org/tournaments/lagos/records/ages/titles,205,lagos,"Lagos",A,1981
https://stats.tennismylife.org/tournaments/lagos/records/ages/oldestrounds,205,lagos,"Lagos",A,1981
https://stats.tennismylife.org/tournaments/lagos/records/ages/youngestrounds,205,lagos,"Lagos",A,1981
https://stats.tennismylife.org/tournaments/lagos/records/percentage,205,lagos,"Lagos",A,1981
https://stats.tennismylife.org/tournaments/lagos/records/percentage/wins,205,lagos,"Lagos",A,1981
https://stats.tennismylife.org/tournaments/lagos/records/percentage/rounds,205,lagos,"Lagos",A,1981
https://stats.tennismylife.org/tournaments/lagos/records/streak,205,lagos,"Lagos",A,1981
https://stats.tennismylife.org/tournaments/lagos/records/timespan,205,lagos,"Lagos",A,1981
https://stats.tennismylife.org/tournaments/lagos/records/rounds,205,lagos,"Lagos",A,1981
https://stats.tennismylife.org/tournaments/lagos/records/least,205,lagos,"Lagos",A,1981
https://stats.tennismylife.org/tournaments/lagos/records/roundsonentries,205,lagos,"Lagos",A,1981
https://stats.tennismylife.org/tournaments/laguna-niguel/records,2020,laguna-niguel,"Laguna Niguel",A,1977
https://stats.tennismylife.org/tournaments/laguna-niguel/records/count,2020,laguna-niguel,"Laguna Niguel",A,1977
https://stats.tennismylife.org/tournaments/laguna-niguel/records/count/titles,2020,laguna-niguel,"Laguna Niguel",A,1977
https://stats.tennismylife.org/tournaments/laguna-niguel/records/count/wins,2020,laguna-niguel,"Laguna Niguel",A,1977
https://stats.tennismylife.org/tournaments/laguna-niguel/records/count/played,2020,laguna-niguel,"Laguna Niguel",A,1977
https://stats.tennismylife.org/tournaments/laguna-niguel/records/count/entries,2020,laguna-niguel,"Laguna Niguel",A,1977
https://stats.tennismylife.org/tournaments/laguna-niguel/records/ages,2020,laguna-niguel,"Laguna Niguel",A,1977
https://stats.tennismylife.org/tournaments/laguna-niguel/records/ages/main,2020,laguna-niguel,"Laguna Niguel",A,1977
https://stats.tennismylife.org/tournaments/laguna-niguel/records/ages/titles,2020,laguna-niguel,"Laguna Niguel",A,1977
https://stats.tennismylife.org/tournaments/laguna-niguel/records/ages/oldestrounds,2020,laguna-niguel,"Laguna Niguel",A,1977
https://stats.tennismylife.org/tournaments/laguna-niguel/records/ages/youngestrounds,2020,laguna-niguel,"Laguna Niguel",A,1977
https://stats.tennismylife.org/tournaments/laguna-niguel/records/percentage,2020,laguna-niguel,"Laguna Niguel",A,1977
https://stats.tennismylife.org/tournaments/laguna-niguel/records/percentage/wins,2020,laguna-niguel,"Laguna Niguel",A,1977
https://stats.tennismylife.org/tournaments/laguna-niguel/records/percentage/rounds,2020,laguna-niguel,"Laguna Niguel",A,1977
https://stats.tennismylife.org/tournaments/laguna-niguel/records/streak,2020,laguna-niguel,"Laguna Niguel",A,1977
https://stats.tennismylife.org/tournaments/laguna-niguel/records/timespan,2020,laguna-niguel,"Laguna Niguel",A,1977
https://stats.tennismylife.org/tournaments/laguna-niguel/records/rounds,2020,laguna-niguel,"Laguna Niguel",A,1977
https://stats.tennismylife.org/tournaments/laguna-niguel/records/least,2020,laguna-niguel,"Laguna Niguel",A,1977
https://stats.tennismylife.org/tournaments/laguna-niguel/records/roundsonentries,2020,laguna-niguel,"Laguna Niguel",A,1977
https://stats.tennismylife.org/tournaments/lakeway-wct/records,6836,lakeway-wct,"Lakeway WCT",A,1974
https://stats.tennismylife.org/tournaments/lakeway-wct/records/count,6836,lakeway-wct,"Lakeway WCT",A,1974
https://stats.tennismylife.org/tournaments/lakeway-wct/records/count/titles,6836,lakeway-wct,"Lakeway WCT",A,1974
https://stats.tennismylife.org/tournaments/lakeway-wct/records/count/wins,6836,lakeway-wct,"Lakeway WCT",A,1974
https://stats.tennismylife.org/tournaments/lakeway-wct/records/count/played,6836,lakeway-wct,"Lakeway WCT",A,1974
https://stats.tennismylife.org/tournaments/lakeway-wct/records/count/entries,6836,lakeway-wct,"Lakeway WCT",A,1974
https://stats.tennismylife.org/tournaments/lakeway-wct/records/ages,6836,lakeway-wct,"Lakeway WCT",A,1974
https://stats.tennismylife.org/tournaments/lakeway-wct/records/ages/main,6836,lakeway-wct,"Lakeway WCT",A,1974
https://stats.tennismylife.org/tournaments/lakeway-wct/records/ages/titles,6836,lakeway-wct,"Lakeway WCT",A,1974
https://stats.tennismylife.org/tournaments/lakeway-wct/records/ages/oldestrounds,6836,lakeway-wct,"Lakeway WCT",A,1974
https://stats.tennismylife.org/tournaments/lakeway-wct/records/ages/youngestrounds,6836,lakeway-wct,"Lakeway WCT",A,1974
https://stats.tennismylife.org/tournaments/lakeway-wct/records/percentage,6836,lakeway-wct,"Lakeway WCT",A,1974
https://stats.tennismylife.org/tournaments/lakeway-wct/records/percentage/wins,6836,lakeway-wct,"Lakeway WCT",A,1974
https://stats.tennismylife.org/tournaments/lakeway-wct/records/percentage/rounds,6836,lakeway-wct,"Lakeway WCT",A,1974
https://stats.tennismylife.org/tournaments/lakeway-wct/records/streak,6836,lakeway-wct,"Lakeway WCT",A,1974
https://stats.tennismylife.org/tournaments/lakeway-wct/records/timespan,6836,lakeway-wct,"Lakeway WCT",A,1974
https://stats.tennismylife.org/tournaments/lakeway-wct/records/rounds,6836,lakeway-wct,"Lakeway WCT",A,1974
https://stats.tennismylife.org/tournaments/lakeway-wct/records/least,6836,lakeway-wct,"Lakeway WCT",A,1974
https://stats.tennismylife.org/tournaments/lakeway-wct/records/roundsonentries,6836,lakeway-wct,"Lakeway WCT",A,1974
https://stats.tennismylife.org/tournaments/las-vegas/records,413,las-vegas,"Las Vegas",A,1985
https://stats.tennismylife.org/tournaments/las-vegas/records/count,413,las-vegas,"Las Vegas",A,1985
https://stats.tennismylife.org/tournaments/las-vegas/records/count/titles,413,las-vegas,"Las Vegas",A,1985
https://stats.tennismylife.org/tournaments/las-vegas/records/count/wins,413,las-vegas,"Las Vegas",A,1985
https://stats.tennismylife.org/tournaments/las-vegas/records/count/played,413,las-vegas,"Las Vegas",A,1985
https://stats.tennismylife.org/tournaments/las-vegas/records/count/entries,413,las-vegas,"Las Vegas",A,1985
https://stats.tennismylife.org/tournaments/las-vegas/records/ages,413,las-vegas,"Las Vegas",A,1985
https://stats.tennismylife.org/tournaments/las-vegas/records/ages/main,413,las-vegas,"Las Vegas",A,1985
https://stats.tennismylife.org/tournaments/las-vegas/records/ages/titles,413,las-vegas,"Las Vegas",A,1985
https://stats.tennismylife.org/tournaments/las-vegas/records/ages/oldestrounds,413,las-vegas,"Las Vegas",A,1985
https://stats.tennismylife.org/tournaments/las-vegas/records/ages/youngestrounds,413,las-vegas,"Las Vegas",A,1985
https://stats.tennismylife.org/tournaments/las-vegas/records/percentage,413,las-vegas,"Las Vegas",A,1985
https://stats.tennismylife.org/tournaments/las-vegas/records/percentage/wins,413,las-vegas,"Las Vegas",A,1985
https://stats.tennismylife.org/tournaments/las-vegas/records/percentage/rounds,413,las-vegas,"Las Vegas",A,1985
https://stats.tennismylife.org/tournaments/las-vegas/records/streak,413,las-vegas,"Las Vegas",A,1985
https://stats.tennismylife.org/tournaments/las-vegas/records/timespan,413,las-vegas,"Las Vegas",A,1985
https://stats.tennismylife.org/tournaments/las-vegas/records/rounds,413,las-vegas,"Las Vegas",A,1985
https://stats.tennismylife.org/tournaments/las-vegas/records/least,413,las-vegas,"Las Vegas",A,1985
https://stats.tennismylife.org/tournaments/las-vegas/records/roundsonentries,413,las-vegas,"Las Vegas",A,1985
https://stats.tennismylife.org/tournaments/las-vegas-2/records,433,las-vegas-2,"Las Vegas",A|250,2008
https://stats.tennismylife.org/tournaments/las-vegas-2/records/count,433,las-vegas-2,"Las Vegas",A|250,2008
https://stats.tennismylife.org/tournaments/las-vegas-2/records/count/titles,433,las-vegas-2,"Las Vegas",A|250,2008
https://stats.tennismylife.org/tournaments/las-vegas-2/records/count/wins,433,las-vegas-2,"Las Vegas",A|250,2008
https://stats.tennismylife.org/tournaments/las-vegas-2/records/count/played,433,las-vegas-2,"Las Vegas",A|250,2008
https://stats.tennismylife.org/tournaments/las-vegas-2/records/count/entries,433,las-vegas-2,"Las Vegas",A|250,2008
https://stats.tennismylife.org/tournaments/las-vegas-2/records/ages,433,las-vegas-2,"Las Vegas",A|250,2008
https://stats.tennismylife.org/tournaments/las-vegas-2/records/ages/main,433,las-vegas-2,"Las Vegas",A|250,2008
https://stats.tennismylife.org/tournaments/las-vegas-2/records/ages/titles,433,las-vegas-2,"Las Vegas",A|250,2008
https://stats.tennismylife.org/tournaments/las-vegas-2/records/ages/oldestrounds,433,las-vegas-2,"Las Vegas",A|250,2008
https://stats.tennismylife.org/tournaments/las-vegas-2/records/ages/youngestrounds,433,las-vegas-2,"Las Vegas",A|250,2008
https://stats.tennismylife.org/tournaments/las-vegas-2/records/percentage,433,las-vegas-2,"Las Vegas",A|250,2008
https://stats.tennismylife.org/tournaments/las-vegas-2/records/percentage/wins,433,las-vegas-2,"Las Vegas",A|250,2008
https://stats.tennismylife.org/tournaments/las-vegas-2/records/percentage/rounds,433,las-vegas-2,"Las Vegas",A|250,2008
https://stats.tennismylife.org/tournaments/las-vegas-2/records/streak,433,las-vegas-2,"Las Vegas",A|250,2008
https://stats.tennismylife.org/tournaments/las-vegas-2/records/timespan,433,las-vegas-2,"Las Vegas",A|250,2008
https://stats.tennismylife.org/tournaments/las-vegas-2/records/rounds,433,las-vegas-2,"Las Vegas",A|250,2008
https://stats.tennismylife.org/tournaments/las-vegas-2/records/least,433,las-vegas-2,"Las Vegas",A|250,2008
https://stats.tennismylife.org/tournaments/las-vegas-2/records/roundsonentries,433,las-vegas-2,"Las Vegas",A|250,2008
https://stats.tennismylife.org/tournaments/las-vegas-wct/records,683,las-vegas-wct,"Las Vegas WCT",A,1978
https://stats.tennismylife.org/tournaments/las-vegas-wct/records/count,683,las-vegas-wct,"Las Vegas WCT",A,1978
https://stats.tennismylife.org/tournaments/las-vegas-wct/records/count/titles,683,las-vegas-wct,"Las Vegas WCT",A,1978
https://stats.tennismylife.org/tournaments/las-vegas-wct/records/count/wins,683,las-vegas-wct,"Las Vegas WCT",A,1978
https://stats.tennismylife.org/tournaments/las-vegas-wct/records/count/played,683,las-vegas-wct,"Las Vegas WCT",A,1978
https://stats.tennismylife.org/tournaments/las-vegas-wct/records/count/entries,683,las-vegas-wct,"Las Vegas WCT",A,1978
https://stats.tennismylife.org/tournaments/las-vegas-wct/records/ages,683,las-vegas-wct,"Las Vegas WCT",A,1978
https://stats.tennismylife.org/tournaments/las-vegas-wct/records/ages/main,683,las-vegas-wct,"Las Vegas WCT",A,1978
https://stats.tennismylife.org/tournaments/las-vegas-wct/records/ages/titles,683,las-vegas-wct,"Las Vegas WCT",A,1978
https://stats.tennismylife.org/tournaments/las-vegas-wct/records/ages/oldestrounds,683,las-vegas-wct,"Las Vegas WCT",A,1978
https://stats.tennismylife.org/tournaments/las-vegas-wct/records/ages/youngestrounds,683,las-vegas-wct,"Las Vegas WCT",A,1978
https://stats.tennismylife.org/tournaments/las-vegas-wct/records/percentage,683,las-vegas-wct,"Las Vegas WCT",A,1978
https://stats.tennismylife.org/tournaments/las-vegas-wct/records/percentage/wins,683,las-vegas-wct,"Las Vegas WCT",A,1978
https://stats.tennismylife.org/tournaments/las-vegas-wct/records/percentage/rounds,683,las-vegas-wct,"Las Vegas WCT",A,1978
https://stats.tennismylife.org/tournaments/las-vegas-wct/records/streak,683,las-vegas-wct,"Las Vegas WCT",A,1978
https://stats.tennismylife.org/tournaments/las-vegas-wct/records/timespan,683,las-vegas-wct,"Las Vegas WCT",A,1978
https://stats.tennismylife.org/tournaments/las-vegas-wct/records/rounds,683,las-vegas-wct,"Las Vegas WCT",A,1978
https://stats.tennismylife.org/tournaments/las-vegas-wct/records/least,683,las-vegas-wct,"Las Vegas WCT",A,1978
https://stats.tennismylife.org/tournaments/las-vegas-wct/records/roundsonentries,683,las-vegas-wct,"Las Vegas WCT",A,1978
https://stats.tennismylife.org/tournaments/laver-cup/records,9210,laver-cup,"Laver Cup",A,2025
https://stats.tennismylife.org/tournaments/laver-cup/records/count,9210,laver-cup,"Laver Cup",A,2025
https://stats.tennismylife.org/tournaments/laver-cup/records/count/titles,9210,laver-cup,"Laver Cup",A,2025
https://stats.tennismylife.org/tournaments/laver-cup/records/count/wins,9210,laver-cup,"Laver Cup",A,2025
https://stats.tennismylife.org/tournaments/laver-cup/records/count/played,9210,laver-cup,"Laver Cup",A,2025
https://stats.tennismylife.org/tournaments/laver-cup/records/count/entries,9210,laver-cup,"Laver Cup",A,2025
https://stats.tennismylife.org/tournaments/laver-cup/records/ages,9210,laver-cup,"Laver Cup",A,2025
https://stats.tennismylife.org/tournaments/laver-cup/records/ages/main,9210,laver-cup,"Laver Cup",A,2025
https://stats.tennismylife.org/tournaments/laver-cup/records/ages/titles,9210,laver-cup,"Laver Cup",A,2025
https://stats.tennismylife.org/tournaments/laver-cup/records/ages/oldestrounds,9210,laver-cup,"Laver Cup",A,2025
https://stats.tennismylife.org/tournaments/laver-cup/records/ages/youngestrounds,9210,laver-cup,"Laver Cup",A,2025
https://stats.tennismylife.org/tournaments/laver-cup/records/percentage,9210,laver-cup,"Laver Cup",A,2025
https://stats.tennismylife.org/tournaments/laver-cup/records/percentage/wins,9210,laver-cup,"Laver Cup",A,2025
https://stats.tennismylife.org/tournaments/laver-cup/records/percentage/rounds,9210,laver-cup,"Laver Cup",A,2025
https://stats.tennismylife.org/tournaments/laver-cup/records/streak,9210,laver-cup,"Laver Cup",A,2025
https://stats.tennismylife.org/tournaments/laver-cup/records/timespan,9210,laver-cup,"Laver Cup",A,2025
https://stats.tennismylife.org/tournaments/laver-cup/records/rounds,9210,laver-cup,"Laver Cup",A,2025
https://stats.tennismylife.org/tournaments/laver-cup/records/least,9210,laver-cup,"Laver Cup",A,2025
https://stats.tennismylife.org/tournaments/laver-cup/records/roundsonentries,9210,laver-cup,"Laver Cup",A,2025
https://stats.tennismylife.org/tournaments/leicester/records,6831,leicester,"Leicester",A,1970
https://stats.tennismylife.org/tournaments/leicester/records/count,6831,leicester,"Leicester",A,1970
https://stats.tennismylife.org/tournaments/leicester/records/count/titles,6831,leicester,"Leicester",A,1970
https://stats.tennismylife.org/tournaments/leicester/records/count/wins,6831,leicester,"Leicester",A,1970
https://stats.tennismylife.org/tournaments/leicester/records/count/played,6831,leicester,"Leicester",A,1970
https://stats.tennismylife.org/tournaments/leicester/records/count/entries,6831,leicester,"Leicester",A,1970
https://stats.tennismylife.org/tournaments/leicester/records/ages,6831,leicester,"Leicester",A,1970
https://stats.tennismylife.org/tournaments/leicester/records/ages/main,6831,leicester,"Leicester",A,1970
https://stats.tennismylife.org/tournaments/leicester/records/ages/titles,6831,leicester,"Leicester",A,1970
https://stats.tennismylife.org/tournaments/leicester/records/ages/oldestrounds,6831,leicester,"Leicester",A,1970
https://stats.tennismylife.org/tournaments/leicester/records/ages/youngestrounds,6831,leicester,"Leicester",A,1970
https://stats.tennismylife.org/tournaments/leicester/records/percentage,6831,leicester,"Leicester",A,1970
https://stats.tennismylife.org/tournaments/leicester/records/percentage/wins,6831,leicester,"Leicester",A,1970
https://stats.tennismylife.org/tournaments/leicester/records/percentage/rounds,6831,leicester,"Leicester",A,1970
https://stats.tennismylife.org/tournaments/leicester/records/streak,6831,leicester,"Leicester",A,1970
https://stats.tennismylife.org/tournaments/leicester/records/timespan,6831,leicester,"Leicester",A,1970
https://stats.tennismylife.org/tournaments/leicester/records/rounds,6831,leicester,"Leicester",A,1970
https://stats.tennismylife.org/tournaments/leicester/records/least,6831,leicester,"Leicester",A,1970
https://stats.tennismylife.org/tournaments/leicester/records/roundsonentries,6831,leicester,"Leicester",A,1970
https://stats.tennismylife.org/tournaments/lima-ntl/records,9329,lima-ntl,"Lima NTL",A,1968
https://stats.tennismylife.org/tournaments/lima-ntl/records/count,9329,lima-ntl,"Lima NTL",A,1968
https://stats.tennismylife.org/tournaments/lima-ntl/records/count/titles,9329,lima-ntl,"Lima NTL",A,1968
https://stats.tennismylife.org/tournaments/lima-ntl/records/count/wins,9329,lima-ntl,"Lima NTL",A,1968
https://stats.tennismylife.org/tournaments/lima-ntl/records/count/played,9329,lima-ntl,"Lima NTL",A,1968
https://stats.tennismylife.org/tournaments/lima-ntl/records/count/entries,9329,lima-ntl,"Lima NTL",A,1968
https://stats.tennismylife.org/tournaments/lima-ntl/records/ages,9329,lima-ntl,"Lima NTL",A,1968
https://stats.tennismylife.org/tournaments/lima-ntl/records/ages/main,9329,lima-ntl,"Lima NTL",A,1968
https://stats.tennismylife.org/tournaments/lima-ntl/records/ages/titles,9329,lima-ntl,"Lima NTL",A,1968
https://stats.tennismylife.org/tournaments/lima-ntl/records/ages/oldestrounds,9329,lima-ntl,"Lima NTL",A,1968
https://stats.tennismylife.org/tournaments/lima-ntl/records/ages/youngestrounds,9329,lima-ntl,"Lima NTL",A,1968
https://stats.tennismylife.org/tournaments/lima-ntl/records/percentage,9329,lima-ntl,"Lima NTL",A,1968
https://stats.tennismylife.org/tournaments/lima-ntl/records/percentage/wins,9329,lima-ntl,"Lima NTL",A,1968
https://stats.tennismylife.org/tournaments/lima-ntl/records/percentage/rounds,9329,lima-ntl,"Lima NTL",A,1968
https://stats.tennismylife.org/tournaments/lima-ntl/records/streak,9329,lima-ntl,"Lima NTL",A,1968
https://stats.tennismylife.org/tournaments/lima-ntl/records/timespan,9329,lima-ntl,"Lima NTL",A,1968
https://stats.tennismylife.org/tournaments/lima-ntl/records/rounds,9329,lima-ntl,"Lima NTL",A,1968
https://stats.tennismylife.org/tournaments/lima-ntl/records/least,9329,lima-ntl,"Lima NTL",A,1968
https://stats.tennismylife.org/tournaments/lima-ntl/records/roundsonentries,9329,lima-ntl,"Lima NTL",A,1968
https://stats.tennismylife.org/tournaments/linz/records,351,linz,"Linz",A,1982
https://stats.tennismylife.org/tournaments/linz/records/count,351,linz,"Linz",A,1982
https://stats.tennismylife.org/tournaments/linz/records/count/titles,351,linz,"Linz",A,1982
https://stats.tennismylife.org/tournaments/linz/records/count/wins,351,linz,"Linz",A,1982
https://stats.tennismylife.org/tournaments/linz/records/count/played,351,linz,"Linz",A,1982
https://stats.tennismylife.org/tournaments/linz/records/count/entries,351,linz,"Linz",A,1982
https://stats.tennismylife.org/tournaments/linz/records/ages,351,linz,"Linz",A,1982
https://stats.tennismylife.org/tournaments/linz/records/ages/main,351,linz,"Linz",A,1982
https://stats.tennismylife.org/tournaments/linz/records/ages/titles,351,linz,"Linz",A,1982
https://stats.tennismylife.org/tournaments/linz/records/ages/oldestrounds,351,linz,"Linz",A,1982
https://stats.tennismylife.org/tournaments/linz/records/ages/youngestrounds,351,linz,"Linz",A,1982
https://stats.tennismylife.org/tournaments/linz/records/percentage,351,linz,"Linz",A,1982
https://stats.tennismylife.org/tournaments/linz/records/percentage/wins,351,linz,"Linz",A,1982
https://stats.tennismylife.org/tournaments/linz/records/percentage/rounds,351,linz,"Linz",A,1982
https://stats.tennismylife.org/tournaments/linz/records/streak,351,linz,"Linz",A,1982
https://stats.tennismylife.org/tournaments/linz/records/timespan,351,linz,"Linz",A,1982
https://stats.tennismylife.org/tournaments/linz/records/rounds,351,linz,"Linz",A,1982
https://stats.tennismylife.org/tournaments/linz/records/least,351,linz,"Linz",A,1982
https://stats.tennismylife.org/tournaments/linz/records/roundsonentries,351,linz,"Linz",A,1982
https://stats.tennismylife.org/tournaments/lisbon/records,723,lisbon,"Lisbon",A,1983
https://stats.tennismylife.org/tournaments/lisbon/records/count,723,lisbon,"Lisbon",A,1983
https://stats.tennismylife.org/tournaments/lisbon/records/count/titles,723,lisbon,"Lisbon",A,1983
https://stats.tennismylife.org/tournaments/lisbon/records/count/wins,723,lisbon,"Lisbon",A,1983
https://stats.tennismylife.org/tournaments/lisbon/records/count/played,723,lisbon,"Lisbon",A,1983
https://stats.tennismylife.org/tournaments/lisbon/records/count/entries,723,lisbon,"Lisbon",A,1983
https://stats.tennismylife.org/tournaments/lisbon/records/ages,723,lisbon,"Lisbon",A,1983
https://stats.tennismylife.org/tournaments/lisbon/records/ages/main,723,lisbon,"Lisbon",A,1983
https://stats.tennismylife.org/tournaments/lisbon/records/ages/titles,723,lisbon,"Lisbon",A,1983
https://stats.tennismylife.org/tournaments/lisbon/records/ages/oldestrounds,723,lisbon,"Lisbon",A,1983
https://stats.tennismylife.org/tournaments/lisbon/records/ages/youngestrounds,723,lisbon,"Lisbon",A,1983
https://stats.tennismylife.org/tournaments/lisbon/records/percentage,723,lisbon,"Lisbon",A,1983
https://stats.tennismylife.org/tournaments/lisbon/records/percentage/wins,723,lisbon,"Lisbon",A,1983
https://stats.tennismylife.org/tournaments/lisbon/records/percentage/rounds,723,lisbon,"Lisbon",A,1983
https://stats.tennismylife.org/tournaments/lisbon/records/streak,723,lisbon,"Lisbon",A,1983
https://stats.tennismylife.org/tournaments/lisbon/records/timespan,723,lisbon,"Lisbon",A,1983
https://stats.tennismylife.org/tournaments/lisbon/records/rounds,723,lisbon,"Lisbon",A,1983
https://stats.tennismylife.org/tournaments/lisbon/records/least,723,lisbon,"Lisbon",A,1983
https://stats.tennismylife.org/tournaments/lisbon/records/roundsonentries,723,lisbon,"Lisbon",A,1983
https://stats.tennismylife.org/tournaments/little-rock/records,660,little-rock,"Little Rock",A,1979
https://stats.tennismylife.org/tournaments/little-rock/records/count,660,little-rock,"Little Rock",A,1979
https://stats.tennismylife.org/tournaments/little-rock/records/count/titles,660,little-rock,"Little Rock",A,1979
https://stats.tennismylife.org/tournaments/little-rock/records/count/wins,660,little-rock,"Little Rock",A,1979
https://stats.tennismylife.org/tournaments/little-rock/records/count/played,660,little-rock,"Little Rock",A,1979
https://stats.tennismylife.org/tournaments/little-rock/records/count/entries,660,little-rock,"Little Rock",A,1979
https://stats.tennismylife.org/tournaments/little-rock/records/ages,660,little-rock,"Little Rock",A,1979
https://stats.tennismylife.org/tournaments/little-rock/records/ages/main,660,little-rock,"Little Rock",A,1979
https://stats.tennismylife.org/tournaments/little-rock/records/ages/titles,660,little-rock,"Little Rock",A,1979
https://stats.tennismylife.org/tournaments/little-rock/records/ages/oldestrounds,660,little-rock,"Little Rock",A,1979
https://stats.tennismylife.org/tournaments/little-rock/records/ages/youngestrounds,660,little-rock,"Little Rock",A,1979
https://stats.tennismylife.org/tournaments/little-rock/records/percentage,660,little-rock,"Little Rock",A,1979
https://stats.tennismylife.org/tournaments/little-rock/records/percentage/wins,660,little-rock,"Little Rock",A,1979
https://stats.tennismylife.org/tournaments/little-rock/records/percentage/rounds,660,little-rock,"Little Rock",A,1979
https://stats.tennismylife.org/tournaments/little-rock/records/streak,660,little-rock,"Little Rock",A,1979
https://stats.tennismylife.org/tournaments/little-rock/records/timespan,660,little-rock,"Little Rock",A,1979
https://stats.tennismylife.org/tournaments/little-rock/records/rounds,660,little-rock,"Little Rock",A,1979
https://stats.tennismylife.org/tournaments/little-rock/records/least,660,little-rock,"Little Rock",A,1979
https://stats.tennismylife.org/tournaments/little-rock/records/roundsonentries,660,little-rock,"Little Rock",A,1979
https://stats.tennismylife.org/tournaments/livingston/records,318,livingston,"Livingston",A,1989
https://stats.tennismylife.org/tournaments/livingston/records/count,318,livingston,"Livingston",A,1989
https://stats.tennismylife.org/tournaments/livingston/records/count/titles,318,livingston,"Livingston",A,1989
https://stats.tennismylife.org/tournaments/livingston/records/count/wins,318,livingston,"Livingston",A,1989
https://stats.tennismylife.org/tournaments/livingston/records/count/played,318,livingston,"Livingston",A,1989
https://stats.tennismylife.org/tournaments/livingston/records/count/entries,318,livingston,"Livingston",A,1989
https://stats.tennismylife.org/tournaments/livingston/records/ages,318,livingston,"Livingston",A,1989
https://stats.tennismylife.org/tournaments/livingston/records/ages/main,318,livingston,"Livingston",A,1989
https://stats.tennismylife.org/tournaments/livingston/records/ages/titles,318,livingston,"Livingston",A,1989
https://stats.tennismylife.org/tournaments/livingston/records/ages/oldestrounds,318,livingston,"Livingston",A,1989
https://stats.tennismylife.org/tournaments/livingston/records/ages/youngestrounds,318,livingston,"Livingston",A,1989
https://stats.tennismylife.org/tournaments/livingston/records/percentage,318,livingston,"Livingston",A,1989
https://stats.tennismylife.org/tournaments/livingston/records/percentage/wins,318,livingston,"Livingston",A,1989
https://stats.tennismylife.org/tournaments/livingston/records/percentage/rounds,318,livingston,"Livingston",A,1989
https://stats.tennismylife.org/tournaments/livingston/records/streak,318,livingston,"Livingston",A,1989
https://stats.tennismylife.org/tournaments/livingston/records/timespan,318,livingston,"Livingston",A,1989
https://stats.tennismylife.org/tournaments/livingston/records/rounds,318,livingston,"Livingston",A,1989
https://stats.tennismylife.org/tournaments/livingston/records/least,318,livingston,"Livingston",A,1989
https://stats.tennismylife.org/tournaments/livingston/records/roundsonentries,318,livingston,"Livingston",A,1989
https://stats.tennismylife.org/tournaments/london/records,2016,london,"London",A,1976
https://stats.tennismylife.org/tournaments/london/records/count,2016,london,"London",A,1976
https://stats.tennismylife.org/tournaments/london/records/count/titles,2016,london,"London",A,1976
https://stats.tennismylife.org/tournaments/london/records/count/wins,2016,london,"London",A,1976
https://stats.tennismylife.org/tournaments/london/records/count/played,2016,london,"London",A,1976
https://stats.tennismylife.org/tournaments/london/records/count/entries,2016,london,"London",A,1976
https://stats.tennismylife.org/tournaments/london/records/ages,2016,london,"London",A,1976
https://stats.tennismylife.org/tournaments/london/records/ages/main,2016,london,"London",A,1976
https://stats.tennismylife.org/tournaments/london/records/ages/titles,2016,london,"London",A,1976
https://stats.tennismylife.org/tournaments/london/records/ages/oldestrounds,2016,london,"London",A,1976
https://stats.tennismylife.org/tournaments/london/records/ages/youngestrounds,2016,london,"London",A,1976
https://stats.tennismylife.org/tournaments/london/records/percentage,2016,london,"London",A,1976
https://stats.tennismylife.org/tournaments/london/records/percentage/wins,2016,london,"London",A,1976
https://stats.tennismylife.org/tournaments/london/records/percentage/rounds,2016,london,"London",A,1976
https://stats.tennismylife.org/tournaments/london/records/streak,2016,london,"London",A,1976
https://stats.tennismylife.org/tournaments/london/records/timespan,2016,london,"London",A,1976
https://stats.tennismylife.org/tournaments/london/records/rounds,2016,london,"London",A,1976
https://stats.tennismylife.org/tournaments/london/records/least,2016,london,"London",A,1976
https://stats.tennismylife.org/tournaments/london/records/roundsonentries,2016,london,"London",A,1976
https://stats.tennismylife.org/tournaments/london-1/records,2064,london-1,"London-1",A,1972
https://stats.tennismylife.org/tournaments/london-1/records/count,2064,london-1,"London-1",A,1972
https://stats.tennismylife.org/tournaments/london-1/records/count/titles,2064,london-1,"London-1",A,1972
https://stats.tennismylife.org/tournaments/london-1/records/count/wins,2064,london-1,"London-1",A,1972
https://stats.tennismylife.org/tournaments/london-1/records/count/played,2064,london-1,"London-1",A,1972
https://stats.tennismylife.org/tournaments/london-1/records/count/entries,2064,london-1,"London-1",A,1972
https://stats.tennismylife.org/tournaments/london-1/records/ages,2064,london-1,"London-1",A,1972
https://stats.tennismylife.org/tournaments/london-1/records/ages/main,2064,london-1,"London-1",A,1972
https://stats.tennismylife.org/tournaments/london-1/records/ages/titles,2064,london-1,"London-1",A,1972
https://stats.tennismylife.org/tournaments/london-1/records/ages/oldestrounds,2064,london-1,"London-1",A,1972
https://stats.tennismylife.org/tournaments/london-1/records/ages/youngestrounds,2064,london-1,"London-1",A,1972
https://stats.tennismylife.org/tournaments/london-1/records/percentage,2064,london-1,"London-1",A,1972
https://stats.tennismylife.org/tournaments/london-1/records/percentage/wins,2064,london-1,"London-1",A,1972
https://stats.tennismylife.org/tournaments/london-1/records/percentage/rounds,2064,london-1,"London-1",A,1972
https://stats.tennismylife.org/tournaments/london-1/records/streak,2064,london-1,"London-1",A,1972
https://stats.tennismylife.org/tournaments/london-1/records/timespan,2064,london-1,"London-1",A,1972
https://stats.tennismylife.org/tournaments/london-1/records/rounds,2064,london-1,"London-1",A,1972
https://stats.tennismylife.org/tournaments/london-1/records/least,2064,london-1,"London-1",A,1972
https://stats.tennismylife.org/tournaments/london-1/records/roundsonentries,2064,london-1,"London-1",A,1972
https://stats.tennismylife.org/tournaments/london-1-2/records,6812,london-1-2,"London-1",A,1970
https://stats.tennismylife.org/tournaments/london-1-2/records/count,6812,london-1-2,"London-1",A,1970
https://stats.tennismylife.org/tournaments/london-1-2/records/count/titles,6812,london-1-2,"London-1",A,1970
https://stats.tennismylife.org/tournaments/london-1-2/records/count/wins,6812,london-1-2,"London-1",A,1970
https://stats.tennismylife.org/tournaments/london-1-2/records/count/played,6812,london-1-2,"London-1",A,1970
https://stats.tennismylife.org/tournaments/london-1-2/records/count/entries,6812,london-1-2,"London-1",A,1970
https://stats.tennismylife.org/tournaments/london-1-2/records/ages,6812,london-1-2,"London-1",A,1970
https://stats.tennismylife.org/tournaments/london-1-2/records/ages/main,6812,london-1-2,"London-1",A,1970
https://stats.tennismylife.org/tournaments/london-1-2/records/ages/titles,6812,london-1-2,"London-1",A,1970
https://stats.tennismylife.org/tournaments/london-1-2/records/ages/oldestrounds,6812,london-1-2,"London-1",A,1970
https://stats.tennismylife.org/tournaments/london-1-2/records/ages/youngestrounds,6812,london-1-2,"London-1",A,1970
https://stats.tennismylife.org/tournaments/london-1-2/records/percentage,6812,london-1-2,"London-1",A,1970
https://stats.tennismylife.org/tournaments/london-1-2/records/percentage/wins,6812,london-1-2,"London-1",A,1970
https://stats.tennismylife.org/tournaments/london-1-2/records/percentage/rounds,6812,london-1-2,"London-1",A,1970
https://stats.tennismylife.org/tournaments/london-1-2/records/streak,6812,london-1-2,"London-1",A,1970
https://stats.tennismylife.org/tournaments/london-1-2/records/timespan,6812,london-1-2,"London-1",A,1970
https://stats.tennismylife.org/tournaments/london-1-2/records/rounds,6812,london-1-2,"London-1",A,1970
https://stats.tennismylife.org/tournaments/london-1-2/records/least,6812,london-1-2,"London-1",A,1970
https://stats.tennismylife.org/tournaments/london-1-2/records/roundsonentries,6812,london-1-2,"London-1",A,1970
https://stats.tennismylife.org/tournaments/london-2/records,9284,london-2,"London-2",A,1969
https://stats.tennismylife.org/tournaments/london-2/records/count,9284,london-2,"London-2",A,1969
https://stats.tennismylife.org/tournaments/london-2/records/count/titles,9284,london-2,"London-2",A,1969
https://stats.tennismylife.org/tournaments/london-2/records/count/wins,9284,london-2,"London-2",A,1969
https://stats.tennismylife.org/tournaments/london-2/records/count/played,9284,london-2,"London-2",A,1969
https://stats.tennismylife.org/tournaments/london-2/records/count/entries,9284,london-2,"London-2",A,1969
https://stats.tennismylife.org/tournaments/london-2/records/ages,9284,london-2,"London-2",A,1969
https://stats.tennismylife.org/tournaments/london-2/records/ages/main,9284,london-2,"London-2",A,1969
https://stats.tennismylife.org/tournaments/london-2/records/ages/titles,9284,london-2,"London-2",A,1969
https://stats.tennismylife.org/tournaments/london-2/records/ages/oldestrounds,9284,london-2,"London-2",A,1969
https://stats.tennismylife.org/tournaments/london-2/records/ages/youngestrounds,9284,london-2,"London-2",A,1969
https://stats.tennismylife.org/tournaments/london-2/records/percentage,9284,london-2,"London-2",A,1969
https://stats.tennismylife.org/tournaments/london-2/records/percentage/wins,9284,london-2,"London-2",A,1969
https://stats.tennismylife.org/tournaments/london-2/records/percentage/rounds,9284,london-2,"London-2",A,1969
https://stats.tennismylife.org/tournaments/london-2/records/streak,9284,london-2,"London-2",A,1969
https://stats.tennismylife.org/tournaments/london-2/records/timespan,9284,london-2,"London-2",A,1969
https://stats.tennismylife.org/tournaments/london-2/records/rounds,9284,london-2,"London-2",A,1969
https://stats.tennismylife.org/tournaments/london-2/records/least,9284,london-2,"London-2",A,1969
https://stats.tennismylife.org/tournaments/london-2/records/roundsonentries,9284,london-2,"London-2",A,1969
https://stats.tennismylife.org/tournaments/london-2-2/records,9332,london-2-2,"London-2",A,1968
https://stats.tennismylife.org/tournaments/london-2-2/records/count,9332,london-2-2,"London-2",A,1968
https://stats.tennismylife.org/tournaments/london-2-2/records/count/titles,9332,london-2-2,"London-2",A,1968
https://stats.tennismylife.org/tournaments/london-2-2/records/count/wins,9332,london-2-2,"London-2",A,1968
https://stats.tennismylife.org/tournaments/london-2-2/records/count/played,9332,london-2-2,"London-2",A,1968
https://stats.tennismylife.org/tournaments/london-2-2/records/count/entries,9332,london-2-2,"London-2",A,1968
https://stats.tennismylife.org/tournaments/london-2-2/records/ages,9332,london-2-2,"London-2",A,1968
https://stats.tennismylife.org/tournaments/london-2-2/records/ages/main,9332,london-2-2,"London-2",A,1968
https://stats.tennismylife.org/tournaments/london-2-2/records/ages/titles,9332,london-2-2,"London-2",A,1968
https://stats.tennismylife.org/tournaments/london-2-2/records/ages/oldestrounds,9332,london-2-2,"London-2",A,1968
https://stats.tennismylife.org/tournaments/london-2-2/records/ages/youngestrounds,9332,london-2-2,"London-2",A,1968
https://stats.tennismylife.org/tournaments/london-2-2/records/percentage,9332,london-2-2,"London-2",A,1968
https://stats.tennismylife.org/tournaments/london-2-2/records/percentage/wins,9332,london-2-2,"London-2",A,1968
https://stats.tennismylife.org/tournaments/london-2-2/records/percentage/rounds,9332,london-2-2,"London-2",A,1968
https://stats.tennismylife.org/tournaments/london-2-2/records/streak,9332,london-2-2,"London-2",A,1968
https://stats.tennismylife.org/tournaments/london-2-2/records/timespan,9332,london-2-2,"London-2",A,1968
https://stats.tennismylife.org/tournaments/london-2-2/records/rounds,9332,london-2-2,"London-2",A,1968
https://stats.tennismylife.org/tournaments/london-2-2/records/least,9332,london-2-2,"London-2",A,1968
https://stats.tennismylife.org/tournaments/london-2-2/records/roundsonentries,9332,london-2-2,"London-2",A,1968
https://stats.tennismylife.org/tournaments/london-wct/records,262,london-wct,"London WCT",A,1977
https://stats.tennismylife.org/tournaments/london-wct/records/count,262,london-wct,"London WCT",A,1977
https://stats.tennismylife.org/tournaments/london-wct/records/count/titles,262,london-wct,"London WCT",A,1977
https://stats.tennismylife.org/tournaments/london-wct/records/count/wins,262,london-wct,"London WCT",A,1977
https://stats.tennismylife.org/tournaments/london-wct/records/count/played,262,london-wct,"London WCT",A,1977
https://stats.tennismylife.org/tournaments/london-wct/records/count/entries,262,london-wct,"London WCT",A,1977
https://stats.tennismylife.org/tournaments/london-wct/records/ages,262,london-wct,"London WCT",A,1977
https://stats.tennismylife.org/tournaments/london-wct/records/ages/main,262,london-wct,"London WCT",A,1977
https://stats.tennismylife.org/tournaments/london-wct/records/ages/titles,262,london-wct,"London WCT",A,1977
https://stats.tennismylife.org/tournaments/london-wct/records/ages/oldestrounds,262,london-wct,"London WCT",A,1977
https://stats.tennismylife.org/tournaments/london-wct/records/ages/youngestrounds,262,london-wct,"London WCT",A,1977
https://stats.tennismylife.org/tournaments/london-wct/records/percentage,262,london-wct,"London WCT",A,1977
https://stats.tennismylife.org/tournaments/london-wct/records/percentage/wins,262,london-wct,"London WCT",A,1977
https://stats.tennismylife.org/tournaments/london-wct/records/percentage/rounds,262,london-wct,"London WCT",A,1977
https://stats.tennismylife.org/tournaments/london-wct/records/streak,262,london-wct,"London WCT",A,1977
https://stats.tennismylife.org/tournaments/london-wct/records/timespan,262,london-wct,"London WCT",A,1977
https://stats.tennismylife.org/tournaments/london-wct/records/rounds,262,london-wct,"London WCT",A,1977
https://stats.tennismylife.org/tournaments/london-wct/records/least,262,london-wct,"London WCT",A,1977
https://stats.tennismylife.org/tournaments/london-wct/records/roundsonentries,262,london-wct,"London WCT",A,1977
https://stats.tennismylife.org/tournaments/long-island/records,441,long-island,"Long Island",250,2004
https://stats.tennismylife.org/tournaments/long-island/records/count,441,long-island,"Long Island",250,2004
https://stats.tennismylife.org/tournaments/long-island/records/count/titles,441,long-island,"Long Island",250,2004
https://stats.tennismylife.org/tournaments/long-island/records/count/wins,441,long-island,"Long Island",250,2004
https://stats.tennismylife.org/tournaments/long-island/records/count/played,441,long-island,"Long Island",250,2004
https://stats.tennismylife.org/tournaments/long-island/records/count/entries,441,long-island,"Long Island",250,2004
https://stats.tennismylife.org/tournaments/long-island/records/ages,441,long-island,"Long Island",250,2004
https://stats.tennismylife.org/tournaments/long-island/records/ages/main,441,long-island,"Long Island",250,2004
https://stats.tennismylife.org/tournaments/long-island/records/ages/titles,441,long-island,"Long Island",250,2004
https://stats.tennismylife.org/tournaments/long-island/records/ages/oldestrounds,441,long-island,"Long Island",250,2004
https://stats.tennismylife.org/tournaments/long-island/records/ages/youngestrounds,441,long-island,"Long Island",250,2004
https://stats.tennismylife.org/tournaments/long-island/records/percentage,441,long-island,"Long Island",250,2004
https://stats.tennismylife.org/tournaments/long-island/records/percentage/wins,441,long-island,"Long Island",250,2004
https://stats.tennismylife.org/tournaments/long-island/records/percentage/rounds,441,long-island,"Long Island",250,2004
https://stats.tennismylife.org/tournaments/long-island/records/streak,441,long-island,"Long Island",250,2004
https://stats.tennismylife.org/tournaments/long-island/records/timespan,441,long-island,"Long Island",250,2004
https://stats.tennismylife.org/tournaments/long-island/records/rounds,441,long-island,"Long Island",250,2004
https://stats.tennismylife.org/tournaments/long-island/records/least,441,long-island,"Long Island",250,2004
https://stats.tennismylife.org/tournaments/long-island/records/roundsonentries,441,long-island,"Long Island",250,2004
https://stats.tennismylife.org/tournaments/long-island-wct/records,2018,long-island-wct,"Long Island WCT",A,1974
https://stats.tennismylife.org/tournaments/long-island-wct/records/count,2018,long-island-wct,"Long Island WCT",A,1974
https://stats.tennismylife.org/tournaments/long-island-wct/records/count/titles,2018,long-island-wct,"Long Island WCT",A,1974
https://stats.tennismylife.org/tournaments/long-island-wct/records/count/wins,2018,long-island-wct,"Long Island WCT",A,1974
https://stats.tennismylife.org/tournaments/long-island-wct/records/count/played,2018,long-island-wct,"Long Island WCT",A,1974
https://stats.tennismylife.org/tournaments/long-island-wct/records/count/entries,2018,long-island-wct,"Long Island WCT",A,1974
https://stats.tennismylife.org/tournaments/long-island-wct/records/ages,2018,long-island-wct,"Long Island WCT",A,1974
https://stats.tennismylife.org/tournaments/long-island-wct/records/ages/main,2018,long-island-wct,"Long Island WCT",A,1974
https://stats.tennismylife.org/tournaments/long-island-wct/records/ages/titles,2018,long-island-wct,"Long Island WCT",A,1974
https://stats.tennismylife.org/tournaments/long-island-wct/records/ages/oldestrounds,2018,long-island-wct,"Long Island WCT",A,1974
https://stats.tennismylife.org/tournaments/long-island-wct/records/ages/youngestrounds,2018,long-island-wct,"Long Island WCT",A,1974
https://stats.tennismylife.org/tournaments/long-island-wct/records/percentage,2018,long-island-wct,"Long Island WCT",A,1974
https://stats.tennismylife.org/tournaments/long-island-wct/records/percentage/wins,2018,long-island-wct,"Long Island WCT",A,1974
https://stats.tennismylife.org/tournaments/long-island-wct/records/percentage/rounds,2018,long-island-wct,"Long Island WCT",A,1974
https://stats.tennismylife.org/tournaments/long-island-wct/records/streak,2018,long-island-wct,"Long Island WCT",A,1974
https://stats.tennismylife.org/tournaments/long-island-wct/records/timespan,2018,long-island-wct,"Long Island WCT",A,1974
https://stats.tennismylife.org/tournaments/long-island-wct/records/rounds,2018,long-island-wct,"Long Island WCT",A,1974
https://stats.tennismylife.org/tournaments/long-island-wct/records/least,2018,long-island-wct,"Long Island WCT",A,1974
https://stats.tennismylife.org/tournaments/long-island-wct/records/roundsonentries,2018,long-island-wct,"Long Island WCT",A,1974
https://stats.tennismylife.org/tournaments/los-altos-hills-wct/records,9306,los-altos-hills-wct,"Los Altos Hills WCT",A,1968
https://stats.tennismylife.org/tournaments/los-altos-hills-wct/records/count,9306,los-altos-hills-wct,"Los Altos Hills WCT",A,1968
https://stats.tennismylife.org/tournaments/los-altos-hills-wct/records/count/titles,9306,los-altos-hills-wct,"Los Altos Hills WCT",A,1968
https://stats.tennismylife.org/tournaments/los-altos-hills-wct/records/count/wins,9306,los-altos-hills-wct,"Los Altos Hills WCT",A,1968
https://stats.tennismylife.org/tournaments/los-altos-hills-wct/records/count/played,9306,los-altos-hills-wct,"Los Altos Hills WCT",A,1968
https://stats.tennismylife.org/tournaments/los-altos-hills-wct/records/count/entries,9306,los-altos-hills-wct,"Los Altos Hills WCT",A,1968
https://stats.tennismylife.org/tournaments/los-altos-hills-wct/records/ages,9306,los-altos-hills-wct,"Los Altos Hills WCT",A,1968
https://stats.tennismylife.org/tournaments/los-altos-hills-wct/records/ages/main,9306,los-altos-hills-wct,"Los Altos Hills WCT",A,1968
https://stats.tennismylife.org/tournaments/los-altos-hills-wct/records/ages/titles,9306,los-altos-hills-wct,"Los Altos Hills WCT",A,1968
https://stats.tennismylife.org/tournaments/los-altos-hills-wct/records/ages/oldestrounds,9306,los-altos-hills-wct,"Los Altos Hills WCT",A,1968
https://stats.tennismylife.org/tournaments/los-altos-hills-wct/records/ages/youngestrounds,9306,los-altos-hills-wct,"Los Altos Hills WCT",A,1968
https://stats.tennismylife.org/tournaments/los-altos-hills-wct/records/percentage,9306,los-altos-hills-wct,"Los Altos Hills WCT",A,1968
https://stats.tennismylife.org/tournaments/los-altos-hills-wct/records/percentage/wins,9306,los-altos-hills-wct,"Los Altos Hills WCT",A,1968
https://stats.tennismylife.org/tournaments/los-altos-hills-wct/records/percentage/rounds,9306,los-altos-hills-wct,"Los Altos Hills WCT",A,1968
https://stats.tennismylife.org/tournaments/los-altos-hills-wct/records/streak,9306,los-altos-hills-wct,"Los Altos Hills WCT",A,1968
https://stats.tennismylife.org/tournaments/los-altos-hills-wct/records/timespan,9306,los-altos-hills-wct,"Los Altos Hills WCT",A,1968
https://stats.tennismylife.org/tournaments/los-altos-hills-wct/records/rounds,9306,los-altos-hills-wct,"Los Altos Hills WCT",A,1968
https://stats.tennismylife.org/tournaments/los-altos-hills-wct/records/least,9306,los-altos-hills-wct,"Los Altos Hills WCT",A,1968
https://stats.tennismylife.org/tournaments/los-altos-hills-wct/records/roundsonentries,9306,los-altos-hills-wct,"Los Altos Hills WCT",A,1968
https://stats.tennismylife.org/tournaments/los-angeles/records,423,los-angeles,"Los Angeles",A|250,2012
https://stats.tennismylife.org/tournaments/los-angeles/records/count,423,los-angeles,"Los Angeles",A|250,2012
https://stats.tennismylife.org/tournaments/los-angeles/records/count/titles,423,los-angeles,"Los Angeles",A|250,2012
https://stats.tennismylife.org/tournaments/los-angeles/records/count/wins,423,los-angeles,"Los Angeles",A|250,2012
https://stats.tennismylife.org/tournaments/los-angeles/records/count/played,423,los-angeles,"Los Angeles",A|250,2012
https://stats.tennismylife.org/tournaments/los-angeles/records/count/entries,423,los-angeles,"Los Angeles",A|250,2012
https://stats.tennismylife.org/tournaments/los-angeles/records/ages,423,los-angeles,"Los Angeles",A|250,2012
https://stats.tennismylife.org/tournaments/los-angeles/records/ages/main,423,los-angeles,"Los Angeles",A|250,2012
https://stats.tennismylife.org/tournaments/los-angeles/records/ages/titles,423,los-angeles,"Los Angeles",A|250,2012
https://stats.tennismylife.org/tournaments/los-angeles/records/ages/oldestrounds,423,los-angeles,"Los Angeles",A|250,2012
https://stats.tennismylife.org/tournaments/los-angeles/records/ages/youngestrounds,423,los-angeles,"Los Angeles",A|250,2012
https://stats.tennismylife.org/tournaments/los-angeles/records/percentage,423,los-angeles,"Los Angeles",A|250,2012
https://stats.tennismylife.org/tournaments/los-angeles/records/percentage/wins,423,los-angeles,"Los Angeles",A|250,2012
https://stats.tennismylife.org/tournaments/los-angeles/records/percentage/rounds,423,los-angeles,"Los Angeles",A|250,2012
https://stats.tennismylife.org/tournaments/los-angeles/records/streak,423,los-angeles,"Los Angeles",A|250,2012
https://stats.tennismylife.org/tournaments/los-angeles/records/timespan,423,los-angeles,"Los Angeles",A|250,2012
https://stats.tennismylife.org/tournaments/los-angeles/records/rounds,423,los-angeles,"Los Angeles",A|250,2012
https://stats.tennismylife.org/tournaments/los-angeles/records/least,423,los-angeles,"Los Angeles",A|250,2012
https://stats.tennismylife.org/tournaments/los-angeles/records/roundsonentries,423,los-angeles,"Los Angeles",A|250,2012
https://stats.tennismylife.org/tournaments/los-angeles-1/records,2057,los-angeles-1,"Los Angeles-1",A,1972
https://stats.tennismylife.org/tournaments/los-angeles-1/records/count,2057,los-angeles-1,"Los Angeles-1",A,1972
https://stats.tennismylife.org/tournaments/los-angeles-1/records/count/titles,2057,los-angeles-1,"Los Angeles-1",A,1972
https://stats.tennismylife.org/tournaments/los-angeles-1/records/count/wins,2057,los-angeles-1,"Los Angeles-1",A,1972
https://stats.tennismylife.org/tournaments/los-angeles-1/records/count/played,2057,los-angeles-1,"Los Angeles-1",A,1972
https://stats.tennismylife.org/tournaments/los-angeles-1/records/count/entries,2057,los-angeles-1,"Los Angeles-1",A,1972
https://stats.tennismylife.org/tournaments/los-angeles-1/records/ages,2057,los-angeles-1,"Los Angeles-1",A,1972
https://stats.tennismylife.org/tournaments/los-angeles-1/records/ages/main,2057,los-angeles-1,"Los Angeles-1",A,1972
https://stats.tennismylife.org/tournaments/los-angeles-1/records/ages/titles,2057,los-angeles-1,"Los Angeles-1",A,1972
https://stats.tennismylife.org/tournaments/los-angeles-1/records/ages/oldestrounds,2057,los-angeles-1,"Los Angeles-1",A,1972
https://stats.tennismylife.org/tournaments/los-angeles-1/records/ages/youngestrounds,2057,los-angeles-1,"Los Angeles-1",A,1972
https://stats.tennismylife.org/tournaments/los-angeles-1/records/percentage,2057,los-angeles-1,"Los Angeles-1",A,1972
https://stats.tennismylife.org/tournaments/los-angeles-1/records/percentage/wins,2057,los-angeles-1,"Los Angeles-1",A,1972
https://stats.tennismylife.org/tournaments/los-angeles-1/records/percentage/rounds,2057,los-angeles-1,"Los Angeles-1",A,1972
https://stats.tennismylife.org/tournaments/los-angeles-1/records/streak,2057,los-angeles-1,"Los Angeles-1",A,1972
https://stats.tennismylife.org/tournaments/los-angeles-1/records/timespan,2057,los-angeles-1,"Los Angeles-1",A,1972
https://stats.tennismylife.org/tournaments/los-angeles-1/records/rounds,2057,los-angeles-1,"Los Angeles-1",A,1972
https://stats.tennismylife.org/tournaments/los-angeles-1/records/least,2057,los-angeles-1,"Los Angeles-1",A,1972
https://stats.tennismylife.org/tournaments/los-angeles-1/records/roundsonentries,2057,los-angeles-1,"Los Angeles-1",A,1972
https://stats.tennismylife.org/tournaments/los-angeles-1-2/records,6811,los-angeles-1-2,"Los Angeles-1",A,1970
https://stats.tennismylife.org/tournaments/los-angeles-1-2/records/count,6811,los-angeles-1-2,"Los Angeles-1",A,1970
https://stats.tennismylife.org/tournaments/los-angeles-1-2/records/count/titles,6811,los-angeles-1-2,"Los Angeles-1",A,1970
https://stats.tennismylife.org/tournaments/los-angeles-1-2/records/count/wins,6811,los-angeles-1-2,"Los Angeles-1",A,1970
https://stats.tennismylife.org/tournaments/los-angeles-1-2/records/count/played,6811,los-angeles-1-2,"Los Angeles-1",A,1970
https://stats.tennismylife.org/tournaments/los-angeles-1-2/records/count/entries,6811,los-angeles-1-2,"Los Angeles-1",A,1970
https://stats.tennismylife.org/tournaments/los-angeles-1-2/records/ages,6811,los-angeles-1-2,"Los Angeles-1",A,1970
https://stats.tennismylife.org/tournaments/los-angeles-1-2/records/ages/main,6811,los-angeles-1-2,"Los Angeles-1",A,1970
https://stats.tennismylife.org/tournaments/los-angeles-1-2/records/ages/titles,6811,los-angeles-1-2,"Los Angeles-1",A,1970
https://stats.tennismylife.org/tournaments/los-angeles-1-2/records/ages/oldestrounds,6811,los-angeles-1-2,"Los Angeles-1",A,1970
https://stats.tennismylife.org/tournaments/los-angeles-1-2/records/ages/youngestrounds,6811,los-angeles-1-2,"Los Angeles-1",A,1970
https://stats.tennismylife.org/tournaments/los-angeles-1-2/records/percentage,6811,los-angeles-1-2,"Los Angeles-1",A,1970
https://stats.tennismylife.org/tournaments/los-angeles-1-2/records/percentage/wins,6811,los-angeles-1-2,"Los Angeles-1",A,1970
https://stats.tennismylife.org/tournaments/los-angeles-1-2/records/percentage/rounds,6811,los-angeles-1-2,"Los Angeles-1",A,1970
https://stats.tennismylife.org/tournaments/los-angeles-1-2/records/streak,6811,los-angeles-1-2,"Los Angeles-1",A,1970
https://stats.tennismylife.org/tournaments/los-angeles-1-2/records/timespan,6811,los-angeles-1-2,"Los Angeles-1",A,1970
https://stats.tennismylife.org/tournaments/los-angeles-1-2/records/rounds,6811,los-angeles-1-2,"Los Angeles-1",A,1970
https://stats.tennismylife.org/tournaments/los-angeles-1-2/records/least,6811,los-angeles-1-2,"Los Angeles-1",A,1970
https://stats.tennismylife.org/tournaments/los-angeles-1-2/records/roundsonentries,6811,los-angeles-1-2,"Los Angeles-1",A,1970
https://stats.tennismylife.org/tournaments/los-angeles-2/records,2006,los-angeles-2,"Los Angeles-2",A,1977
https://stats.tennismylife.org/tournaments/los-angeles-2/records/count,2006,los-angeles-2,"Los Angeles-2",A,1977
https://stats.tennismylife.org/tournaments/los-angeles-2/records/count/titles,2006,los-angeles-2,"Los Angeles-2",A,1977
https://stats.tennismylife.org/tournaments/los-angeles-2/records/count/wins,2006,los-angeles-2,"Los Angeles-2",A,1977
https://stats.tennismylife.org/tournaments/los-angeles-2/records/count/played,2006,los-angeles-2,"Los Angeles-2",A,1977
https://stats.tennismylife.org/tournaments/los-angeles-2/records/count/entries,2006,los-angeles-2,"Los Angeles-2",A,1977
https://stats.tennismylife.org/tournaments/los-angeles-2/records/ages,2006,los-angeles-2,"Los Angeles-2",A,1977
https://stats.tennismylife.org/tournaments/los-angeles-2/records/ages/main,2006,los-angeles-2,"Los Angeles-2",A,1977
https://stats.tennismylife.org/tournaments/los-angeles-2/records/ages/titles,2006,los-angeles-2,"Los Angeles-2",A,1977
https://stats.tennismylife.org/tournaments/los-angeles-2/records/ages/oldestrounds,2006,los-angeles-2,"Los Angeles-2",A,1977
https://stats.tennismylife.org/tournaments/los-angeles-2/records/ages/youngestrounds,2006,los-angeles-2,"Los Angeles-2",A,1977
https://stats.tennismylife.org/tournaments/los-angeles-2/records/percentage,2006,los-angeles-2,"Los Angeles-2",A,1977
https://stats.tennismylife.org/tournaments/los-angeles-2/records/percentage/wins,2006,los-angeles-2,"Los Angeles-2",A,1977
https://stats.tennismylife.org/tournaments/los-angeles-2/records/percentage/rounds,2006,los-angeles-2,"Los Angeles-2",A,1977
https://stats.tennismylife.org/tournaments/los-angeles-2/records/streak,2006,los-angeles-2,"Los Angeles-2",A,1977
https://stats.tennismylife.org/tournaments/los-angeles-2/records/timespan,2006,los-angeles-2,"Los Angeles-2",A,1977
https://stats.tennismylife.org/tournaments/los-angeles-2/records/rounds,2006,los-angeles-2,"Los Angeles-2",A,1977
https://stats.tennismylife.org/tournaments/los-angeles-2/records/least,2006,los-angeles-2,"Los Angeles-2",A,1977
https://stats.tennismylife.org/tournaments/los-angeles-2/records/roundsonentries,2006,los-angeles-2,"Los Angeles-2",A,1977
https://stats.tennismylife.org/tournaments/los-angeles-wct/records,814,los-angeles-wct,"Los Angeles WCT",A,1982
https://stats.tennismylife.org/tournaments/los-angeles-wct/records/count,814,los-angeles-wct,"Los Angeles WCT",A,1982
https://stats.tennismylife.org/tournaments/los-angeles-wct/records/count/titles,814,los-angeles-wct,"Los Angeles WCT",A,1982
https://stats.tennismylife.org/tournaments/los-angeles-wct/records/count/wins,814,los-angeles-wct,"Los Angeles WCT",A,1982
https://stats.tennismylife.org/tournaments/los-angeles-wct/records/count/played,814,los-angeles-wct,"Los Angeles WCT",A,1982
https://stats.tennismylife.org/tournaments/los-angeles-wct/records/count/entries,814,los-angeles-wct,"Los Angeles WCT",A,1982
https://stats.tennismylife.org/tournaments/los-angeles-wct/records/ages,814,los-angeles-wct,"Los Angeles WCT",A,1982
https://stats.tennismylife.org/tournaments/los-angeles-wct/records/ages/main,814,los-angeles-wct,"Los Angeles WCT",A,1982
https://stats.tennismylife.org/tournaments/los-angeles-wct/records/ages/titles,814,los-angeles-wct,"Los Angeles WCT",A,1982
https://stats.tennismylife.org/tournaments/los-angeles-wct/records/ages/oldestrounds,814,los-angeles-wct,"Los Angeles WCT",A,1982
https://stats.tennismylife.org/tournaments/los-angeles-wct/records/ages/youngestrounds,814,los-angeles-wct,"Los Angeles WCT",A,1982
https://stats.tennismylife.org/tournaments/los-angeles-wct/records/percentage,814,los-angeles-wct,"Los Angeles WCT",A,1982
https://stats.tennismylife.org/tournaments/los-angeles-wct/records/percentage/wins,814,los-angeles-wct,"Los Angeles WCT",A,1982
https://stats.tennismylife.org/tournaments/los-angeles-wct/records/percentage/rounds,814,los-angeles-wct,"Los Angeles WCT",A,1982
https://stats.tennismylife.org/tournaments/los-angeles-wct/records/streak,814,los-angeles-wct,"Los Angeles WCT",A,1982
https://stats.tennismylife.org/tournaments/los-angeles-wct/records/timespan,814,los-angeles-wct,"Los Angeles WCT",A,1982
https://stats.tennismylife.org/tournaments/los-angeles-wct/records/rounds,814,los-angeles-wct,"Los Angeles WCT",A,1982
https://stats.tennismylife.org/tournaments/los-angeles-wct/records/least,814,los-angeles-wct,"Los Angeles WCT",A,1982
https://stats.tennismylife.org/tournaments/los-angeles-wct/records/roundsonentries,814,los-angeles-wct,"Los Angeles WCT",A,1982
https://stats.tennismylife.org/tournaments/louisville/records,663,louisville,"Louisville",A,1978
https://stats.tennismylife.org/tournaments/louisville/records/count,663,louisville,"Louisville",A,1978
https://stats.tennismylife.org/tournaments/louisville/records/count/titles,663,louisville,"Louisville",A,1978
https://stats.tennismylife.org/tournaments/louisville/records/count/wins,663,louisville,"Louisville",A,1978
https://stats.tennismylife.org/tournaments/louisville/records/count/played,663,louisville,"Louisville",A,1978
https://stats.tennismylife.org/tournaments/louisville/records/count/entries,663,louisville,"Louisville",A,1978
https://stats.tennismylife.org/tournaments/louisville/records/ages,663,louisville,"Louisville",A,1978
https://stats.tennismylife.org/tournaments/louisville/records/ages/main,663,louisville,"Louisville",A,1978
https://stats.tennismylife.org/tournaments/louisville/records/ages/titles,663,louisville,"Louisville",A,1978
https://stats.tennismylife.org/tournaments/louisville/records/ages/oldestrounds,663,louisville,"Louisville",A,1978
https://stats.tennismylife.org/tournaments/louisville/records/ages/youngestrounds,663,louisville,"Louisville",A,1978
https://stats.tennismylife.org/tournaments/louisville/records/percentage,663,louisville,"Louisville",A,1978
https://stats.tennismylife.org/tournaments/louisville/records/percentage/wins,663,louisville,"Louisville",A,1978
https://stats.tennismylife.org/tournaments/louisville/records/percentage/rounds,663,louisville,"Louisville",A,1978
https://stats.tennismylife.org/tournaments/louisville/records/streak,663,louisville,"Louisville",A,1978
https://stats.tennismylife.org/tournaments/louisville/records/timespan,663,louisville,"Louisville",A,1978
https://stats.tennismylife.org/tournaments/louisville/records/rounds,663,louisville,"Louisville",A,1978
https://stats.tennismylife.org/tournaments/louisville/records/least,663,louisville,"Louisville",A,1978
https://stats.tennismylife.org/tournaments/louisville/records/roundsonentries,663,louisville,"Louisville",A,1978
https://stats.tennismylife.org/tournaments/louisville-2/records,1727,louisville-2,"Louisville",A,1979
https://stats.tennismylife.org/tournaments/louisville-2/records/count,1727,louisville-2,"Louisville",A,1979
https://stats.tennismylife.org/tournaments/louisville-2/records/count/titles,1727,louisville-2,"Louisville",A,1979
https://stats.tennismylife.org/tournaments/louisville-2/records/count/wins,1727,louisville-2,"Louisville",A,1979
https://stats.tennismylife.org/tournaments/louisville-2/records/count/played,1727,louisville-2,"Louisville",A,1979
https://stats.tennismylife.org/tournaments/louisville-2/records/count/entries,1727,louisville-2,"Louisville",A,1979
https://stats.tennismylife.org/tournaments/louisville-2/records/ages,1727,louisville-2,"Louisville",A,1979
https://stats.tennismylife.org/tournaments/louisville-2/records/ages/main,1727,louisville-2,"Louisville",A,1979
https://stats.tennismylife.org/tournaments/louisville-2/records/ages/titles,1727,louisville-2,"Louisville",A,1979
https://stats.tennismylife.org/tournaments/louisville-2/records/ages/oldestrounds,1727,louisville-2,"Louisville",A,1979
https://stats.tennismylife.org/tournaments/louisville-2/records/ages/youngestrounds,1727,louisville-2,"Louisville",A,1979
https://stats.tennismylife.org/tournaments/louisville-2/records/percentage,1727,louisville-2,"Louisville",A,1979
https://stats.tennismylife.org/tournaments/louisville-2/records/percentage/wins,1727,louisville-2,"Louisville",A,1979
https://stats.tennismylife.org/tournaments/louisville-2/records/percentage/rounds,1727,louisville-2,"Louisville",A,1979
https://stats.tennismylife.org/tournaments/louisville-2/records/streak,1727,louisville-2,"Louisville",A,1979
https://stats.tennismylife.org/tournaments/louisville-2/records/timespan,1727,louisville-2,"Louisville",A,1979
https://stats.tennismylife.org/tournaments/louisville-2/records/rounds,1727,louisville-2,"Louisville",A,1979
https://stats.tennismylife.org/tournaments/louisville-2/records/least,1727,louisville-2,"Louisville",A,1979
https://stats.tennismylife.org/tournaments/louisville-2/records/roundsonentries,1727,louisville-2,"Louisville",A,1979
https://stats.tennismylife.org/tournaments/lugano/records,9334,lugano,"Lugano",A,1968
https://stats.tennismylife.org/tournaments/lugano/records/count,9334,lugano,"Lugano",A,1968
https://stats.tennismylife.org/tournaments/lugano/records/count/titles,9334,lugano,"Lugano",A,1968
https://stats.tennismylife.org/tournaments/lugano/records/count/wins,9334,lugano,"Lugano",A,1968
https://stats.tennismylife.org/tournaments/lugano/records/count/played,9334,lugano,"Lugano",A,1968
https://stats.tennismylife.org/tournaments/lugano/records/count/entries,9334,lugano,"Lugano",A,1968
https://stats.tennismylife.org/tournaments/lugano/records/ages,9334,lugano,"Lugano",A,1968
https://stats.tennismylife.org/tournaments/lugano/records/ages/main,9334,lugano,"Lugano",A,1968
https://stats.tennismylife.org/tournaments/lugano/records/ages/titles,9334,lugano,"Lugano",A,1968
https://stats.tennismylife.org/tournaments/lugano/records/ages/oldestrounds,9334,lugano,"Lugano",A,1968
https://stats.tennismylife.org/tournaments/lugano/records/ages/youngestrounds,9334,lugano,"Lugano",A,1968
https://stats.tennismylife.org/tournaments/lugano/records/percentage,9334,lugano,"Lugano",A,1968
https://stats.tennismylife.org/tournaments/lugano/records/percentage/wins,9334,lugano,"Lugano",A,1968
https://stats.tennismylife.org/tournaments/lugano/records/percentage/rounds,9334,lugano,"Lugano",A,1968
https://stats.tennismylife.org/tournaments/lugano/records/streak,9334,lugano,"Lugano",A,1968
https://stats.tennismylife.org/tournaments/lugano/records/timespan,9334,lugano,"Lugano",A,1968
https://stats.tennismylife.org/tournaments/lugano/records/rounds,9334,lugano,"Lugano",A,1968
https://stats.tennismylife.org/tournaments/lugano/records/least,9334,lugano,"Lugano",A,1968
https://stats.tennismylife.org/tournaments/lugano/records/roundsonentries,9334,lugano,"Lugano",A,1968
https://stats.tennismylife.org/tournaments/luxembourg/records,431,luxembourg,"Luxembourg",A,1984
https://stats.tennismylife.org/tournaments/luxembourg/records/count,431,luxembourg,"Luxembourg",A,1984
https://stats.tennismylife.org/tournaments/luxembourg/records/count/titles,431,luxembourg,"Luxembourg",A,1984
https://stats.tennismylife.org/tournaments/luxembourg/records/count/wins,431,luxembourg,"Luxembourg",A,1984
https://stats.tennismylife.org/tournaments/luxembourg/records/count/played,431,luxembourg,"Luxembourg",A,1984
https://stats.tennismylife.org/tournaments/luxembourg/records/count/entries,431,luxembourg,"Luxembourg",A,1984
https://stats.tennismylife.org/tournaments/luxembourg/records/ages,431,luxembourg,"Luxembourg",A,1984
https://stats.tennismylife.org/tournaments/luxembourg/records/ages/main,431,luxembourg,"Luxembourg",A,1984
https://stats.tennismylife.org/tournaments/luxembourg/records/ages/titles,431,luxembourg,"Luxembourg",A,1984
https://stats.tennismylife.org/tournaments/luxembourg/records/ages/oldestrounds,431,luxembourg,"Luxembourg",A,1984
https://stats.tennismylife.org/tournaments/luxembourg/records/ages/youngestrounds,431,luxembourg,"Luxembourg",A,1984
https://stats.tennismylife.org/tournaments/luxembourg/records/percentage,431,luxembourg,"Luxembourg",A,1984
https://stats.tennismylife.org/tournaments/luxembourg/records/percentage/wins,431,luxembourg,"Luxembourg",A,1984
https://stats.tennismylife.org/tournaments/luxembourg/records/percentage/rounds,431,luxembourg,"Luxembourg",A,1984
https://stats.tennismylife.org/tournaments/luxembourg/records/streak,431,luxembourg,"Luxembourg",A,1984
https://stats.tennismylife.org/tournaments/luxembourg/records/timespan,431,luxembourg,"Luxembourg",A,1984
https://stats.tennismylife.org/tournaments/luxembourg/records/rounds,431,luxembourg,"Luxembourg",A,1984
https://stats.tennismylife.org/tournaments/luxembourg/records/least,431,luxembourg,"Luxembourg",A,1984
https://stats.tennismylife.org/tournaments/luxembourg/records/roundsonentries,431,luxembourg,"Luxembourg",A,1984
https://stats.tennismylife.org/tournaments/lyon/records,7309,lyon,"Lyon",A|250,2009
https://stats.tennismylife.org/tournaments/lyon/records/count,7309,lyon,"Lyon",A|250,2009
https://stats.tennismylife.org/tournaments/lyon/records/count/titles,7309,lyon,"Lyon",A|250,2009
https://stats.tennismylife.org/tournaments/lyon/records/count/wins,7309,lyon,"Lyon",A|250,2009
https://stats.tennismylife.org/tournaments/lyon/records/count/played,7309,lyon,"Lyon",A|250,2009
https://stats.tennismylife.org/tournaments/lyon/records/count/entries,7309,lyon,"Lyon",A|250,2009
https://stats.tennismylife.org/tournaments/lyon/records/ages,7309,lyon,"Lyon",A|250,2009
https://stats.tennismylife.org/tournaments/lyon/records/ages/main,7309,lyon,"Lyon",A|250,2009
https://stats.tennismylife.org/tournaments/lyon/records/ages/titles,7309,lyon,"Lyon",A|250,2009
https://stats.tennismylife.org/tournaments/lyon/records/ages/oldestrounds,7309,lyon,"Lyon",A|250,2009
https://stats.tennismylife.org/tournaments/lyon/records/ages/youngestrounds,7309,lyon,"Lyon",A|250,2009
https://stats.tennismylife.org/tournaments/lyon/records/percentage,7309,lyon,"Lyon",A|250,2009
https://stats.tennismylife.org/tournaments/lyon/records/percentage/wins,7309,lyon,"Lyon",A|250,2009
https://stats.tennismylife.org/tournaments/lyon/records/percentage/rounds,7309,lyon,"Lyon",A|250,2009
https://stats.tennismylife.org/tournaments/lyon/records/streak,7309,lyon,"Lyon",A|250,2009
https://stats.tennismylife.org/tournaments/lyon/records/timespan,7309,lyon,"Lyon",A|250,2009
https://stats.tennismylife.org/tournaments/lyon/records/rounds,7309,lyon,"Lyon",A|250,2009
https://stats.tennismylife.org/tournaments/lyon/records/least,7309,lyon,"Lyon",A|250,2009
https://stats.tennismylife.org/tournaments/lyon/records/roundsonentries,7309,lyon,"Lyon",A|250,2009
https://stats.tennismylife.org/tournaments/maceio/records,201,maceio,"Maceio",A|250,1992
https://stats.tennismylife.org/tournaments/maceio/records/count,201,maceio,"Maceio",A|250,1992
https://stats.tennismylife.org/tournaments/maceio/records/count/titles,201,maceio,"Maceio",A|250,1992
https://stats.tennismylife.org/tournaments/maceio/records/count/wins,201,maceio,"Maceio",A|250,1992
https://stats.tennismylife.org/tournaments/maceio/records/count/played,201,maceio,"Maceio",A|250,1992
https://stats.tennismylife.org/tournaments/maceio/records/count/entries,201,maceio,"Maceio",A|250,1992
https://stats.tennismylife.org/tournaments/maceio/records/ages,201,maceio,"Maceio",A|250,1992
https://stats.tennismylife.org/tournaments/maceio/records/ages/main,201,maceio,"Maceio",A|250,1992
https://stats.tennismylife.org/tournaments/maceio/records/ages/titles,201,maceio,"Maceio",A|250,1992
https://stats.tennismylife.org/tournaments/maceio/records/ages/oldestrounds,201,maceio,"Maceio",A|250,1992
https://stats.tennismylife.org/tournaments/maceio/records/ages/youngestrounds,201,maceio,"Maceio",A|250,1992
https://stats.tennismylife.org/tournaments/maceio/records/percentage,201,maceio,"Maceio",A|250,1992
https://stats.tennismylife.org/tournaments/maceio/records/percentage/wins,201,maceio,"Maceio",A|250,1992
https://stats.tennismylife.org/tournaments/maceio/records/percentage/rounds,201,maceio,"Maceio",A|250,1992
https://stats.tennismylife.org/tournaments/maceio/records/streak,201,maceio,"Maceio",A|250,1992
https://stats.tennismylife.org/tournaments/maceio/records/timespan,201,maceio,"Maceio",A|250,1992
https://stats.tennismylife.org/tournaments/maceio/records/rounds,201,maceio,"Maceio",A|250,1992
https://stats.tennismylife.org/tournaments/maceio/records/least,201,maceio,"Maceio",A|250,1992
https://stats.tennismylife.org/tournaments/maceio/records/roundsonentries,201,maceio,"Maceio",A|250,1992
https://stats.tennismylife.org/tournaments/macon-wct/records,2066,macon-wct,"Macon WCT",A,1972
https://stats.tennismylife.org/tournaments/macon-wct/records/count,2066,macon-wct,"Macon WCT",A,1972
https://stats.tennismylife.org/tournaments/macon-wct/records/count/titles,2066,macon-wct,"Macon WCT",A,1972
https://stats.tennismylife.org/tournaments/macon-wct/records/count/wins,2066,macon-wct,"Macon WCT",A,1972
https://stats.tennismylife.org/tournaments/macon-wct/records/count/played,2066,macon-wct,"Macon WCT",A,1972
https://stats.tennismylife.org/tournaments/macon-wct/records/count/entries,2066,macon-wct,"Macon WCT",A,1972
https://stats.tennismylife.org/tournaments/macon-wct/records/ages,2066,macon-wct,"Macon WCT",A,1972
https://stats.tennismylife.org/tournaments/macon-wct/records/ages/main,2066,macon-wct,"Macon WCT",A,1972
https://stats.tennismylife.org/tournaments/macon-wct/records/ages/titles,2066,macon-wct,"Macon WCT",A,1972
https://stats.tennismylife.org/tournaments/macon-wct/records/ages/oldestrounds,2066,macon-wct,"Macon WCT",A,1972
https://stats.tennismylife.org/tournaments/macon-wct/records/ages/youngestrounds,2066,macon-wct,"Macon WCT",A,1972
https://stats.tennismylife.org/tournaments/macon-wct/records/percentage,2066,macon-wct,"Macon WCT",A,1972
https://stats.tennismylife.org/tournaments/macon-wct/records/percentage/wins,2066,macon-wct,"Macon WCT",A,1972
https://stats.tennismylife.org/tournaments/macon-wct/records/percentage/rounds,2066,macon-wct,"Macon WCT",A,1972
https://stats.tennismylife.org/tournaments/macon-wct/records/streak,2066,macon-wct,"Macon WCT",A,1972
https://stats.tennismylife.org/tournaments/macon-wct/records/timespan,2066,macon-wct,"Macon WCT",A,1972
https://stats.tennismylife.org/tournaments/macon-wct/records/rounds,2066,macon-wct,"Macon WCT",A,1972
https://stats.tennismylife.org/tournaments/macon-wct/records/least,2066,macon-wct,"Macon WCT",A,1972
https://stats.tennismylife.org/tournaments/macon-wct/records/roundsonentries,2066,macon-wct,"Macon WCT",A,1972
https://stats.tennismylife.org/tournaments/madrid/records,309,madrid,"Madrid",A|250,1994
https://stats.tennismylife.org/tournaments/madrid/records/count,309,madrid,"Madrid",A|250,1994
https://stats.tennismylife.org/tournaments/madrid/records/count/titles,309,madrid,"Madrid",A|250,1994
https://stats.tennismylife.org/tournaments/madrid/records/count/wins,309,madrid,"Madrid",A|250,1994
https://stats.tennismylife.org/tournaments/madrid/records/count/played,309,madrid,"Madrid",A|250,1994
https://stats.tennismylife.org/tournaments/madrid/records/count/entries,309,madrid,"Madrid",A|250,1994
https://stats.tennismylife.org/tournaments/madrid/records/ages,309,madrid,"Madrid",A|250,1994
https://stats.tennismylife.org/tournaments/madrid/records/ages/main,309,madrid,"Madrid",A|250,1994
https://stats.tennismylife.org/tournaments/madrid/records/ages/titles,309,madrid,"Madrid",A|250,1994
https://stats.tennismylife.org/tournaments/madrid/records/ages/oldestrounds,309,madrid,"Madrid",A|250,1994
https://stats.tennismylife.org/tournaments/madrid/records/ages/youngestrounds,309,madrid,"Madrid",A|250,1994
https://stats.tennismylife.org/tournaments/madrid/records/percentage,309,madrid,"Madrid",A|250,1994
https://stats.tennismylife.org/tournaments/madrid/records/percentage/wins,309,madrid,"Madrid",A|250,1994
https://stats.tennismylife.org/tournaments/madrid/records/percentage/rounds,309,madrid,"Madrid",A|250,1994
https://stats.tennismylife.org/tournaments/madrid/records/streak,309,madrid,"Madrid",A|250,1994
https://stats.tennismylife.org/tournaments/madrid/records/timespan,309,madrid,"Madrid",A|250,1994
https://stats.tennismylife.org/tournaments/madrid/records/rounds,309,madrid,"Madrid",A|250,1994
https://stats.tennismylife.org/tournaments/madrid/records/least,309,madrid,"Madrid",A|250,1994
https://stats.tennismylife.org/tournaments/madrid/records/roundsonentries,309,madrid,"Madrid",A|250,1994
https://stats.tennismylife.org/tournaments/madrid-1/records,2026,madrid-1,"Madrid-1",A,1975
https://stats.tennismylife.org/tournaments/madrid-1/records/count,2026,madrid-1,"Madrid-1",A,1975
https://stats.tennismylife.org/tournaments/madrid-1/records/count/titles,2026,madrid-1,"Madrid-1",A,1975
https://stats.tennismylife.org/tournaments/madrid-1/records/count/wins,2026,madrid-1,"Madrid-1",A,1975
https://stats.tennismylife.org/tournaments/madrid-1/records/count/played,2026,madrid-1,"Madrid-1",A,1975
https://stats.tennismylife.org/tournaments/madrid-1/records/count/entries,2026,madrid-1,"Madrid-1",A,1975
https://stats.tennismylife.org/tournaments/madrid-1/records/ages,2026,madrid-1,"Madrid-1",A,1975
https://stats.tennismylife.org/tournaments/madrid-1/records/ages/main,2026,madrid-1,"Madrid-1",A,1975
https://stats.tennismylife.org/tournaments/madrid-1/records/ages/titles,2026,madrid-1,"Madrid-1",A,1975
https://stats.tennismylife.org/tournaments/madrid-1/records/ages/oldestrounds,2026,madrid-1,"Madrid-1",A,1975
https://stats.tennismylife.org/tournaments/madrid-1/records/ages/youngestrounds,2026,madrid-1,"Madrid-1",A,1975
https://stats.tennismylife.org/tournaments/madrid-1/records/percentage,2026,madrid-1,"Madrid-1",A,1975
https://stats.tennismylife.org/tournaments/madrid-1/records/percentage/wins,2026,madrid-1,"Madrid-1",A,1975
https://stats.tennismylife.org/tournaments/madrid-1/records/percentage/rounds,2026,madrid-1,"Madrid-1",A,1975
https://stats.tennismylife.org/tournaments/madrid-1/records/streak,2026,madrid-1,"Madrid-1",A,1975
https://stats.tennismylife.org/tournaments/madrid-1/records/timespan,2026,madrid-1,"Madrid-1",A,1975
https://stats.tennismylife.org/tournaments/madrid-1/records/rounds,2026,madrid-1,"Madrid-1",A,1975
https://stats.tennismylife.org/tournaments/madrid-1/records/least,2026,madrid-1,"Madrid-1",A,1975
https://stats.tennismylife.org/tournaments/madrid-1/records/roundsonentries,2026,madrid-1,"Madrid-1",A,1975
https://stats.tennismylife.org/tournaments/madrid-2/records,2015,madrid-2,"Madrid-2",A,1976
https://stats.tennismylife.org/tournaments/madrid-2/records/count,2015,madrid-2,"Madrid-2",A,1976
https://stats.tennismylife.org/tournaments/madrid-2/records/count/titles,2015,madrid-2,"Madrid-2",A,1976
https://stats.tennismylife.org/tournaments/madrid-2/records/count/wins,2015,madrid-2,"Madrid-2",A,1976
https://stats.tennismylife.org/tournaments/madrid-2/records/count/played,2015,madrid-2,"Madrid-2",A,1976
https://stats.tennismylife.org/tournaments/madrid-2/records/count/entries,2015,madrid-2,"Madrid-2",A,1976
https://stats.tennismylife.org/tournaments/madrid-2/records/ages,2015,madrid-2,"Madrid-2",A,1976
https://stats.tennismylife.org/tournaments/madrid-2/records/ages/main,2015,madrid-2,"Madrid-2",A,1976
https://stats.tennismylife.org/tournaments/madrid-2/records/ages/titles,2015,madrid-2,"Madrid-2",A,1976
https://stats.tennismylife.org/tournaments/madrid-2/records/ages/oldestrounds,2015,madrid-2,"Madrid-2",A,1976
https://stats.tennismylife.org/tournaments/madrid-2/records/ages/youngestrounds,2015,madrid-2,"Madrid-2",A,1976
https://stats.tennismylife.org/tournaments/madrid-2/records/percentage,2015,madrid-2,"Madrid-2",A,1976
https://stats.tennismylife.org/tournaments/madrid-2/records/percentage/wins,2015,madrid-2,"Madrid-2",A,1976
https://stats.tennismylife.org/tournaments/madrid-2/records/percentage/rounds,2015,madrid-2,"Madrid-2",A,1976
https://stats.tennismylife.org/tournaments/madrid-2/records/streak,2015,madrid-2,"Madrid-2",A,1976
https://stats.tennismylife.org/tournaments/madrid-2/records/timespan,2015,madrid-2,"Madrid-2",A,1976
https://stats.tennismylife.org/tournaments/madrid-2/records/rounds,2015,madrid-2,"Madrid-2",A,1976
https://stats.tennismylife.org/tournaments/madrid-2/records/least,2015,madrid-2,"Madrid-2",A,1976
https://stats.tennismylife.org/tournaments/madrid-2/records/roundsonentries,2015,madrid-2,"Madrid-2",A,1976
https://stats.tennismylife.org/tournaments/mallorca/records,7306,mallorca,"Mallorca",250,2002
https://stats.tennismylife.org/tournaments/mallorca/records/count,7306,mallorca,"Mallorca",250,2002
https://stats.tennismylife.org/tournaments/mallorca/records/count/titles,7306,mallorca,"Mallorca",250,2002
https://stats.tennismylife.org/tournaments/mallorca/records/count/wins,7306,mallorca,"Mallorca",250,2002
https://stats.tennismylife.org/tournaments/mallorca/records/count/played,7306,mallorca,"Mallorca",250,2002
https://stats.tennismylife.org/tournaments/mallorca/records/count/entries,7306,mallorca,"Mallorca",250,2002
https://stats.tennismylife.org/tournaments/mallorca/records/ages,7306,mallorca,"Mallorca",250,2002
https://stats.tennismylife.org/tournaments/mallorca/records/ages/main,7306,mallorca,"Mallorca",250,2002
https://stats.tennismylife.org/tournaments/mallorca/records/ages/titles,7306,mallorca,"Mallorca",250,2002
https://stats.tennismylife.org/tournaments/mallorca/records/ages/oldestrounds,7306,mallorca,"Mallorca",250,2002
https://stats.tennismylife.org/tournaments/mallorca/records/ages/youngestrounds,7306,mallorca,"Mallorca",250,2002
https://stats.tennismylife.org/tournaments/mallorca/records/percentage,7306,mallorca,"Mallorca",250,2002
https://stats.tennismylife.org/tournaments/mallorca/records/percentage/wins,7306,mallorca,"Mallorca",250,2002
https://stats.tennismylife.org/tournaments/mallorca/records/percentage/rounds,7306,mallorca,"Mallorca",250,2002
https://stats.tennismylife.org/tournaments/mallorca/records/streak,7306,mallorca,"Mallorca",250,2002
https://stats.tennismylife.org/tournaments/mallorca/records/timespan,7306,mallorca,"Mallorca",250,2002
https://stats.tennismylife.org/tournaments/mallorca/records/rounds,7306,mallorca,"Mallorca",250,2002
https://stats.tennismylife.org/tournaments/mallorca/records/least,7306,mallorca,"Mallorca",250,2002
https://stats.tennismylife.org/tournaments/mallorca/records/roundsonentries,7306,mallorca,"Mallorca",250,2002
https://stats.tennismylife.org/tournaments/manchester/records,583,manchester,"Manchester",A,1974
https://stats.tennismylife.org/tournaments/manchester/records/count,583,manchester,"Manchester",A,1974
https://stats.tennismylife.org/tournaments/manchester/records/count/titles,583,manchester,"Manchester",A,1974
https://stats.tennismylife.org/tournaments/manchester/records/count/wins,583,manchester,"Manchester",A,1974
https://stats.tennismylife.org/tournaments/manchester/records/count/played,583,manchester,"Manchester",A,1974
https://stats.tennismylife.org/tournaments/manchester/records/count/entries,583,manchester,"Manchester",A,1974
https://stats.tennismylife.org/tournaments/manchester/records/ages,583,manchester,"Manchester",A,1974
https://stats.tennismylife.org/tournaments/manchester/records/ages/main,583,manchester,"Manchester",A,1974
https://stats.tennismylife.org/tournaments/manchester/records/ages/titles,583,manchester,"Manchester",A,1974
https://stats.tennismylife.org/tournaments/manchester/records/ages/oldestrounds,583,manchester,"Manchester",A,1974
https://stats.tennismylife.org/tournaments/manchester/records/ages/youngestrounds,583,manchester,"Manchester",A,1974
https://stats.tennismylife.org/tournaments/manchester/records/percentage,583,manchester,"Manchester",A,1974
https://stats.tennismylife.org/tournaments/manchester/records/percentage/wins,583,manchester,"Manchester",A,1974
https://stats.tennismylife.org/tournaments/manchester/records/percentage/rounds,583,manchester,"Manchester",A,1974
https://stats.tennismylife.org/tournaments/manchester/records/streak,583,manchester,"Manchester",A,1974
https://stats.tennismylife.org/tournaments/manchester/records/timespan,583,manchester,"Manchester",A,1974
https://stats.tennismylife.org/tournaments/manchester/records/rounds,583,manchester,"Manchester",A,1974
https://stats.tennismylife.org/tournaments/manchester/records/least,583,manchester,"Manchester",A,1974
https://stats.tennismylife.org/tournaments/manchester/records/roundsonentries,583,manchester,"Manchester",A,1974
https://stats.tennismylife.org/tournaments/manchester-2/records,7310,manchester-2,"Manchester",A|250,1994
https://stats.tennismylife.org/tournaments/manchester-2/records/count,7310,manchester-2,"Manchester",A|250,1994
https://stats.tennismylife.org/tournaments/manchester-2/records/count/titles,7310,manchester-2,"Manchester",A|250,1994
https://stats.tennismylife.org/tournaments/manchester-2/records/count/wins,7310,manchester-2,"Manchester",A|250,1994
https://stats.tennismylife.org/tournaments/manchester-2/records/count/played,7310,manchester-2,"Manchester",A|250,1994
https://stats.tennismylife.org/tournaments/manchester-2/records/count/entries,7310,manchester-2,"Manchester",A|250,1994
https://stats.tennismylife.org/tournaments/manchester-2/records/ages,7310,manchester-2,"Manchester",A|250,1994
https://stats.tennismylife.org/tournaments/manchester-2/records/ages/main,7310,manchester-2,"Manchester",A|250,1994
https://stats.tennismylife.org/tournaments/manchester-2/records/ages/titles,7310,manchester-2,"Manchester",A|250,1994
https://stats.tennismylife.org/tournaments/manchester-2/records/ages/oldestrounds,7310,manchester-2,"Manchester",A|250,1994
https://stats.tennismylife.org/tournaments/manchester-2/records/ages/youngestrounds,7310,manchester-2,"Manchester",A|250,1994
https://stats.tennismylife.org/tournaments/manchester-2/records/percentage,7310,manchester-2,"Manchester",A|250,1994
https://stats.tennismylife.org/tournaments/manchester-2/records/percentage/wins,7310,manchester-2,"Manchester",A|250,1994
https://stats.tennismylife.org/tournaments/manchester-2/records/percentage/rounds,7310,manchester-2,"Manchester",A|250,1994
https://stats.tennismylife.org/tournaments/manchester-2/records/streak,7310,manchester-2,"Manchester",A|250,1994
https://stats.tennismylife.org/tournaments/manchester-2/records/timespan,7310,manchester-2,"Manchester",A|250,1994
https://stats.tennismylife.org/tournaments/manchester-2/records/rounds,7310,manchester-2,"Manchester",A|250,1994
https://stats.tennismylife.org/tournaments/manchester-2/records/least,7310,manchester-2,"Manchester",A|250,1994
https://stats.tennismylife.org/tournaments/manchester-2/records/roundsonentries,7310,manchester-2,"Manchester",A|250,1994
https://stats.tennismylife.org/tournaments/manchester-3/records,8025,manchester-3,"Manchester",A,1970
https://stats.tennismylife.org/tournaments/manchester-3/records/count,8025,manchester-3,"Manchester",A,1970
https://stats.tennismylife.org/tournaments/manchester-3/records/count/titles,8025,manchester-3,"Manchester",A,1970
https://stats.tennismylife.org/tournaments/manchester-3/records/count/wins,8025,manchester-3,"Manchester",A,1970
https://stats.tennismylife.org/tournaments/manchester-3/records/count/played,8025,manchester-3,"Manchester",A,1970
https://stats.tennismylife.org/tournaments/manchester-3/records/count/entries,8025,manchester-3,"Manchester",A,1970
https://stats.tennismylife.org/tournaments/manchester-3/records/ages,8025,manchester-3,"Manchester",A,1970
https://stats.tennismylife.org/tournaments/manchester-3/records/ages/main,8025,manchester-3,"Manchester",A,1970
https://stats.tennismylife.org/tournaments/manchester-3/records/ages/titles,8025,manchester-3,"Manchester",A,1970
https://stats.tennismylife.org/tournaments/manchester-3/records/ages/oldestrounds,8025,manchester-3,"Manchester",A,1970
https://stats.tennismylife.org/tournaments/manchester-3/records/ages/youngestrounds,8025,manchester-3,"Manchester",A,1970
https://stats.tennismylife.org/tournaments/manchester-3/records/percentage,8025,manchester-3,"Manchester",A,1970
https://stats.tennismylife.org/tournaments/manchester-3/records/percentage/wins,8025,manchester-3,"Manchester",A,1970
https://stats.tennismylife.org/tournaments/manchester-3/records/percentage/rounds,8025,manchester-3,"Manchester",A,1970
https://stats.tennismylife.org/tournaments/manchester-3/records/streak,8025,manchester-3,"Manchester",A,1970
https://stats.tennismylife.org/tournaments/manchester-3/records/timespan,8025,manchester-3,"Manchester",A,1970
https://stats.tennismylife.org/tournaments/manchester-3/records/rounds,8025,manchester-3,"Manchester",A,1970
https://stats.tennismylife.org/tournaments/manchester-3/records/least,8025,manchester-3,"Manchester",A,1970
https://stats.tennismylife.org/tournaments/manchester-3/records/roundsonentries,8025,manchester-3,"Manchester",A,1970
https://stats.tennismylife.org/tournaments/manila/records,362,manila,"Manila",A,1981
https://stats.tennismylife.org/tournaments/manila/records/count,362,manila,"Manila",A,1981
https://stats.tennismylife.org/tournaments/manila/records/count/titles,362,manila,"Manila",A,1981
https://stats.tennismylife.org/tournaments/manila/records/count/wins,362,manila,"Manila",A,1981
https://stats.tennismylife.org/tournaments/manila/records/count/played,362,manila,"Manila",A,1981
https://stats.tennismylife.org/tournaments/manila/records/count/entries,362,manila,"Manila",A,1981
https://stats.tennismylife.org/tournaments/manila/records/ages,362,manila,"Manila",A,1981
https://stats.tennismylife.org/tournaments/manila/records/ages/main,362,manila,"Manila",A,1981
https://stats.tennismylife.org/tournaments/manila/records/ages/titles,362,manila,"Manila",A,1981
https://stats.tennismylife.org/tournaments/manila/records/ages/oldestrounds,362,manila,"Manila",A,1981
https://stats.tennismylife.org/tournaments/manila/records/ages/youngestrounds,362,manila,"Manila",A,1981
https://stats.tennismylife.org/tournaments/manila/records/percentage,362,manila,"Manila",A,1981
https://stats.tennismylife.org/tournaments/manila/records/percentage/wins,362,manila,"Manila",A,1981
https://stats.tennismylife.org/tournaments/manila/records/percentage/rounds,362,manila,"Manila",A,1981
https://stats.tennismylife.org/tournaments/manila/records/streak,362,manila,"Manila",A,1981
https://stats.tennismylife.org/tournaments/manila/records/timespan,362,manila,"Manila",A,1981
https://stats.tennismylife.org/tournaments/manila/records/rounds,362,manila,"Manila",A,1981
https://stats.tennismylife.org/tournaments/manila/records/least,362,manila,"Manila",A,1981
https://stats.tennismylife.org/tournaments/manila/records/roundsonentries,362,manila,"Manila",A,1981
https://stats.tennismylife.org/tournaments/mar-del-plata/records,392,mar-del-plata,"Mar del Plata",A,1981
https://stats.tennismylife.org/tournaments/mar-del-plata/records/count,392,mar-del-plata,"Mar del Plata",A,1981
https://stats.tennismylife.org/tournaments/mar-del-plata/records/count/titles,392,mar-del-plata,"Mar del Plata",A,1981
https://stats.tennismylife.org/tournaments/mar-del-plata/records/count/wins,392,mar-del-plata,"Mar del Plata",A,1981
https://stats.tennismylife.org/tournaments/mar-del-plata/records/count/played,392,mar-del-plata,"Mar del Plata",A,1981
https://stats.tennismylife.org/tournaments/mar-del-plata/records/count/entries,392,mar-del-plata,"Mar del Plata",A,1981
https://stats.tennismylife.org/tournaments/mar-del-plata/records/ages,392,mar-del-plata,"Mar del Plata",A,1981
https://stats.tennismylife.org/tournaments/mar-del-plata/records/ages/main,392,mar-del-plata,"Mar del Plata",A,1981
https://stats.tennismylife.org/tournaments/mar-del-plata/records/ages/titles,392,mar-del-plata,"Mar del Plata",A,1981
https://stats.tennismylife.org/tournaments/mar-del-plata/records/ages/oldestrounds,392,mar-del-plata,"Mar del Plata",A,1981
https://stats.tennismylife.org/tournaments/mar-del-plata/records/ages/youngestrounds,392,mar-del-plata,"Mar del Plata",A,1981
https://stats.tennismylife.org/tournaments/mar-del-plata/records/percentage,392,mar-del-plata,"Mar del Plata",A,1981
https://stats.tennismylife.org/tournaments/mar-del-plata/records/percentage/wins,392,mar-del-plata,"Mar del Plata",A,1981
https://stats.tennismylife.org/tournaments/mar-del-plata/records/percentage/rounds,392,mar-del-plata,"Mar del Plata",A,1981
https://stats.tennismylife.org/tournaments/mar-del-plata/records/streak,392,mar-del-plata,"Mar del Plata",A,1981
https://stats.tennismylife.org/tournaments/mar-del-plata/records/timespan,392,mar-del-plata,"Mar del Plata",A,1981
https://stats.tennismylife.org/tournaments/mar-del-plata/records/rounds,392,mar-del-plata,"Mar del Plata",A,1981
https://stats.tennismylife.org/tournaments/mar-del-plata/records/least,392,mar-del-plata,"Mar del Plata",A,1981
https://stats.tennismylife.org/tournaments/mar-del-plata/records/roundsonentries,392,mar-del-plata,"Mar del Plata",A,1981
https://stats.tennismylife.org/tournaments/marbella/records,307,marbella,"Marbella",A,1985
https://stats.tennismylife.org/tournaments/marbella/records/count,307,marbella,"Marbella",A,1985
https://stats.tennismylife.org/tournaments/marbella/records/count/titles,307,marbella,"Marbella",A,1985
https://stats.tennismylife.org/tournaments/marbella/records/count/wins,307,marbella,"Marbella",A,1985
https://stats.tennismylife.org/tournaments/marbella/records/count/played,307,marbella,"Marbella",A,1985
https://stats.tennismylife.org/tournaments/marbella/records/count/entries,307,marbella,"Marbella",A,1985
https://stats.tennismylife.org/tournaments/marbella/records/ages,307,marbella,"Marbella",A,1985
https://stats.tennismylife.org/tournaments/marbella/records/ages/main,307,marbella,"Marbella",A,1985
https://stats.tennismylife.org/tournaments/marbella/records/ages/titles,307,marbella,"Marbella",A,1985
https://stats.tennismylife.org/tournaments/marbella/records/ages/oldestrounds,307,marbella,"Marbella",A,1985
https://stats.tennismylife.org/tournaments/marbella/records/ages/youngestrounds,307,marbella,"Marbella",A,1985
https://stats.tennismylife.org/tournaments/marbella/records/percentage,307,marbella,"Marbella",A,1985
https://stats.tennismylife.org/tournaments/marbella/records/percentage/wins,307,marbella,"Marbella",A,1985
https://stats.tennismylife.org/tournaments/marbella/records/percentage/rounds,307,marbella,"Marbella",A,1985
https://stats.tennismylife.org/tournaments/marbella/records/streak,307,marbella,"Marbella",A,1985
https://stats.tennismylife.org/tournaments/marbella/records/timespan,307,marbella,"Marbella",A,1985
https://stats.tennismylife.org/tournaments/marbella/records/rounds,307,marbella,"Marbella",A,1985
https://stats.tennismylife.org/tournaments/marbella/records/least,307,marbella,"Marbella",A,1985
https://stats.tennismylife.org/tournaments/marbella/records/roundsonentries,307,marbella,"Marbella",A,1985
https://stats.tennismylife.org/tournaments/melbourne/records,3936,melbourne,"Melbourne",A,1971
https://stats.tennismylife.org/tournaments/melbourne/records/count,3936,melbourne,"Melbourne",A,1971
https://stats.tennismylife.org/tournaments/melbourne/records/count/titles,3936,melbourne,"Melbourne",A,1971
https://stats.tennismylife.org/tournaments/melbourne/records/count/wins,3936,melbourne,"Melbourne",A,1971
https://stats.tennismylife.org/tournaments/melbourne/records/count/played,3936,melbourne,"Melbourne",A,1971
https://stats.tennismylife.org/tournaments/melbourne/records/count/entries,3936,melbourne,"Melbourne",A,1971
https://stats.tennismylife.org/tournaments/melbourne/records/ages,3936,melbourne,"Melbourne",A,1971
https://stats.tennismylife.org/tournaments/melbourne/records/ages/main,3936,melbourne,"Melbourne",A,1971
https://stats.tennismylife.org/tournaments/melbourne/records/ages/titles,3936,melbourne,"Melbourne",A,1971
https://stats.tennismylife.org/tournaments/melbourne/records/ages/oldestrounds,3936,melbourne,"Melbourne",A,1971
https://stats.tennismylife.org/tournaments/melbourne/records/ages/youngestrounds,3936,melbourne,"Melbourne",A,1971
https://stats.tennismylife.org/tournaments/melbourne/records/percentage,3936,melbourne,"Melbourne",A,1971
https://stats.tennismylife.org/tournaments/melbourne/records/percentage/wins,3936,melbourne,"Melbourne",A,1971
https://stats.tennismylife.org/tournaments/melbourne/records/percentage/rounds,3936,melbourne,"Melbourne",A,1971
https://stats.tennismylife.org/tournaments/melbourne/records/streak,3936,melbourne,"Melbourne",A,1971
https://stats.tennismylife.org/tournaments/melbourne/records/timespan,3936,melbourne,"Melbourne",A,1971
https://stats.tennismylife.org/tournaments/melbourne/records/rounds,3936,melbourne,"Melbourne",A,1971
https://stats.tennismylife.org/tournaments/melbourne/records/least,3936,melbourne,"Melbourne",A,1971
https://stats.tennismylife.org/tournaments/melbourne/records/roundsonentries,3936,melbourne,"Melbourne",A,1971
https://stats.tennismylife.org/tournaments/melbourne-1/records,9342,melbourne-1,"Melbourne-1",A,1985
https://stats.tennismylife.org/tournaments/melbourne-1/records/count,9342,melbourne-1,"Melbourne-1",A,1985
https://stats.tennismylife.org/tournaments/melbourne-1/records/count/titles,9342,melbourne-1,"Melbourne-1",A,1985
https://stats.tennismylife.org/tournaments/melbourne-1/records/count/wins,9342,melbourne-1,"Melbourne-1",A,1985
https://stats.tennismylife.org/tournaments/melbourne-1/records/count/played,9342,melbourne-1,"Melbourne-1",A,1985
https://stats.tennismylife.org/tournaments/melbourne-1/records/count/entries,9342,melbourne-1,"Melbourne-1",A,1985
https://stats.tennismylife.org/tournaments/melbourne-1/records/ages,9342,melbourne-1,"Melbourne-1",A,1985
https://stats.tennismylife.org/tournaments/melbourne-1/records/ages/main,9342,melbourne-1,"Melbourne-1",A,1985
https://stats.tennismylife.org/tournaments/melbourne-1/records/ages/titles,9342,melbourne-1,"Melbourne-1",A,1985
https://stats.tennismylife.org/tournaments/melbourne-1/records/ages/oldestrounds,9342,melbourne-1,"Melbourne-1",A,1985
https://stats.tennismylife.org/tournaments/melbourne-1/records/ages/youngestrounds,9342,melbourne-1,"Melbourne-1",A,1985
https://stats.tennismylife.org/tournaments/melbourne-1/records/percentage,9342,melbourne-1,"Melbourne-1",A,1985
https://stats.tennismylife.org/tournaments/melbourne-1/records/percentage/wins,9342,melbourne-1,"Melbourne-1",A,1985
https://stats.tennismylife.org/tournaments/melbourne-1/records/percentage/rounds,9342,melbourne-1,"Melbourne-1",A,1985
https://stats.tennismylife.org/tournaments/melbourne-1/records/streak,9342,melbourne-1,"Melbourne-1",A,1985
https://stats.tennismylife.org/tournaments/melbourne-1/records/timespan,9342,melbourne-1,"Melbourne-1",A,1985
https://stats.tennismylife.org/tournaments/melbourne-1/records/rounds,9342,melbourne-1,"Melbourne-1",A,1985
https://stats.tennismylife.org/tournaments/melbourne-1/records/least,9342,melbourne-1,"Melbourne-1",A,1985
https://stats.tennismylife.org/tournaments/melbourne-1/records/roundsonentries,9342,melbourne-1,"Melbourne-1",A,1985
https://stats.tennismylife.org/tournaments/melbourne-2/records,340,melbourne-2,"Melbourne-2",A,1985
https://stats.tennismylife.org/tournaments/melbourne-2/records/count,340,melbourne-2,"Melbourne-2",A,1985
https://stats.tennismylife.org/tournaments/melbourne-2/records/count/titles,340,melbourne-2,"Melbourne-2",A,1985
https://stats.tennismylife.org/tournaments/melbourne-2/records/count/wins,340,melbourne-2,"Melbourne-2",A,1985
https://stats.tennismylife.org/tournaments/melbourne-2/records/count/played,340,melbourne-2,"Melbourne-2",A,1985
https://stats.tennismylife.org/tournaments/melbourne-2/records/count/entries,340,melbourne-2,"Melbourne-2",A,1985
https://stats.tennismylife.org/tournaments/melbourne-2/records/ages,340,melbourne-2,"Melbourne-2",A,1985
https://stats.tennismylife.org/tournaments/melbourne-2/records/ages/main,340,melbourne-2,"Melbourne-2",A,1985
https://stats.tennismylife.org/tournaments/melbourne-2/records/ages/titles,340,melbourne-2,"Melbourne-2",A,1985
https://stats.tennismylife.org/tournaments/melbourne-2/records/ages/oldestrounds,340,melbourne-2,"Melbourne-2",A,1985
https://stats.tennismylife.org/tournaments/melbourne-2/records/ages/youngestrounds,340,melbourne-2,"Melbourne-2",A,1985
https://stats.tennismylife.org/tournaments/melbourne-2/records/percentage,340,melbourne-2,"Melbourne-2",A,1985
https://stats.tennismylife.org/tournaments/melbourne-2/records/percentage/wins,340,melbourne-2,"Melbourne-2",A,1985
https://stats.tennismylife.org/tournaments/melbourne-2/records/percentage/rounds,340,melbourne-2,"Melbourne-2",A,1985
https://stats.tennismylife.org/tournaments/melbourne-2/records/streak,340,melbourne-2,"Melbourne-2",A,1985
https://stats.tennismylife.org/tournaments/melbourne-2/records/timespan,340,melbourne-2,"Melbourne-2",A,1985
https://stats.tennismylife.org/tournaments/melbourne-2/records/rounds,340,melbourne-2,"Melbourne-2",A,1985
https://stats.tennismylife.org/tournaments/melbourne-2/records/least,340,melbourne-2,"Melbourne-2",A,1985
https://stats.tennismylife.org/tournaments/melbourne-2/records/roundsonentries,340,melbourne-2,"Melbourne-2",A,1985
https://stats.tennismylife.org/tournaments/memphis/records,402,memphis,"Memphis",A|500|250,2013
https://stats.tennismylife.org/tournaments/memphis/records/count,402,memphis,"Memphis",A|500|250,2013
https://stats.tennismylife.org/tournaments/memphis/records/count/titles,402,memphis,"Memphis",A|500|250,2013
https://stats.tennismylife.org/tournaments/memphis/records/count/wins,402,memphis,"Memphis",A|500|250,2013
https://stats.tennismylife.org/tournaments/memphis/records/count/played,402,memphis,"Memphis",A|500|250,2013
https://stats.tennismylife.org/tournaments/memphis/records/count/entries,402,memphis,"Memphis",A|500|250,2013
https://stats.tennismylife.org/tournaments/memphis/records/ages,402,memphis,"Memphis",A|500|250,2013
https://stats.tennismylife.org/tournaments/memphis/records/ages/main,402,memphis,"Memphis",A|500|250,2013
https://stats.tennismylife.org/tournaments/memphis/records/ages/titles,402,memphis,"Memphis",A|500|250,2013
https://stats.tennismylife.org/tournaments/memphis/records/ages/oldestrounds,402,memphis,"Memphis",A|500|250,2013
https://stats.tennismylife.org/tournaments/memphis/records/ages/youngestrounds,402,memphis,"Memphis",A|500|250,2013
https://stats.tennismylife.org/tournaments/memphis/records/percentage,402,memphis,"Memphis",A|500|250,2013
https://stats.tennismylife.org/tournaments/memphis/records/percentage/wins,402,memphis,"Memphis",A|500|250,2013
https://stats.tennismylife.org/tournaments/memphis/records/percentage/rounds,402,memphis,"Memphis",A|500|250,2013
https://stats.tennismylife.org/tournaments/memphis/records/streak,402,memphis,"Memphis",A|500|250,2013
https://stats.tennismylife.org/tournaments/memphis/records/timespan,402,memphis,"Memphis",A|500|250,2013
https://stats.tennismylife.org/tournaments/memphis/records/rounds,402,memphis,"Memphis",A|500|250,2013
https://stats.tennismylife.org/tournaments/memphis/records/least,402,memphis,"Memphis",A|500|250,2013
https://stats.tennismylife.org/tournaments/memphis/records/roundsonentries,402,memphis,"Memphis",A|500|250,2013
https://stats.tennismylife.org/tournaments/memphis-wct/records,7299,memphis-wct,"Memphis WCT",A,1975
https://stats.tennismylife.org/tournaments/memphis-wct/records/count,7299,memphis-wct,"Memphis WCT",A,1975
https://stats.tennismylife.org/tournaments/memphis-wct/records/count/titles,7299,memphis-wct,"Memphis WCT",A,1975
https://stats.tennismylife.org/tournaments/memphis-wct/records/count/wins,7299,memphis-wct,"Memphis WCT",A,1975
https://stats.tennismylife.org/tournaments/memphis-wct/records/count/played,7299,memphis-wct,"Memphis WCT",A,1975
https://stats.tennismylife.org/tournaments/memphis-wct/records/count/entries,7299,memphis-wct,"Memphis WCT",A,1975
https://stats.tennismylife.org/tournaments/memphis-wct/records/ages,7299,memphis-wct,"Memphis WCT",A,1975
https://stats.tennismylife.org/tournaments/memphis-wct/records/ages/main,7299,memphis-wct,"Memphis WCT",A,1975
https://stats.tennismylife.org/tournaments/memphis-wct/records/ages/titles,7299,memphis-wct,"Memphis WCT",A,1975
https://stats.tennismylife.org/tournaments/memphis-wct/records/ages/oldestrounds,7299,memphis-wct,"Memphis WCT",A,1975
https://stats.tennismylife.org/tournaments/memphis-wct/records/ages/youngestrounds,7299,memphis-wct,"Memphis WCT",A,1975
https://stats.tennismylife.org/tournaments/memphis-wct/records/percentage,7299,memphis-wct,"Memphis WCT",A,1975
https://stats.tennismylife.org/tournaments/memphis-wct/records/percentage/wins,7299,memphis-wct,"Memphis WCT",A,1975
https://stats.tennismylife.org/tournaments/memphis-wct/records/percentage/rounds,7299,memphis-wct,"Memphis WCT",A,1975
https://stats.tennismylife.org/tournaments/memphis-wct/records/streak,7299,memphis-wct,"Memphis WCT",A,1975
https://stats.tennismylife.org/tournaments/memphis-wct/records/timespan,7299,memphis-wct,"Memphis WCT",A,1975
https://stats.tennismylife.org/tournaments/memphis-wct/records/rounds,7299,memphis-wct,"Memphis WCT",A,1975
https://stats.tennismylife.org/tournaments/memphis-wct/records/least,7299,memphis-wct,"Memphis WCT",A,1975
https://stats.tennismylife.org/tournaments/memphis-wct/records/roundsonentries,7299,memphis-wct,"Memphis WCT",A,1975
https://stats.tennismylife.org/tournaments/merano/records,473,merano,"Merano",250,1999
https://stats.tennismylife.org/tournaments/merano/records/count,473,merano,"Merano",250,1999
https://stats.tennismylife.org/tournaments/merano/records/count/titles,473,merano,"Merano",250,1999
https://stats.tennismylife.org/tournaments/merano/records/count/wins,473,merano,"Merano",250,1999
https://stats.tennismylife.org/tournaments/merano/records/count/played,473,merano,"Merano",250,1999
https://stats.tennismylife.org/tournaments/merano/records/count/entries,473,merano,"Merano",250,1999
https://stats.tennismylife.org/tournaments/merano/records/ages,473,merano,"Merano",250,1999
https://stats.tennismylife.org/tournaments/merano/records/ages/main,473,merano,"Merano",250,1999
https://stats.tennismylife.org/tournaments/merano/records/ages/titles,473,merano,"Merano",250,1999
https://stats.tennismylife.org/tournaments/merano/records/ages/oldestrounds,473,merano,"Merano",250,1999
https://stats.tennismylife.org/tournaments/merano/records/ages/youngestrounds,473,merano,"Merano",250,1999
https://stats.tennismylife.org/tournaments/merano/records/percentage,473,merano,"Merano",250,1999
https://stats.tennismylife.org/tournaments/merano/records/percentage/wins,473,merano,"Merano",250,1999
https://stats.tennismylife.org/tournaments/merano/records/percentage/rounds,473,merano,"Merano",250,1999
https://stats.tennismylife.org/tournaments/merano/records/streak,473,merano,"Merano",250,1999
https://stats.tennismylife.org/tournaments/merano/records/timespan,473,merano,"Merano",250,1999
https://stats.tennismylife.org/tournaments/merano/records/rounds,473,merano,"Merano",250,1999
https://stats.tennismylife.org/tournaments/merano/records/least,473,merano,"Merano",250,1999
https://stats.tennismylife.org/tournaments/merano/records/roundsonentries,473,merano,"Merano",250,1999
https://stats.tennismylife.org/tournaments/metz-2/records,7305,metz-2,"Metz",A,1988
https://stats.tennismylife.org/tournaments/metz-2/records/count,7305,metz-2,"Metz",A,1988
https://stats.tennismylife.org/tournaments/metz-2/records/count/titles,7305,metz-2,"Metz",A,1988
https://stats.tennismylife.org/tournaments/metz-2/records/count/wins,7305,metz-2,"Metz",A,1988
https://stats.tennismylife.org/tournaments/metz-2/records/count/played,7305,metz-2,"Metz",A,1988
https://stats.tennismylife.org/tournaments/metz-2/records/count/entries,7305,metz-2,"Metz",A,1988
https://stats.tennismylife.org/tournaments/metz-2/records/ages,7305,metz-2,"Metz",A,1988
https://stats.tennismylife.org/tournaments/metz-2/records/ages/main,7305,metz-2,"Metz",A,1988
https://stats.tennismylife.org/tournaments/metz-2/records/ages/titles,7305,metz-2,"Metz",A,1988
https://stats.tennismylife.org/tournaments/metz-2/records/ages/oldestrounds,7305,metz-2,"Metz",A,1988
https://stats.tennismylife.org/tournaments/metz-2/records/ages/youngestrounds,7305,metz-2,"Metz",A,1988
https://stats.tennismylife.org/tournaments/metz-2/records/percentage,7305,metz-2,"Metz",A,1988
https://stats.tennismylife.org/tournaments/metz-2/records/percentage/wins,7305,metz-2,"Metz",A,1988
https://stats.tennismylife.org/tournaments/metz-2/records/percentage/rounds,7305,metz-2,"Metz",A,1988
https://stats.tennismylife.org/tournaments/metz-2/records/streak,7305,metz-2,"Metz",A,1988
https://stats.tennismylife.org/tournaments/metz-2/records/timespan,7305,metz-2,"Metz",A,1988
https://stats.tennismylife.org/tournaments/metz-2/records/rounds,7305,metz-2,"Metz",A,1988
https://stats.tennismylife.org/tournaments/metz-2/records/least,7305,metz-2,"Metz",A,1988
https://stats.tennismylife.org/tournaments/metz-2/records/roundsonentries,7305,metz-2,"Metz",A,1988
https://stats.tennismylife.org/tournaments/mexico-city/records,294,mexico-city,"Mexico City",A,1981
https://stats.tennismylife.org/tournaments/mexico-city/records/count,294,mexico-city,"Mexico City",A,1981
https://stats.tennismylife.org/tournaments/mexico-city/records/count/titles,294,mexico-city,"Mexico City",A,1981
https://stats.tennismylife.org/tournaments/mexico-city/records/count/wins,294,mexico-city,"Mexico City",A,1981
https://stats.tennismylife.org/tournaments/mexico-city/records/count/played,294,mexico-city,"Mexico City",A,1981
https://stats.tennismylife.org/tournaments/mexico-city/records/count/entries,294,mexico-city,"Mexico City",A,1981
https://stats.tennismylife.org/tournaments/mexico-city/records/ages,294,mexico-city,"Mexico City",A,1981
https://stats.tennismylife.org/tournaments/mexico-city/records/ages/main,294,mexico-city,"Mexico City",A,1981
https://stats.tennismylife.org/tournaments/mexico-city/records/ages/titles,294,mexico-city,"Mexico City",A,1981
https://stats.tennismylife.org/tournaments/mexico-city/records/ages/oldestrounds,294,mexico-city,"Mexico City",A,1981
https://stats.tennismylife.org/tournaments/mexico-city/records/ages/youngestrounds,294,mexico-city,"Mexico City",A,1981
https://stats.tennismylife.org/tournaments/mexico-city/records/percentage,294,mexico-city,"Mexico City",A,1981
https://stats.tennismylife.org/tournaments/mexico-city/records/percentage/wins,294,mexico-city,"Mexico City",A,1981
https://stats.tennismylife.org/tournaments/mexico-city/records/percentage/rounds,294,mexico-city,"Mexico City",A,1981
https://stats.tennismylife.org/tournaments/mexico-city/records/streak,294,mexico-city,"Mexico City",A,1981
https://stats.tennismylife.org/tournaments/mexico-city/records/timespan,294,mexico-city,"Mexico City",A,1981
https://stats.tennismylife.org/tournaments/mexico-city/records/rounds,294,mexico-city,"Mexico City",A,1981
https://stats.tennismylife.org/tournaments/mexico-city/records/least,294,mexico-city,"Mexico City",A,1981
https://stats.tennismylife.org/tournaments/mexico-city/records/roundsonentries,294,mexico-city,"Mexico City",A,1981
https://stats.tennismylife.org/tournaments/mexico-city-2/records,295,mexico-city-2,"Mexico City-2",A,1978
https://stats.tennismylife.org/tournaments/mexico-city-2/records/count,295,mexico-city-2,"Mexico City-2",A,1978
https://stats.tennismylife.org/tournaments/mexico-city-2/records/count/titles,295,mexico-city-2,"Mexico City-2",A,1978
https://stats.tennismylife.org/tournaments/mexico-city-2/records/count/wins,295,mexico-city-2,"Mexico City-2",A,1978
https://stats.tennismylife.org/tournaments/mexico-city-2/records/count/played,295,mexico-city-2,"Mexico City-2",A,1978
https://stats.tennismylife.org/tournaments/mexico-city-2/records/count/entries,295,mexico-city-2,"Mexico City-2",A,1978
https://stats.tennismylife.org/tournaments/mexico-city-2/records/ages,295,mexico-city-2,"Mexico City-2",A,1978
https://stats.tennismylife.org/tournaments/mexico-city-2/records/ages/main,295,mexico-city-2,"Mexico City-2",A,1978
https://stats.tennismylife.org/tournaments/mexico-city-2/records/ages/titles,295,mexico-city-2,"Mexico City-2",A,1978
https://stats.tennismylife.org/tournaments/mexico-city-2/records/ages/oldestrounds,295,mexico-city-2,"Mexico City-2",A,1978
https://stats.tennismylife.org/tournaments/mexico-city-2/records/ages/youngestrounds,295,mexico-city-2,"Mexico City-2",A,1978
https://stats.tennismylife.org/tournaments/mexico-city-2/records/percentage,295,mexico-city-2,"Mexico City-2",A,1978
https://stats.tennismylife.org/tournaments/mexico-city-2/records/percentage/wins,295,mexico-city-2,"Mexico City-2",A,1978
https://stats.tennismylife.org/tournaments/mexico-city-2/records/percentage/rounds,295,mexico-city-2,"Mexico City-2",A,1978
https://stats.tennismylife.org/tournaments/mexico-city-2/records/streak,295,mexico-city-2,"Mexico City-2",A,1978
https://stats.tennismylife.org/tournaments/mexico-city-2/records/timespan,295,mexico-city-2,"Mexico City-2",A,1978
https://stats.tennismylife.org/tournaments/mexico-city-2/records/rounds,295,mexico-city-2,"Mexico City-2",A,1978
https://stats.tennismylife.org/tournaments/mexico-city-2/records/least,295,mexico-city-2,"Mexico City-2",A,1978
https://stats.tennismylife.org/tournaments/mexico-city-2/records/roundsonentries,295,mexico-city-2,"Mexico City-2",A,1978
https://stats.tennismylife.org/tournaments/mexico-city-3/records,9348,mexico-city-3,"Mexico City",A,1969
https://stats.tennismylife.org/tournaments/mexico-city-3/records/count,9348,mexico-city-3,"Mexico City",A,1969
https://stats.tennismylife.org/tournaments/mexico-city-3/records/count/titles,9348,mexico-city-3,"Mexico City",A,1969
https://stats.tennismylife.org/tournaments/mexico-city-3/records/count/wins,9348,mexico-city-3,"Mexico City",A,1969
https://stats.tennismylife.org/tournaments/mexico-city-3/records/count/played,9348,mexico-city-3,"Mexico City",A,1969
https://stats.tennismylife.org/tournaments/mexico-city-3/records/count/entries,9348,mexico-city-3,"Mexico City",A,1969
https://stats.tennismylife.org/tournaments/mexico-city-3/records/ages,9348,mexico-city-3,"Mexico City",A,1969
https://stats.tennismylife.org/tournaments/mexico-city-3/records/ages/main,9348,mexico-city-3,"Mexico City",A,1969
https://stats.tennismylife.org/tournaments/mexico-city-3/records/ages/titles,9348,mexico-city-3,"Mexico City",A,1969
https://stats.tennismylife.org/tournaments/mexico-city-3/records/ages/oldestrounds,9348,mexico-city-3,"Mexico City",A,1969
https://stats.tennismylife.org/tournaments/mexico-city-3/records/ages/youngestrounds,9348,mexico-city-3,"Mexico City",A,1969
https://stats.tennismylife.org/tournaments/mexico-city-3/records/percentage,9348,mexico-city-3,"Mexico City",A,1969
https://stats.tennismylife.org/tournaments/mexico-city-3/records/percentage/wins,9348,mexico-city-3,"Mexico City",A,1969
https://stats.tennismylife.org/tournaments/mexico-city-3/records/percentage/rounds,9348,mexico-city-3,"Mexico City",A,1969
https://stats.tennismylife.org/tournaments/mexico-city-3/records/streak,9348,mexico-city-3,"Mexico City",A,1969
https://stats.tennismylife.org/tournaments/mexico-city-3/records/timespan,9348,mexico-city-3,"Mexico City",A,1969
https://stats.tennismylife.org/tournaments/mexico-city-3/records/rounds,9348,mexico-city-3,"Mexico City",A,1969
https://stats.tennismylife.org/tournaments/mexico-city-3/records/least,9348,mexico-city-3,"Mexico City",A,1969
https://stats.tennismylife.org/tournaments/mexico-city-3/records/roundsonentries,9348,mexico-city-3,"Mexico City",A,1969
https://stats.tennismylife.org/tournaments/mexico-city-wct/records,7303,mexico-city-wct,"Mexico City WCT",A,1982
https://stats.tennismylife.org/tournaments/mexico-city-wct/records/count,7303,mexico-city-wct,"Mexico City WCT",A,1982
https://stats.tennismylife.org/tournaments/mexico-city-wct/records/count/titles,7303,mexico-city-wct,"Mexico City WCT",A,1982
https://stats.tennismylife.org/tournaments/mexico-city-wct/records/count/wins,7303,mexico-city-wct,"Mexico City WCT",A,1982
https://stats.tennismylife.org/tournaments/mexico-city-wct/records/count/played,7303,mexico-city-wct,"Mexico City WCT",A,1982
https://stats.tennismylife.org/tournaments/mexico-city-wct/records/count/entries,7303,mexico-city-wct,"Mexico City WCT",A,1982
https://stats.tennismylife.org/tournaments/mexico-city-wct/records/ages,7303,mexico-city-wct,"Mexico City WCT",A,1982
https://stats.tennismylife.org/tournaments/mexico-city-wct/records/ages/main,7303,mexico-city-wct,"Mexico City WCT",A,1982
https://stats.tennismylife.org/tournaments/mexico-city-wct/records/ages/titles,7303,mexico-city-wct,"Mexico City WCT",A,1982
https://stats.tennismylife.org/tournaments/mexico-city-wct/records/ages/oldestrounds,7303,mexico-city-wct,"Mexico City WCT",A,1982
https://stats.tennismylife.org/tournaments/mexico-city-wct/records/ages/youngestrounds,7303,mexico-city-wct,"Mexico City WCT",A,1982
https://stats.tennismylife.org/tournaments/mexico-city-wct/records/percentage,7303,mexico-city-wct,"Mexico City WCT",A,1982
https://stats.tennismylife.org/tournaments/mexico-city-wct/records/percentage/wins,7303,mexico-city-wct,"Mexico City WCT",A,1982
https://stats.tennismylife.org/tournaments/mexico-city-wct/records/percentage/rounds,7303,mexico-city-wct,"Mexico City WCT",A,1982
https://stats.tennismylife.org/tournaments/mexico-city-wct/records/streak,7303,mexico-city-wct,"Mexico City WCT",A,1982
https://stats.tennismylife.org/tournaments/mexico-city-wct/records/timespan,7303,mexico-city-wct,"Mexico City WCT",A,1982
https://stats.tennismylife.org/tournaments/mexico-city-wct/records/rounds,7303,mexico-city-wct,"Mexico City WCT",A,1982
https://stats.tennismylife.org/tournaments/mexico-city-wct/records/least,7303,mexico-city-wct,"Mexico City WCT",A,1982
https://stats.tennismylife.org/tournaments/mexico-city-wct/records/roundsonentries,7303,mexico-city-wct,"Mexico City WCT",A,1982
https://stats.tennismylife.org/tournaments/miami/records,681,miami,"Miami",A,1978
https://stats.tennismylife.org/tournaments/miami/records/count,681,miami,"Miami",A,1978
https://stats.tennismylife.org/tournaments/miami/records/count/titles,681,miami,"Miami",A,1978
https://stats.tennismylife.org/tournaments/miami/records/count/wins,681,miami,"Miami",A,1978
https://stats.tennismylife.org/tournaments/miami/records/count/played,681,miami,"Miami",A,1978
https://stats.tennismylife.org/tournaments/miami/records/count/entries,681,miami,"Miami",A,1978
https://stats.tennismylife.org/tournaments/miami/records/ages,681,miami,"Miami",A,1978
https://stats.tennismylife.org/tournaments/miami/records/ages/main,681,miami,"Miami",A,1978
https://stats.tennismylife.org/tournaments/miami/records/ages/titles,681,miami,"Miami",A,1978
https://stats.tennismylife.org/tournaments/miami/records/ages/oldestrounds,681,miami,"Miami",A,1978
https://stats.tennismylife.org/tournaments/miami/records/ages/youngestrounds,681,miami,"Miami",A,1978
https://stats.tennismylife.org/tournaments/miami/records/percentage,681,miami,"Miami",A,1978
https://stats.tennismylife.org/tournaments/miami/records/percentage/wins,681,miami,"Miami",A,1978
https://stats.tennismylife.org/tournaments/miami/records/percentage/rounds,681,miami,"Miami",A,1978
https://stats.tennismylife.org/tournaments/miami/records/streak,681,miami,"Miami",A,1978
https://stats.tennismylife.org/tournaments/miami/records/timespan,681,miami,"Miami",A,1978
https://stats.tennismylife.org/tournaments/miami/records/rounds,681,miami,"Miami",A,1978
https://stats.tennismylife.org/tournaments/miami/records/least,681,miami,"Miami",A,1978
https://stats.tennismylife.org/tournaments/miami/records/roundsonentries,681,miami,"Miami",A,1978
https://stats.tennismylife.org/tournaments/midland-wct/records,6832,midland-wct,"Midland WCT",A,1972
https://stats.tennismylife.org/tournaments/midland-wct/records/count,6832,midland-wct,"Midland WCT",A,1972
https://stats.tennismylife.org/tournaments/midland-wct/records/count/titles,6832,midland-wct,"Midland WCT",A,1972
https://stats.tennismylife.org/tournaments/midland-wct/records/count/wins,6832,midland-wct,"Midland WCT",A,1972
https://stats.tennismylife.org/tournaments/midland-wct/records/count/played,6832,midland-wct,"Midland WCT",A,1972
https://stats.tennismylife.org/tournaments/midland-wct/records/count/entries,6832,midland-wct,"Midland WCT",A,1972
https://stats.tennismylife.org/tournaments/midland-wct/records/ages,6832,midland-wct,"Midland WCT",A,1972
https://stats.tennismylife.org/tournaments/midland-wct/records/ages/main,6832,midland-wct,"Midland WCT",A,1972
https://stats.tennismylife.org/tournaments/midland-wct/records/ages/titles,6832,midland-wct,"Midland WCT",A,1972
https://stats.tennismylife.org/tournaments/midland-wct/records/ages/oldestrounds,6832,midland-wct,"Midland WCT",A,1972
https://stats.tennismylife.org/tournaments/midland-wct/records/ages/youngestrounds,6832,midland-wct,"Midland WCT",A,1972
https://stats.tennismylife.org/tournaments/midland-wct/records/percentage,6832,midland-wct,"Midland WCT",A,1972
https://stats.tennismylife.org/tournaments/midland-wct/records/percentage/wins,6832,midland-wct,"Midland WCT",A,1972
https://stats.tennismylife.org/tournaments/midland-wct/records/percentage/rounds,6832,midland-wct,"Midland WCT",A,1972
https://stats.tennismylife.org/tournaments/midland-wct/records/streak,6832,midland-wct,"Midland WCT",A,1972
https://stats.tennismylife.org/tournaments/midland-wct/records/timespan,6832,midland-wct,"Midland WCT",A,1972
https://stats.tennismylife.org/tournaments/midland-wct/records/rounds,6832,midland-wct,"Midland WCT",A,1972
https://stats.tennismylife.org/tournaments/midland-wct/records/least,6832,midland-wct,"Midland WCT",A,1972
https://stats.tennismylife.org/tournaments/midland-wct/records/roundsonentries,6832,midland-wct,"Midland WCT",A,1972
https://stats.tennismylife.org/tournaments/milan/records,408,milan,"Milan",A|250|500,2005
https://stats.tennismylife.org/tournaments/milan/records/count,408,milan,"Milan",A|250|500,2005
https://stats.tennismylife.org/tournaments/milan/records/count/titles,408,milan,"Milan",A|250|500,2005
https://stats.tennismylife.org/tournaments/milan/records/count/wins,408,milan,"Milan",A|250|500,2005
https://stats.tennismylife.org/tournaments/milan/records/count/played,408,milan,"Milan",A|250|500,2005
https://stats.tennismylife.org/tournaments/milan/records/count/entries,408,milan,"Milan",A|250|500,2005
https://stats.tennismylife.org/tournaments/milan/records/ages,408,milan,"Milan",A|250|500,2005
https://stats.tennismylife.org/tournaments/milan/records/ages/main,408,milan,"Milan",A|250|500,2005
https://stats.tennismylife.org/tournaments/milan/records/ages/titles,408,milan,"Milan",A|250|500,2005
https://stats.tennismylife.org/tournaments/milan/records/ages/oldestrounds,408,milan,"Milan",A|250|500,2005
https://stats.tennismylife.org/tournaments/milan/records/ages/youngestrounds,408,milan,"Milan",A|250|500,2005
https://stats.tennismylife.org/tournaments/milan/records/percentage,408,milan,"Milan",A|250|500,2005
https://stats.tennismylife.org/tournaments/milan/records/percentage/wins,408,milan,"Milan",A|250|500,2005
https://stats.tennismylife.org/tournaments/milan/records/percentage/rounds,408,milan,"Milan",A|250|500,2005
https://stats.tennismylife.org/tournaments/milan/records/streak,408,milan,"Milan",A|250|500,2005
https://stats.tennismylife.org/tournaments/milan/records/timespan,408,milan,"Milan",A|250|500,2005
https://stats.tennismylife.org/tournaments/milan/records/rounds,408,milan,"Milan",A|250|500,2005
https://stats.tennismylife.org/tournaments/milan/records/least,408,milan,"Milan",A|250|500,2005
https://stats.tennismylife.org/tournaments/milan/records/roundsonentries,408,milan,"Milan",A|250|500,2005
https://stats.tennismylife.org/tournaments/milwaukee/records,9285,milwaukee,"Milwaukee",A,1969
https://stats.tennismylife.org/tournaments/milwaukee/records/count,9285,milwaukee,"Milwaukee",A,1969
https://stats.tennismylife.org/tournaments/milwaukee/records/count/titles,9285,milwaukee,"Milwaukee",A,1969
https://stats.tennismylife.org/tournaments/milwaukee/records/count/wins,9285,milwaukee,"Milwaukee",A,1969
https://stats.tennismylife.org/tournaments/milwaukee/records/count/played,9285,milwaukee,"Milwaukee",A,1969
https://stats.tennismylife.org/tournaments/milwaukee/records/count/entries,9285,milwaukee,"Milwaukee",A,1969
https://stats.tennismylife.org/tournaments/milwaukee/records/ages,9285,milwaukee,"Milwaukee",A,1969
https://stats.tennismylife.org/tournaments/milwaukee/records/ages/main,9285,milwaukee,"Milwaukee",A,1969
https://stats.tennismylife.org/tournaments/milwaukee/records/ages/titles,9285,milwaukee,"Milwaukee",A,1969
https://stats.tennismylife.org/tournaments/milwaukee/records/ages/oldestrounds,9285,milwaukee,"Milwaukee",A,1969
https://stats.tennismylife.org/tournaments/milwaukee/records/ages/youngestrounds,9285,milwaukee,"Milwaukee",A,1969
https://stats.tennismylife.org/tournaments/milwaukee/records/percentage,9285,milwaukee,"Milwaukee",A,1969
https://stats.tennismylife.org/tournaments/milwaukee/records/percentage/wins,9285,milwaukee,"Milwaukee",A,1969
https://stats.tennismylife.org/tournaments/milwaukee/records/percentage/rounds,9285,milwaukee,"Milwaukee",A,1969
https://stats.tennismylife.org/tournaments/milwaukee/records/streak,9285,milwaukee,"Milwaukee",A,1969
https://stats.tennismylife.org/tournaments/milwaukee/records/timespan,9285,milwaukee,"Milwaukee",A,1969
https://stats.tennismylife.org/tournaments/milwaukee/records/rounds,9285,milwaukee,"Milwaukee",A,1969
https://stats.tennismylife.org/tournaments/milwaukee/records/least,9285,milwaukee,"Milwaukee",A,1969
https://stats.tennismylife.org/tournaments/milwaukee/records/roundsonentries,9285,milwaukee,"Milwaukee",A,1969
https://stats.tennismylife.org/tournaments/minneapolis-wct/records,9314,minneapolis-wct,"Minneapolis WCT",A,1968
https://stats.tennismylife.org/tournaments/minneapolis-wct/records/count,9314,minneapolis-wct,"Minneapolis WCT",A,1968
https://stats.tennismylife.org/tournaments/minneapolis-wct/records/count/titles,9314,minneapolis-wct,"Minneapolis WCT",A,1968
https://stats.tennismylife.org/tournaments/minneapolis-wct/records/count/wins,9314,minneapolis-wct,"Minneapolis WCT",A,1968
https://stats.tennismylife.org/tournaments/minneapolis-wct/records/count/played,9314,minneapolis-wct,"Minneapolis WCT",A,1968
https://stats.tennismylife.org/tournaments/minneapolis-wct/records/count/entries,9314,minneapolis-wct,"Minneapolis WCT",A,1968
https://stats.tennismylife.org/tournaments/minneapolis-wct/records/ages,9314,minneapolis-wct,"Minneapolis WCT",A,1968
https://stats.tennismylife.org/tournaments/minneapolis-wct/records/ages/main,9314,minneapolis-wct,"Minneapolis WCT",A,1968
https://stats.tennismylife.org/tournaments/minneapolis-wct/records/ages/titles,9314,minneapolis-wct,"Minneapolis WCT",A,1968
https://stats.tennismylife.org/tournaments/minneapolis-wct/records/ages/oldestrounds,9314,minneapolis-wct,"Minneapolis WCT",A,1968
https://stats.tennismylife.org/tournaments/minneapolis-wct/records/ages/youngestrounds,9314,minneapolis-wct,"Minneapolis WCT",A,1968
https://stats.tennismylife.org/tournaments/minneapolis-wct/records/percentage,9314,minneapolis-wct,"Minneapolis WCT",A,1968
https://stats.tennismylife.org/tournaments/minneapolis-wct/records/percentage/wins,9314,minneapolis-wct,"Minneapolis WCT",A,1968
https://stats.tennismylife.org/tournaments/minneapolis-wct/records/percentage/rounds,9314,minneapolis-wct,"Minneapolis WCT",A,1968
https://stats.tennismylife.org/tournaments/minneapolis-wct/records/streak,9314,minneapolis-wct,"Minneapolis WCT",A,1968
https://stats.tennismylife.org/tournaments/minneapolis-wct/records/timespan,9314,minneapolis-wct,"Minneapolis WCT",A,1968
https://stats.tennismylife.org/tournaments/minneapolis-wct/records/rounds,9314,minneapolis-wct,"Minneapolis WCT",A,1968
https://stats.tennismylife.org/tournaments/minneapolis-wct/records/least,9314,minneapolis-wct,"Minneapolis WCT",A,1968
https://stats.tennismylife.org/tournaments/minneapolis-wct/records/roundsonentries,9314,minneapolis-wct,"Minneapolis WCT",A,1968
https://stats.tennismylife.org/tournaments/monterrey/records,345,monterrey,"Monterrey",A,1983
https://stats.tennismylife.org/tournaments/monterrey/records/count,345,monterrey,"Monterrey",A,1983
https://stats.tennismylife.org/tournaments/monterrey/records/count/titles,345,monterrey,"Monterrey",A,1983
https://stats.tennismylife.org/tournaments/monterrey/records/count/wins,345,monterrey,"Monterrey",A,1983
https://stats.tennismylife.org/tournaments/monterrey/records/count/played,345,monterrey,"Monterrey",A,1983
https://stats.tennismylife.org/tournaments/monterrey/records/count/entries,345,monterrey,"Monterrey",A,1983
https://stats.tennismylife.org/tournaments/monterrey/records/ages,345,monterrey,"Monterrey",A,1983
https://stats.tennismylife.org/tournaments/monterrey/records/ages/main,345,monterrey,"Monterrey",A,1983
https://stats.tennismylife.org/tournaments/monterrey/records/ages/titles,345,monterrey,"Monterrey",A,1983
https://stats.tennismylife.org/tournaments/monterrey/records/ages/oldestrounds,345,monterrey,"Monterrey",A,1983
https://stats.tennismylife.org/tournaments/monterrey/records/ages/youngestrounds,345,monterrey,"Monterrey",A,1983
https://stats.tennismylife.org/tournaments/monterrey/records/percentage,345,monterrey,"Monterrey",A,1983
https://stats.tennismylife.org/tournaments/monterrey/records/percentage/wins,345,monterrey,"Monterrey",A,1983
https://stats.tennismylife.org/tournaments/monterrey/records/percentage/rounds,345,monterrey,"Monterrey",A,1983
https://stats.tennismylife.org/tournaments/monterrey/records/streak,345,monterrey,"Monterrey",A,1983
https://stats.tennismylife.org/tournaments/monterrey/records/timespan,345,monterrey,"Monterrey",A,1983
https://stats.tennismylife.org/tournaments/monterrey/records/rounds,345,monterrey,"Monterrey",A,1983
https://stats.tennismylife.org/tournaments/monterrey/records/least,345,monterrey,"Monterrey",A,1983
https://stats.tennismylife.org/tournaments/monterrey/records/roundsonentries,345,monterrey,"Monterrey",A,1983
https://stats.tennismylife.org/tournaments/montevideo/records,544,montevideo,"Montevideo",250,1995
https://stats.tennismylife.org/tournaments/montevideo/records/count,544,montevideo,"Montevideo",250,1995
https://stats.tennismylife.org/tournaments/montevideo/records/count/titles,544,montevideo,"Montevideo",250,1995
https://stats.tennismylife.org/tournaments/montevideo/records/count/wins,544,montevideo,"Montevideo",250,1995
https://stats.tennismylife.org/tournaments/montevideo/records/count/played,544,montevideo,"Montevideo",250,1995
https://stats.tennismylife.org/tournaments/montevideo/records/count/entries,544,montevideo,"Montevideo",250,1995
https://stats.tennismylife.org/tournaments/montevideo/records/ages,544,montevideo,"Montevideo",250,1995
https://stats.tennismylife.org/tournaments/montevideo/records/ages/main,544,montevideo,"Montevideo",250,1995
https://stats.tennismylife.org/tournaments/montevideo/records/ages/titles,544,montevideo,"Montevideo",250,1995
https://stats.tennismylife.org/tournaments/montevideo/records/ages/oldestrounds,544,montevideo,"Montevideo",250,1995
https://stats.tennismylife.org/tournaments/montevideo/records/ages/youngestrounds,544,montevideo,"Montevideo",250,1995
https://stats.tennismylife.org/tournaments/montevideo/records/percentage,544,montevideo,"Montevideo",250,1995
https://stats.tennismylife.org/tournaments/montevideo/records/percentage/wins,544,montevideo,"Montevideo",250,1995
https://stats.tennismylife.org/tournaments/montevideo/records/percentage/rounds,544,montevideo,"Montevideo",250,1995
https://stats.tennismylife.org/tournaments/montevideo/records/streak,544,montevideo,"Montevideo",250,1995
https://stats.tennismylife.org/tournaments/montevideo/records/timespan,544,montevideo,"Montevideo",250,1995
https://stats.tennismylife.org/tournaments/montevideo/records/rounds,544,montevideo,"Montevideo",250,1995
https://stats.tennismylife.org/tournaments/montevideo/records/least,544,montevideo,"Montevideo",250,1995
https://stats.tennismylife.org/tournaments/montevideo/records/roundsonentries,544,montevideo,"Montevideo",250,1995
https://stats.tennismylife.org/tournaments/montreal-wct/records,2052,montreal-wct,"Montreal WCT",A,1972
https://stats.tennismylife.org/tournaments/montreal-wct/records/count,2052,montreal-wct,"Montreal WCT",A,1972
https://stats.tennismylife.org/tournaments/montreal-wct/records/count/titles,2052,montreal-wct,"Montreal WCT",A,1972
https://stats.tennismylife.org/tournaments/montreal-wct/records/count/wins,2052,montreal-wct,"Montreal WCT",A,1972
https://stats.tennismylife.org/tournaments/montreal-wct/records/count/played,2052,montreal-wct,"Montreal WCT",A,1972
https://stats.tennismylife.org/tournaments/montreal-wct/records/count/entries,2052,montreal-wct,"Montreal WCT",A,1972
https://stats.tennismylife.org/tournaments/montreal-wct/records/ages,2052,montreal-wct,"Montreal WCT",A,1972
https://stats.tennismylife.org/tournaments/montreal-wct/records/ages/main,2052,montreal-wct,"Montreal WCT",A,1972
https://stats.tennismylife.org/tournaments/montreal-wct/records/ages/titles,2052,montreal-wct,"Montreal WCT",A,1972
https://stats.tennismylife.org/tournaments/montreal-wct/records/ages/oldestrounds,2052,montreal-wct,"Montreal WCT",A,1972
https://stats.tennismylife.org/tournaments/montreal-wct/records/ages/youngestrounds,2052,montreal-wct,"Montreal WCT",A,1972
https://stats.tennismylife.org/tournaments/montreal-wct/records/percentage,2052,montreal-wct,"Montreal WCT",A,1972
https://stats.tennismylife.org/tournaments/montreal-wct/records/percentage/wins,2052,montreal-wct,"Montreal WCT",A,1972
https://stats.tennismylife.org/tournaments/montreal-wct/records/percentage/rounds,2052,montreal-wct,"Montreal WCT",A,1972
https://stats.tennismylife.org/tournaments/montreal-wct/records/streak,2052,montreal-wct,"Montreal WCT",A,1972
https://stats.tennismylife.org/tournaments/montreal-wct/records/timespan,2052,montreal-wct,"Montreal WCT",A,1972
https://stats.tennismylife.org/tournaments/montreal-wct/records/rounds,2052,montreal-wct,"Montreal WCT",A,1972
https://stats.tennismylife.org/tournaments/montreal-wct/records/least,2052,montreal-wct,"Montreal WCT",A,1972
https://stats.tennismylife.org/tournaments/montreal-wct/records/roundsonentries,2052,montreal-wct,"Montreal WCT",A,1972
https://stats.tennismylife.org/tournaments/mumbai/records,3465,mumbai,"Mumbai",250,2007
https://stats.tennismylife.org/tournaments/mumbai/records/count,3465,mumbai,"Mumbai",250,2007
https://stats.tennismylife.org/tournaments/mumbai/records/count/titles,3465,mumbai,"Mumbai",250,2007
https://stats.tennismylife.org/tournaments/mumbai/records/count/wins,3465,mumbai,"Mumbai",250,2007
https://stats.tennismylife.org/tournaments/mumbai/records/count/played,3465,mumbai,"Mumbai",250,2007
https://stats.tennismylife.org/tournaments/mumbai/records/count/entries,3465,mumbai,"Mumbai",250,2007
https://stats.tennismylife.org/tournaments/mumbai/records/ages,3465,mumbai,"Mumbai",250,2007
https://stats.tennismylife.org/tournaments/mumbai/records/ages/main,3465,mumbai,"Mumbai",250,2007
https://stats.tennismylife.org/tournaments/mumbai/records/ages/titles,3465,mumbai,"Mumbai",250,2007
https://stats.tennismylife.org/tournaments/mumbai/records/ages/oldestrounds,3465,mumbai,"Mumbai",250,2007
https://stats.tennismylife.org/tournaments/mumbai/records/ages/youngestrounds,3465,mumbai,"Mumbai",250,2007
https://stats.tennismylife.org/tournaments/mumbai/records/percentage,3465,mumbai,"Mumbai",250,2007
https://stats.tennismylife.org/tournaments/mumbai/records/percentage/wins,3465,mumbai,"Mumbai",250,2007
https://stats.tennismylife.org/tournaments/mumbai/records/percentage/rounds,3465,mumbai,"Mumbai",250,2007
https://stats.tennismylife.org/tournaments/mumbai/records/streak,3465,mumbai,"Mumbai",250,2007
https://stats.tennismylife.org/tournaments/mumbai/records/timespan,3465,mumbai,"Mumbai",250,2007
https://stats.tennismylife.org/tournaments/mumbai/records/rounds,3465,mumbai,"Mumbai",250,2007
https://stats.tennismylife.org/tournaments/mumbai/records/least,3465,mumbai,"Mumbai",250,2007
https://stats.tennismylife.org/tournaments/mumbai/records/roundsonentries,3465,mumbai,"Mumbai",250,2007
https://stats.tennismylife.org/tournaments/munich-wct/records,804,munich-wct,"Munich WCT",A,1983
https://stats.tennismylife.org/tournaments/munich-wct/records/count,804,munich-wct,"Munich WCT",A,1983
https://stats.tennismylife.org/tournaments/munich-wct/records/count/titles,804,munich-wct,"Munich WCT",A,1983
https://stats.tennismylife.org/tournaments/munich-wct/records/count/wins,804,munich-wct,"Munich WCT",A,1983
https://stats.tennismylife.org/tournaments/munich-wct/records/count/played,804,munich-wct,"Munich WCT",A,1983
https://stats.tennismylife.org/tournaments/munich-wct/records/count/entries,804,munich-wct,"Munich WCT",A,1983
https://stats.tennismylife.org/tournaments/munich-wct/records/ages,804,munich-wct,"Munich WCT",A,1983
https://stats.tennismylife.org/tournaments/munich-wct/records/ages/main,804,munich-wct,"Munich WCT",A,1983
https://stats.tennismylife.org/tournaments/munich-wct/records/ages/titles,804,munich-wct,"Munich WCT",A,1983
https://stats.tennismylife.org/tournaments/munich-wct/records/ages/oldestrounds,804,munich-wct,"Munich WCT",A,1983
https://stats.tennismylife.org/tournaments/munich-wct/records/ages/youngestrounds,804,munich-wct,"Munich WCT",A,1983
https://stats.tennismylife.org/tournaments/munich-wct/records/percentage,804,munich-wct,"Munich WCT",A,1983
https://stats.tennismylife.org/tournaments/munich-wct/records/percentage/wins,804,munich-wct,"Munich WCT",A,1983
https://stats.tennismylife.org/tournaments/munich-wct/records/percentage/rounds,804,munich-wct,"Munich WCT",A,1983
https://stats.tennismylife.org/tournaments/munich-wct/records/streak,804,munich-wct,"Munich WCT",A,1983
https://stats.tennismylife.org/tournaments/munich-wct/records/timespan,804,munich-wct,"Munich WCT",A,1983
https://stats.tennismylife.org/tournaments/munich-wct/records/rounds,804,munich-wct,"Munich WCT",A,1983
https://stats.tennismylife.org/tournaments/munich-wct/records/least,804,munich-wct,"Munich WCT",A,1983
https://stats.tennismylife.org/tournaments/munich-wct/records/roundsonentries,804,munich-wct,"Munich WCT",A,1983
https://stats.tennismylife.org/tournaments/murcia/records,2009,murcia,"Murcia",A,1977
https://stats.tennismylife.org/tournaments/murcia/records/count,2009,murcia,"Murcia",A,1977
https://stats.tennismylife.org/tournaments/murcia/records/count/titles,2009,murcia,"Murcia",A,1977
https://stats.tennismylife.org/tournaments/murcia/records/count/wins,2009,murcia,"Murcia",A,1977
https://stats.tennismylife.org/tournaments/murcia/records/count/played,2009,murcia,"Murcia",A,1977
https://stats.tennismylife.org/tournaments/murcia/records/count/entries,2009,murcia,"Murcia",A,1977
https://stats.tennismylife.org/tournaments/murcia/records/ages,2009,murcia,"Murcia",A,1977
https://stats.tennismylife.org/tournaments/murcia/records/ages/main,2009,murcia,"Murcia",A,1977
https://stats.tennismylife.org/tournaments/murcia/records/ages/titles,2009,murcia,"Murcia",A,1977
https://stats.tennismylife.org/tournaments/murcia/records/ages/oldestrounds,2009,murcia,"Murcia",A,1977
https://stats.tennismylife.org/tournaments/murcia/records/ages/youngestrounds,2009,murcia,"Murcia",A,1977
https://stats.tennismylife.org/tournaments/murcia/records/percentage,2009,murcia,"Murcia",A,1977
https://stats.tennismylife.org/tournaments/murcia/records/percentage/wins,2009,murcia,"Murcia",A,1977
https://stats.tennismylife.org/tournaments/murcia/records/percentage/rounds,2009,murcia,"Murcia",A,1977
https://stats.tennismylife.org/tournaments/murcia/records/streak,2009,murcia,"Murcia",A,1977
https://stats.tennismylife.org/tournaments/murcia/records/timespan,2009,murcia,"Murcia",A,1977
https://stats.tennismylife.org/tournaments/murcia/records/rounds,2009,murcia,"Murcia",A,1977
https://stats.tennismylife.org/tournaments/murcia/records/least,2009,murcia,"Murcia",A,1977
https://stats.tennismylife.org/tournaments/murcia/records/roundsonentries,2009,murcia,"Murcia",A,1977
https://stats.tennismylife.org/tournaments/nancy/records,304,nancy,"Nancy",A,1989
https://stats.tennismylife.org/tournaments/nancy/records/count,304,nancy,"Nancy",A,1989
https://stats.tennismylife.org/tournaments/nancy/records/count/titles,304,nancy,"Nancy",A,1989
https://stats.tennismylife.org/tournaments/nancy/records/count/wins,304,nancy,"Nancy",A,1989
https://stats.tennismylife.org/tournaments/nancy/records/count/played,304,nancy,"Nancy",A,1989
https://stats.tennismylife.org/tournaments/nancy/records/count/entries,304,nancy,"Nancy",A,1989
https://stats.tennismylife.org/tournaments/nancy/records/ages,304,nancy,"Nancy",A,1989
https://stats.tennismylife.org/tournaments/nancy/records/ages/main,304,nancy,"Nancy",A,1989
https://stats.tennismylife.org/tournaments/nancy/records/ages/titles,304,nancy,"Nancy",A,1989
https://stats.tennismylife.org/tournaments/nancy/records/ages/oldestrounds,304,nancy,"Nancy",A,1989
https://stats.tennismylife.org/tournaments/nancy/records/ages/youngestrounds,304,nancy,"Nancy",A,1989
https://stats.tennismylife.org/tournaments/nancy/records/percentage,304,nancy,"Nancy",A,1989
https://stats.tennismylife.org/tournaments/nancy/records/percentage/wins,304,nancy,"Nancy",A,1989
https://stats.tennismylife.org/tournaments/nancy/records/percentage/rounds,304,nancy,"Nancy",A,1989
https://stats.tennismylife.org/tournaments/nancy/records/streak,304,nancy,"Nancy",A,1989
https://stats.tennismylife.org/tournaments/nancy/records/timespan,304,nancy,"Nancy",A,1989
https://stats.tennismylife.org/tournaments/nancy/records/rounds,304,nancy,"Nancy",A,1989
https://stats.tennismylife.org/tournaments/nancy/records/least,304,nancy,"Nancy",A,1989
https://stats.tennismylife.org/tournaments/nancy/records/roundsonentries,304,nancy,"Nancy",A,1989
https://stats.tennismylife.org/tournaments/napa/records,356,napa,"Napa",A,1981
https://stats.tennismylife.org/tournaments/napa/records/count,356,napa,"Napa",A,1981
https://stats.tennismylife.org/tournaments/napa/records/count/titles,356,napa,"Napa",A,1981
https://stats.tennismylife.org/tournaments/napa/records/count/wins,356,napa,"Napa",A,1981
https://stats.tennismylife.org/tournaments/napa/records/count/played,356,napa,"Napa",A,1981
https://stats.tennismylife.org/tournaments/napa/records/count/entries,356,napa,"Napa",A,1981
https://stats.tennismylife.org/tournaments/napa/records/ages,356,napa,"Napa",A,1981
https://stats.tennismylife.org/tournaments/napa/records/ages/main,356,napa,"Napa",A,1981
https://stats.tennismylife.org/tournaments/napa/records/ages/titles,356,napa,"Napa",A,1981
https://stats.tennismylife.org/tournaments/napa/records/ages/oldestrounds,356,napa,"Napa",A,1981
https://stats.tennismylife.org/tournaments/napa/records/ages/youngestrounds,356,napa,"Napa",A,1981
https://stats.tennismylife.org/tournaments/napa/records/percentage,356,napa,"Napa",A,1981
https://stats.tennismylife.org/tournaments/napa/records/percentage/wins,356,napa,"Napa",A,1981
https://stats.tennismylife.org/tournaments/napa/records/percentage/rounds,356,napa,"Napa",A,1981
https://stats.tennismylife.org/tournaments/napa/records/streak,356,napa,"Napa",A,1981
https://stats.tennismylife.org/tournaments/napa/records/timespan,356,napa,"Napa",A,1981
https://stats.tennismylife.org/tournaments/napa/records/rounds,356,napa,"Napa",A,1981
https://stats.tennismylife.org/tournaments/napa/records/least,356,napa,"Napa",A,1981
https://stats.tennismylife.org/tournaments/napa/records/roundsonentries,356,napa,"Napa",A,1981
https://stats.tennismylife.org/tournaments/naples-2/records,9339,naples-2,"Naples",A,1968
https://stats.tennismylife.org/tournaments/naples-2/records/count,9339,naples-2,"Naples",A,1968
https://stats.tennismylife.org/tournaments/naples-2/records/count/titles,9339,naples-2,"Naples",A,1968
https://stats.tennismylife.org/tournaments/naples-2/records/count/wins,9339,naples-2,"Naples",A,1968
https://stats.tennismylife.org/tournaments/naples-2/records/count/played,9339,naples-2,"Naples",A,1968
https://stats.tennismylife.org/tournaments/naples-2/records/count/entries,9339,naples-2,"Naples",A,1968
https://stats.tennismylife.org/tournaments/naples-2/records/ages,9339,naples-2,"Naples",A,1968
https://stats.tennismylife.org/tournaments/naples-2/records/ages/main,9339,naples-2,"Naples",A,1968
https://stats.tennismylife.org/tournaments/naples-2/records/ages/titles,9339,naples-2,"Naples",A,1968
https://stats.tennismylife.org/tournaments/naples-2/records/ages/oldestrounds,9339,naples-2,"Naples",A,1968
https://stats.tennismylife.org/tournaments/naples-2/records/ages/youngestrounds,9339,naples-2,"Naples",A,1968
https://stats.tennismylife.org/tournaments/naples-2/records/percentage,9339,naples-2,"Naples",A,1968
https://stats.tennismylife.org/tournaments/naples-2/records/percentage/wins,9339,naples-2,"Naples",A,1968
https://stats.tennismylife.org/tournaments/naples-2/records/percentage/rounds,9339,naples-2,"Naples",A,1968
https://stats.tennismylife.org/tournaments/naples-2/records/streak,9339,naples-2,"Naples",A,1968
https://stats.tennismylife.org/tournaments/naples-2/records/timespan,9339,naples-2,"Naples",A,1968
https://stats.tennismylife.org/tournaments/naples-2/records/rounds,9339,naples-2,"Naples",A,1968
https://stats.tennismylife.org/tournaments/naples-2/records/least,9339,naples-2,"Naples",A,1968
https://stats.tennismylife.org/tournaments/naples-2/records/roundsonentries,9339,naples-2,"Naples",A,1968
https://stats.tennismylife.org/tournaments/naples-wct/records,806,naples-wct,"Naples WCT",A,1982
https://stats.tennismylife.org/tournaments/naples-wct/records/count,806,naples-wct,"Naples WCT",A,1982
https://stats.tennismylife.org/tournaments/naples-wct/records/count/titles,806,naples-wct,"Naples WCT",A,1982
https://stats.tennismylife.org/tournaments/naples-wct/records/count/wins,806,naples-wct,"Naples WCT",A,1982
https://stats.tennismylife.org/tournaments/naples-wct/records/count/played,806,naples-wct,"Naples WCT",A,1982
https://stats.tennismylife.org/tournaments/naples-wct/records/count/entries,806,naples-wct,"Naples WCT",A,1982
https://stats.tennismylife.org/tournaments/naples-wct/records/ages,806,naples-wct,"Naples WCT",A,1982
https://stats.tennismylife.org/tournaments/naples-wct/records/ages/main,806,naples-wct,"Naples WCT",A,1982
https://stats.tennismylife.org/tournaments/naples-wct/records/ages/titles,806,naples-wct,"Naples WCT",A,1982
https://stats.tennismylife.org/tournaments/naples-wct/records/ages/oldestrounds,806,naples-wct,"Naples WCT",A,1982
https://stats.tennismylife.org/tournaments/naples-wct/records/ages/youngestrounds,806,naples-wct,"Naples WCT",A,1982
https://stats.tennismylife.org/tournaments/naples-wct/records/percentage,806,naples-wct,"Naples WCT",A,1982
https://stats.tennismylife.org/tournaments/naples-wct/records/percentage/wins,806,naples-wct,"Naples WCT",A,1982
https://stats.tennismylife.org/tournaments/naples-wct/records/percentage/rounds,806,naples-wct,"Naples WCT",A,1982
https://stats.tennismylife.org/tournaments/naples-wct/records/streak,806,naples-wct,"Naples WCT",A,1982
https://stats.tennismylife.org/tournaments/naples-wct/records/timespan,806,naples-wct,"Naples WCT",A,1982
https://stats.tennismylife.org/tournaments/naples-wct/records/rounds,806,naples-wct,"Naples WCT",A,1982
https://stats.tennismylife.org/tournaments/naples-wct/records/least,806,naples-wct,"Naples WCT",A,1982
https://stats.tennismylife.org/tournaments/naples-wct/records/roundsonentries,806,naples-wct,"Naples WCT",A,1982
https://stats.tennismylife.org/tournaments/nashville/records,9331,nashville,"Nashville",A,1968
https://stats.tennismylife.org/tournaments/nashville/records/count,9331,nashville,"Nashville",A,1968
https://stats.tennismylife.org/tournaments/nashville/records/count/titles,9331,nashville,"Nashville",A,1968
https://stats.tennismylife.org/tournaments/nashville/records/count/wins,9331,nashville,"Nashville",A,1968
https://stats.tennismylife.org/tournaments/nashville/records/count/played,9331,nashville,"Nashville",A,1968
https://stats.tennismylife.org/tournaments/nashville/records/count/entries,9331,nashville,"Nashville",A,1968
https://stats.tennismylife.org/tournaments/nashville/records/ages,9331,nashville,"Nashville",A,1968
https://stats.tennismylife.org/tournaments/nashville/records/ages/main,9331,nashville,"Nashville",A,1968
https://stats.tennismylife.org/tournaments/nashville/records/ages/titles,9331,nashville,"Nashville",A,1968
https://stats.tennismylife.org/tournaments/nashville/records/ages/oldestrounds,9331,nashville,"Nashville",A,1968
https://stats.tennismylife.org/tournaments/nashville/records/ages/youngestrounds,9331,nashville,"Nashville",A,1968
https://stats.tennismylife.org/tournaments/nashville/records/percentage,9331,nashville,"Nashville",A,1968
https://stats.tennismylife.org/tournaments/nashville/records/percentage/wins,9331,nashville,"Nashville",A,1968
https://stats.tennismylife.org/tournaments/nashville/records/percentage/rounds,9331,nashville,"Nashville",A,1968
https://stats.tennismylife.org/tournaments/nashville/records/streak,9331,nashville,"Nashville",A,1968
https://stats.tennismylife.org/tournaments/nashville/records/timespan,9331,nashville,"Nashville",A,1968
https://stats.tennismylife.org/tournaments/nashville/records/rounds,9331,nashville,"Nashville",A,1968
https://stats.tennismylife.org/tournaments/nashville/records/least,9331,nashville,"Nashville",A,1968
https://stats.tennismylife.org/tournaments/nashville/records/roundsonentries,9331,nashville,"Nashville",A,1968
https://stats.tennismylife.org/tournaments/new-delhi/records,2045,new-delhi,"New Delhi",A,1973
https://stats.tennismylife.org/tournaments/new-delhi/records/count,2045,new-delhi,"New Delhi",A,1973
https://stats.tennismylife.org/tournaments/new-delhi/records/count/titles,2045,new-delhi,"New Delhi",A,1973
https://stats.tennismylife.org/tournaments/new-delhi/records/count/wins,2045,new-delhi,"New Delhi",A,1973
https://stats.tennismylife.org/tournaments/new-delhi/records/count/played,2045,new-delhi,"New Delhi",A,1973
https://stats.tennismylife.org/tournaments/new-delhi/records/count/entries,2045,new-delhi,"New Delhi",A,1973
https://stats.tennismylife.org/tournaments/new-delhi/records/ages,2045,new-delhi,"New Delhi",A,1973
https://stats.tennismylife.org/tournaments/new-delhi/records/ages/main,2045,new-delhi,"New Delhi",A,1973
https://stats.tennismylife.org/tournaments/new-delhi/records/ages/titles,2045,new-delhi,"New Delhi",A,1973
https://stats.tennismylife.org/tournaments/new-delhi/records/ages/oldestrounds,2045,new-delhi,"New Delhi",A,1973
https://stats.tennismylife.org/tournaments/new-delhi/records/ages/youngestrounds,2045,new-delhi,"New Delhi",A,1973
https://stats.tennismylife.org/tournaments/new-delhi/records/percentage,2045,new-delhi,"New Delhi",A,1973
https://stats.tennismylife.org/tournaments/new-delhi/records/percentage/wins,2045,new-delhi,"New Delhi",A,1973
https://stats.tennismylife.org/tournaments/new-delhi/records/percentage/rounds,2045,new-delhi,"New Delhi",A,1973
https://stats.tennismylife.org/tournaments/new-delhi/records/streak,2045,new-delhi,"New Delhi",A,1973
https://stats.tennismylife.org/tournaments/new-delhi/records/timespan,2045,new-delhi,"New Delhi",A,1973
https://stats.tennismylife.org/tournaments/new-delhi/records/rounds,2045,new-delhi,"New Delhi",A,1973
https://stats.tennismylife.org/tournaments/new-delhi/records/least,2045,new-delhi,"New Delhi",A,1973
https://stats.tennismylife.org/tournaments/new-delhi/records/roundsonentries,2045,new-delhi,"New Delhi",A,1973
https://stats.tennismylife.org/tournaments/new-haven/records,420,new-haven,"New Haven",A|500,1998
https://stats.tennismylife.org/tournaments/new-haven/records/count,420,new-haven,"New Haven",A|500,1998
https://stats.tennismylife.org/tournaments/new-haven/records/count/titles,420,new-haven,"New Haven",A|500,1998
https://stats.tennismylife.org/tournaments/new-haven/records/count/wins,420,new-haven,"New Haven",A|500,1998
https://stats.tennismylife.org/tournaments/new-haven/records/count/played,420,new-haven,"New Haven",A|500,1998
https://stats.tennismylife.org/tournaments/new-haven/records/count/entries,420,new-haven,"New Haven",A|500,1998
https://stats.tennismylife.org/tournaments/new-haven/records/ages,420,new-haven,"New Haven",A|500,1998
https://stats.tennismylife.org/tournaments/new-haven/records/ages/main,420,new-haven,"New Haven",A|500,1998
https://stats.tennismylife.org/tournaments/new-haven/records/ages/titles,420,new-haven,"New Haven",A|500,1998
https://stats.tennismylife.org/tournaments/new-haven/records/ages/oldestrounds,420,new-haven,"New Haven",A|500,1998
https://stats.tennismylife.org/tournaments/new-haven/records/ages/youngestrounds,420,new-haven,"New Haven",A|500,1998
https://stats.tennismylife.org/tournaments/new-haven/records/percentage,420,new-haven,"New Haven",A|500,1998
https://stats.tennismylife.org/tournaments/new-haven/records/percentage/wins,420,new-haven,"New Haven",A|500,1998
https://stats.tennismylife.org/tournaments/new-haven/records/percentage/rounds,420,new-haven,"New Haven",A|500,1998
https://stats.tennismylife.org/tournaments/new-haven/records/streak,420,new-haven,"New Haven",A|500,1998
https://stats.tennismylife.org/tournaments/new-haven/records/timespan,420,new-haven,"New Haven",A|500,1998
https://stats.tennismylife.org/tournaments/new-haven/records/rounds,420,new-haven,"New Haven",A|500,1998
https://stats.tennismylife.org/tournaments/new-haven/records/least,420,new-haven,"New Haven",A|500,1998
https://stats.tennismylife.org/tournaments/new-haven/records/roundsonentries,420,new-haven,"New Haven",A|500,1998
https://stats.tennismylife.org/tournaments/new-haven-2/records,3348,new-haven-2,"New Haven",250,2010
https://stats.tennismylife.org/tournaments/new-haven-2/records/count,3348,new-haven-2,"New Haven",250,2010
https://stats.tennismylife.org/tournaments/new-haven-2/records/count/titles,3348,new-haven-2,"New Haven",250,2010
https://stats.tennismylife.org/tournaments/new-haven-2/records/count/wins,3348,new-haven-2,"New Haven",250,2010
https://stats.tennismylife.org/tournaments/new-haven-2/records/count/played,3348,new-haven-2,"New Haven",250,2010
https://stats.tennismylife.org/tournaments/new-haven-2/records/count/entries,3348,new-haven-2,"New Haven",250,2010
https://stats.tennismylife.org/tournaments/new-haven-2/records/ages,3348,new-haven-2,"New Haven",250,2010
https://stats.tennismylife.org/tournaments/new-haven-2/records/ages/main,3348,new-haven-2,"New Haven",250,2010
https://stats.tennismylife.org/tournaments/new-haven-2/records/ages/titles,3348,new-haven-2,"New Haven",250,2010
https://stats.tennismylife.org/tournaments/new-haven-2/records/ages/oldestrounds,3348,new-haven-2,"New Haven",250,2010
https://stats.tennismylife.org/tournaments/new-haven-2/records/ages/youngestrounds,3348,new-haven-2,"New Haven",250,2010
https://stats.tennismylife.org/tournaments/new-haven-2/records/percentage,3348,new-haven-2,"New Haven",250,2010
https://stats.tennismylife.org/tournaments/new-haven-2/records/percentage/wins,3348,new-haven-2,"New Haven",250,2010
https://stats.tennismylife.org/tournaments/new-haven-2/records/percentage/rounds,3348,new-haven-2,"New Haven",250,2010
https://stats.tennismylife.org/tournaments/new-haven-2/records/streak,3348,new-haven-2,"New Haven",250,2010
https://stats.tennismylife.org/tournaments/new-haven-2/records/timespan,3348,new-haven-2,"New Haven",250,2010
https://stats.tennismylife.org/tournaments/new-haven-2/records/rounds,3348,new-haven-2,"New Haven",250,2010
https://stats.tennismylife.org/tournaments/new-haven-2/records/least,3348,new-haven-2,"New Haven",250,2010
https://stats.tennismylife.org/tournaments/new-haven-2/records/roundsonentries,3348,new-haven-2,"New Haven",250,2010
https://stats.tennismylife.org/tournaments/new-orleans/records,715,new-orleans,"New Orleans",A,1980
https://stats.tennismylife.org/tournaments/new-orleans/records/count,715,new-orleans,"New Orleans",A,1980
https://stats.tennismylife.org/tournaments/new-orleans/records/count/titles,715,new-orleans,"New Orleans",A,1980
https://stats.tennismylife.org/tournaments/new-orleans/records/count/wins,715,new-orleans,"New Orleans",A,1980
https://stats.tennismylife.org/tournaments/new-orleans/records/count/played,715,new-orleans,"New Orleans",A,1980
https://stats.tennismylife.org/tournaments/new-orleans/records/count/entries,715,new-orleans,"New Orleans",A,1980
https://stats.tennismylife.org/tournaments/new-orleans/records/ages,715,new-orleans,"New Orleans",A,1980
https://stats.tennismylife.org/tournaments/new-orleans/records/ages/main,715,new-orleans,"New Orleans",A,1980
https://stats.tennismylife.org/tournaments/new-orleans/records/ages/titles,715,new-orleans,"New Orleans",A,1980
https://stats.tennismylife.org/tournaments/new-orleans/records/ages/oldestrounds,715,new-orleans,"New Orleans",A,1980
https://stats.tennismylife.org/tournaments/new-orleans/records/ages/youngestrounds,715,new-orleans,"New Orleans",A,1980
https://stats.tennismylife.org/tournaments/new-orleans/records/percentage,715,new-orleans,"New Orleans",A,1980
https://stats.tennismylife.org/tournaments/new-orleans/records/percentage/wins,715,new-orleans,"New Orleans",A,1980
https://stats.tennismylife.org/tournaments/new-orleans/records/percentage/rounds,715,new-orleans,"New Orleans",A,1980
https://stats.tennismylife.org/tournaments/new-orleans/records/streak,715,new-orleans,"New Orleans",A,1980
https://stats.tennismylife.org/tournaments/new-orleans/records/timespan,715,new-orleans,"New Orleans",A,1980
https://stats.tennismylife.org/tournaments/new-orleans/records/rounds,715,new-orleans,"New Orleans",A,1980
https://stats.tennismylife.org/tournaments/new-orleans/records/least,715,new-orleans,"New Orleans",A,1980
https://stats.tennismylife.org/tournaments/new-orleans/records/roundsonentries,715,new-orleans,"New Orleans",A,1980
https://stats.tennismylife.org/tournaments/new-orleans-2/records,9278,new-orleans-2,"New Orleans",A,1970
https://stats.tennismylife.org/tournaments/new-orleans-2/records/count,9278,new-orleans-2,"New Orleans",A,1970
https://stats.tennismylife.org/tournaments/new-orleans-2/records/count/titles,9278,new-orleans-2,"New Orleans",A,1970
https://stats.tennismylife.org/tournaments/new-orleans-2/records/count/wins,9278,new-orleans-2,"New Orleans",A,1970
https://stats.tennismylife.org/tournaments/new-orleans-2/records/count/played,9278,new-orleans-2,"New Orleans",A,1970
https://stats.tennismylife.org/tournaments/new-orleans-2/records/count/entries,9278,new-orleans-2,"New Orleans",A,1970
https://stats.tennismylife.org/tournaments/new-orleans-2/records/ages,9278,new-orleans-2,"New Orleans",A,1970
https://stats.tennismylife.org/tournaments/new-orleans-2/records/ages/main,9278,new-orleans-2,"New Orleans",A,1970
https://stats.tennismylife.org/tournaments/new-orleans-2/records/ages/titles,9278,new-orleans-2,"New Orleans",A,1970
https://stats.tennismylife.org/tournaments/new-orleans-2/records/ages/oldestrounds,9278,new-orleans-2,"New Orleans",A,1970
https://stats.tennismylife.org/tournaments/new-orleans-2/records/ages/youngestrounds,9278,new-orleans-2,"New Orleans",A,1970
https://stats.tennismylife.org/tournaments/new-orleans-2/records/percentage,9278,new-orleans-2,"New Orleans",A,1970
https://stats.tennismylife.org/tournaments/new-orleans-2/records/percentage/wins,9278,new-orleans-2,"New Orleans",A,1970
https://stats.tennismylife.org/tournaments/new-orleans-2/records/percentage/rounds,9278,new-orleans-2,"New Orleans",A,1970
https://stats.tennismylife.org/tournaments/new-orleans-2/records/streak,9278,new-orleans-2,"New Orleans",A,1970
https://stats.tennismylife.org/tournaments/new-orleans-2/records/timespan,9278,new-orleans-2,"New Orleans",A,1970
https://stats.tennismylife.org/tournaments/new-orleans-2/records/rounds,9278,new-orleans-2,"New Orleans",A,1970
https://stats.tennismylife.org/tournaments/new-orleans-2/records/least,9278,new-orleans-2,"New Orleans",A,1970
https://stats.tennismylife.org/tournaments/new-orleans-2/records/roundsonentries,9278,new-orleans-2,"New Orleans",A,1970
https://stats.tennismylife.org/tournaments/new-orleans-wct/records,2035,new-orleans-wct,"New Orleans WCT",A,1974
https://stats.tennismylife.org/tournaments/new-orleans-wct/records/count,2035,new-orleans-wct,"New Orleans WCT",A,1974
https://stats.tennismylife.org/tournaments/new-orleans-wct/records/count/titles,2035,new-orleans-wct,"New Orleans WCT",A,1974
https://stats.tennismylife.org/tournaments/new-orleans-wct/records/count/wins,2035,new-orleans-wct,"New Orleans WCT",A,1974
https://stats.tennismylife.org/tournaments/new-orleans-wct/records/count/played,2035,new-orleans-wct,"New Orleans WCT",A,1974
https://stats.tennismylife.org/tournaments/new-orleans-wct/records/count/entries,2035,new-orleans-wct,"New Orleans WCT",A,1974
https://stats.tennismylife.org/tournaments/new-orleans-wct/records/ages,2035,new-orleans-wct,"New Orleans WCT",A,1974
https://stats.tennismylife.org/tournaments/new-orleans-wct/records/ages/main,2035,new-orleans-wct,"New Orleans WCT",A,1974
https://stats.tennismylife.org/tournaments/new-orleans-wct/records/ages/titles,2035,new-orleans-wct,"New Orleans WCT",A,1974
https://stats.tennismylife.org/tournaments/new-orleans-wct/records/ages/oldestrounds,2035,new-orleans-wct,"New Orleans WCT",A,1974
https://stats.tennismylife.org/tournaments/new-orleans-wct/records/ages/youngestrounds,2035,new-orleans-wct,"New Orleans WCT",A,1974
https://stats.tennismylife.org/tournaments/new-orleans-wct/records/percentage,2035,new-orleans-wct,"New Orleans WCT",A,1974
https://stats.tennismylife.org/tournaments/new-orleans-wct/records/percentage/wins,2035,new-orleans-wct,"New Orleans WCT",A,1974
https://stats.tennismylife.org/tournaments/new-orleans-wct/records/percentage/rounds,2035,new-orleans-wct,"New Orleans WCT",A,1974
https://stats.tennismylife.org/tournaments/new-orleans-wct/records/streak,2035,new-orleans-wct,"New Orleans WCT",A,1974
https://stats.tennismylife.org/tournaments/new-orleans-wct/records/timespan,2035,new-orleans-wct,"New Orleans WCT",A,1974
https://stats.tennismylife.org/tournaments/new-orleans-wct/records/rounds,2035,new-orleans-wct,"New Orleans WCT",A,1974
https://stats.tennismylife.org/tournaments/new-orleans-wct/records/least,2035,new-orleans-wct,"New Orleans WCT",A,1974
https://stats.tennismylife.org/tournaments/new-orleans-wct/records/roundsonentries,2035,new-orleans-wct,"New Orleans WCT",A,1974
https://stats.tennismylife.org/tournaments/new-orleans-wct-2/records,9299,new-orleans-wct-2,"New Orleans WCT",A,1968
https://stats.tennismylife.org/tournaments/new-orleans-wct-2/records/count,9299,new-orleans-wct-2,"New Orleans WCT",A,1968
https://stats.tennismylife.org/tournaments/new-orleans-wct-2/records/count/titles,9299,new-orleans-wct-2,"New Orleans WCT",A,1968
https://stats.tennismylife.org/tournaments/new-orleans-wct-2/records/count/wins,9299,new-orleans-wct-2,"New Orleans WCT",A,1968
https://stats.tennismylife.org/tournaments/new-orleans-wct-2/records/count/played,9299,new-orleans-wct-2,"New Orleans WCT",A,1968
https://stats.tennismylife.org/tournaments/new-orleans-wct-2/records/count/entries,9299,new-orleans-wct-2,"New Orleans WCT",A,1968
https://stats.tennismylife.org/tournaments/new-orleans-wct-2/records/ages,9299,new-orleans-wct-2,"New Orleans WCT",A,1968
https://stats.tennismylife.org/tournaments/new-orleans-wct-2/records/ages/main,9299,new-orleans-wct-2,"New Orleans WCT",A,1968
https://stats.tennismylife.org/tournaments/new-orleans-wct-2/records/ages/titles,9299,new-orleans-wct-2,"New Orleans WCT",A,1968
https://stats.tennismylife.org/tournaments/new-orleans-wct-2/records/ages/oldestrounds,9299,new-orleans-wct-2,"New Orleans WCT",A,1968
https://stats.tennismylife.org/tournaments/new-orleans-wct-2/records/ages/youngestrounds,9299,new-orleans-wct-2,"New Orleans WCT",A,1968
https://stats.tennismylife.org/tournaments/new-orleans-wct-2/records/percentage,9299,new-orleans-wct-2,"New Orleans WCT",A,1968
https://stats.tennismylife.org/tournaments/new-orleans-wct-2/records/percentage/wins,9299,new-orleans-wct-2,"New Orleans WCT",A,1968
https://stats.tennismylife.org/tournaments/new-orleans-wct-2/records/percentage/rounds,9299,new-orleans-wct-2,"New Orleans WCT",A,1968
https://stats.tennismylife.org/tournaments/new-orleans-wct-2/records/streak,9299,new-orleans-wct-2,"New Orleans WCT",A,1968
https://stats.tennismylife.org/tournaments/new-orleans-wct-2/records/timespan,9299,new-orleans-wct-2,"New Orleans WCT",A,1968
https://stats.tennismylife.org/tournaments/new-orleans-wct-2/records/rounds,9299,new-orleans-wct-2,"New Orleans WCT",A,1968
https://stats.tennismylife.org/tournaments/new-orleans-wct-2/records/least,9299,new-orleans-wct-2,"New Orleans WCT",A,1968
https://stats.tennismylife.org/tournaments/new-orleans-wct-2/records/roundsonentries,9299,new-orleans-wct-2,"New Orleans WCT",A,1968
https://stats.tennismylife.org/tournaments/new-york/records,2025,new-york,"New York",A,1975
https://stats.tennismylife.org/tournaments/new-york/records/count,2025,new-york,"New York",A,1975
https://stats.tennismylife.org/tournaments/new-york/records/count/titles,2025,new-york,"New York",A,1975
https://stats.tennismylife.org/tournaments/new-york/records/count/wins,2025,new-york,"New York",A,1975
https://stats.tennismylife.org/tournaments/new-york/records/count/played,2025,new-york,"New York",A,1975
https://stats.tennismylife.org/tournaments/new-york/records/count/entries,2025,new-york,"New York",A,1975
https://stats.tennismylife.org/tournaments/new-york/records/ages,2025,new-york,"New York",A,1975
https://stats.tennismylife.org/tournaments/new-york/records/ages/main,2025,new-york,"New York",A,1975
https://stats.tennismylife.org/tournaments/new-york/records/ages/titles,2025,new-york,"New York",A,1975
https://stats.tennismylife.org/tournaments/new-york/records/ages/oldestrounds,2025,new-york,"New York",A,1975
https://stats.tennismylife.org/tournaments/new-york/records/ages/youngestrounds,2025,new-york,"New York",A,1975
https://stats.tennismylife.org/tournaments/new-york/records/percentage,2025,new-york,"New York",A,1975
https://stats.tennismylife.org/tournaments/new-york/records/percentage/wins,2025,new-york,"New York",A,1975
https://stats.tennismylife.org/tournaments/new-york/records/percentage/rounds,2025,new-york,"New York",A,1975
https://stats.tennismylife.org/tournaments/new-york/records/streak,2025,new-york,"New York",A,1975
https://stats.tennismylife.org/tournaments/new-york/records/timespan,2025,new-york,"New York",A,1975
https://stats.tennismylife.org/tournaments/new-york/records/rounds,2025,new-york,"New York",A,1975
https://stats.tennismylife.org/tournaments/new-york/records/least,2025,new-york,"New York",A,1975
https://stats.tennismylife.org/tournaments/new-york/records/roundsonentries,2025,new-york,"New York",A,1975
https://stats.tennismylife.org/tournaments/new-york-1/records,2058,new-york-1,"New York-1",A,1972
https://stats.tennismylife.org/tournaments/new-york-1/records/count,2058,new-york-1,"New York-1",A,1972
https://stats.tennismylife.org/tournaments/new-york-1/records/count/titles,2058,new-york-1,"New York-1",A,1972
https://stats.tennismylife.org/tournaments/new-york-1/records/count/wins,2058,new-york-1,"New York-1",A,1972
https://stats.tennismylife.org/tournaments/new-york-1/records/count/played,2058,new-york-1,"New York-1",A,1972
https://stats.tennismylife.org/tournaments/new-york-1/records/count/entries,2058,new-york-1,"New York-1",A,1972
https://stats.tennismylife.org/tournaments/new-york-1/records/ages,2058,new-york-1,"New York-1",A,1972
https://stats.tennismylife.org/tournaments/new-york-1/records/ages/main,2058,new-york-1,"New York-1",A,1972
https://stats.tennismylife.org/tournaments/new-york-1/records/ages/titles,2058,new-york-1,"New York-1",A,1972
https://stats.tennismylife.org/tournaments/new-york-1/records/ages/oldestrounds,2058,new-york-1,"New York-1",A,1972
https://stats.tennismylife.org/tournaments/new-york-1/records/ages/youngestrounds,2058,new-york-1,"New York-1",A,1972
https://stats.tennismylife.org/tournaments/new-york-1/records/percentage,2058,new-york-1,"New York-1",A,1972
https://stats.tennismylife.org/tournaments/new-york-1/records/percentage/wins,2058,new-york-1,"New York-1",A,1972
https://stats.tennismylife.org/tournaments/new-york-1/records/percentage/rounds,2058,new-york-1,"New York-1",A,1972
https://stats.tennismylife.org/tournaments/new-york-1/records/streak,2058,new-york-1,"New York-1",A,1972
https://stats.tennismylife.org/tournaments/new-york-1/records/timespan,2058,new-york-1,"New York-1",A,1972
https://stats.tennismylife.org/tournaments/new-york-1/records/rounds,2058,new-york-1,"New York-1",A,1972
https://stats.tennismylife.org/tournaments/new-york-1/records/least,2058,new-york-1,"New York-1",A,1972
https://stats.tennismylife.org/tournaments/new-york-1/records/roundsonentries,2058,new-york-1,"New York-1",A,1972
https://stats.tennismylife.org/tournaments/new-york-2/records,9206,new-york-2,"New York-2",A,1972
https://stats.tennismylife.org/tournaments/new-york-2/records/count,9206,new-york-2,"New York-2",A,1972
https://stats.tennismylife.org/tournaments/new-york-2/records/count/titles,9206,new-york-2,"New York-2",A,1972
https://stats.tennismylife.org/tournaments/new-york-2/records/count/wins,9206,new-york-2,"New York-2",A,1972
https://stats.tennismylife.org/tournaments/new-york-2/records/count/played,9206,new-york-2,"New York-2",A,1972
https://stats.tennismylife.org/tournaments/new-york-2/records/count/entries,9206,new-york-2,"New York-2",A,1972
https://stats.tennismylife.org/tournaments/new-york-2/records/ages,9206,new-york-2,"New York-2",A,1972
https://stats.tennismylife.org/tournaments/new-york-2/records/ages/main,9206,new-york-2,"New York-2",A,1972
https://stats.tennismylife.org/tournaments/new-york-2/records/ages/titles,9206,new-york-2,"New York-2",A,1972
https://stats.tennismylife.org/tournaments/new-york-2/records/ages/oldestrounds,9206,new-york-2,"New York-2",A,1972
https://stats.tennismylife.org/tournaments/new-york-2/records/ages/youngestrounds,9206,new-york-2,"New York-2",A,1972
https://stats.tennismylife.org/tournaments/new-york-2/records/percentage,9206,new-york-2,"New York-2",A,1972
https://stats.tennismylife.org/tournaments/new-york-2/records/percentage/wins,9206,new-york-2,"New York-2",A,1972
https://stats.tennismylife.org/tournaments/new-york-2/records/percentage/rounds,9206,new-york-2,"New York-2",A,1972
https://stats.tennismylife.org/tournaments/new-york-2/records/streak,9206,new-york-2,"New York-2",A,1972
https://stats.tennismylife.org/tournaments/new-york-2/records/timespan,9206,new-york-2,"New York-2",A,1972
https://stats.tennismylife.org/tournaments/new-york-2/records/rounds,9206,new-york-2,"New York-2",A,1972
https://stats.tennismylife.org/tournaments/new-york-2/records/least,9206,new-york-2,"New York-2",A,1972
https://stats.tennismylife.org/tournaments/new-york-2/records/roundsonentries,9206,new-york-2,"New York-2",A,1972
https://stats.tennismylife.org/tournaments/new-york-2-2/records,9282,new-york-2-2,"New York-2",A,1969
https://stats.tennismylife.org/tournaments/new-york-2-2/records/count,9282,new-york-2-2,"New York-2",A,1969
https://stats.tennismylife.org/tournaments/new-york-2-2/records/count/titles,9282,new-york-2-2,"New York-2",A,1969
https://stats.tennismylife.org/tournaments/new-york-2-2/records/count/wins,9282,new-york-2-2,"New York-2",A,1969
https://stats.tennismylife.org/tournaments/new-york-2-2/records/count/played,9282,new-york-2-2,"New York-2",A,1969
https://stats.tennismylife.org/tournaments/new-york-2-2/records/count/entries,9282,new-york-2-2,"New York-2",A,1969
https://stats.tennismylife.org/tournaments/new-york-2-2/records/ages,9282,new-york-2-2,"New York-2",A,1969
https://stats.tennismylife.org/tournaments/new-york-2-2/records/ages/main,9282,new-york-2-2,"New York-2",A,1969
https://stats.tennismylife.org/tournaments/new-york-2-2/records/ages/titles,9282,new-york-2-2,"New York-2",A,1969
https://stats.tennismylife.org/tournaments/new-york-2-2/records/ages/oldestrounds,9282,new-york-2-2,"New York-2",A,1969
https://stats.tennismylife.org/tournaments/new-york-2-2/records/ages/youngestrounds,9282,new-york-2-2,"New York-2",A,1969
https://stats.tennismylife.org/tournaments/new-york-2-2/records/percentage,9282,new-york-2-2,"New York-2",A,1969
https://stats.tennismylife.org/tournaments/new-york-2-2/records/percentage/wins,9282,new-york-2-2,"New York-2",A,1969
https://stats.tennismylife.org/tournaments/new-york-2-2/records/percentage/rounds,9282,new-york-2-2,"New York-2",A,1969
https://stats.tennismylife.org/tournaments/new-york-2-2/records/streak,9282,new-york-2-2,"New York-2",A,1969
https://stats.tennismylife.org/tournaments/new-york-2-2/records/timespan,9282,new-york-2-2,"New York-2",A,1969
https://stats.tennismylife.org/tournaments/new-york-2-2/records/rounds,9282,new-york-2-2,"New York-2",A,1969
https://stats.tennismylife.org/tournaments/new-york-2-2/records/least,9282,new-york-2-2,"New York-2",A,1969
https://stats.tennismylife.org/tournaments/new-york-2-2/records/roundsonentries,9282,new-york-2-2,"New York-2",A,1969
https://stats.tennismylife.org/tournaments/newport-2/records,2050,newport-2,"Newport",A,1973
https://stats.tennismylife.org/tournaments/newport-2/records/count,2050,newport-2,"Newport",A,1973
https://stats.tennismylife.org/tournaments/newport-2/records/count/titles,2050,newport-2,"Newport",A,1973
https://stats.tennismylife.org/tournaments/newport-2/records/count/wins,2050,newport-2,"Newport",A,1973
https://stats.tennismylife.org/tournaments/newport-2/records/count/played,2050,newport-2,"Newport",A,1973
https://stats.tennismylife.org/tournaments/newport-2/records/count/entries,2050,newport-2,"Newport",A,1973
https://stats.tennismylife.org/tournaments/newport-2/records/ages,2050,newport-2,"Newport",A,1973
https://stats.tennismylife.org/tournaments/newport-2/records/ages/main,2050,newport-2,"Newport",A,1973
https://stats.tennismylife.org/tournaments/newport-2/records/ages/titles,2050,newport-2,"Newport",A,1973
https://stats.tennismylife.org/tournaments/newport-2/records/ages/oldestrounds,2050,newport-2,"Newport",A,1973
https://stats.tennismylife.org/tournaments/newport-2/records/ages/youngestrounds,2050,newport-2,"Newport",A,1973
https://stats.tennismylife.org/tournaments/newport-2/records/percentage,2050,newport-2,"Newport",A,1973
https://stats.tennismylife.org/tournaments/newport-2/records/percentage/wins,2050,newport-2,"Newport",A,1973
https://stats.tennismylife.org/tournaments/newport-2/records/percentage/rounds,2050,newport-2,"Newport",A,1973
https://stats.tennismylife.org/tournaments/newport-2/records/streak,2050,newport-2,"Newport",A,1973
https://stats.tennismylife.org/tournaments/newport-2/records/timespan,2050,newport-2,"Newport",A,1973
https://stats.tennismylife.org/tournaments/newport-2/records/rounds,2050,newport-2,"Newport",A,1973
https://stats.tennismylife.org/tournaments/newport-2/records/least,2050,newport-2,"Newport",A,1973
https://stats.tennismylife.org/tournaments/newport-2/records/roundsonentries,2050,newport-2,"Newport",A,1973
https://stats.tennismylife.org/tournaments/nice/records,6120,nice,"Nice",A|250,2016
https://stats.tennismylife.org/tournaments/nice/records/count,6120,nice,"Nice",A|250,2016
https://stats.tennismylife.org/tournaments/nice/records/count/titles,6120,nice,"Nice",A|250,2016
https://stats.tennismylife.org/tournaments/nice/records/count/wins,6120,nice,"Nice",A|250,2016
https://stats.tennismylife.org/tournaments/nice/records/count/played,6120,nice,"Nice",A|250,2016
https://stats.tennismylife.org/tournaments/nice/records/count/entries,6120,nice,"Nice",A|250,2016
https://stats.tennismylife.org/tournaments/nice/records/ages,6120,nice,"Nice",A|250,2016
https://stats.tennismylife.org/tournaments/nice/records/ages/main,6120,nice,"Nice",A|250,2016
https://stats.tennismylife.org/tournaments/nice/records/ages/titles,6120,nice,"Nice",A|250,2016
https://stats.tennismylife.org/tournaments/nice/records/ages/oldestrounds,6120,nice,"Nice",A|250,2016
https://stats.tennismylife.org/tournaments/nice/records/ages/youngestrounds,6120,nice,"Nice",A|250,2016
https://stats.tennismylife.org/tournaments/nice/records/percentage,6120,nice,"Nice",A|250,2016
https://stats.tennismylife.org/tournaments/nice/records/percentage/wins,6120,nice,"Nice",A|250,2016
https://stats.tennismylife.org/tournaments/nice/records/percentage/rounds,6120,nice,"Nice",A|250,2016
https://stats.tennismylife.org/tournaments/nice/records/streak,6120,nice,"Nice",A|250,2016
https://stats.tennismylife.org/tournaments/nice/records/timespan,6120,nice,"Nice",A|250,2016
https://stats.tennismylife.org/tournaments/nice/records/rounds,6120,nice,"Nice",A|250,2016
https://stats.tennismylife.org/tournaments/nice/records/least,6120,nice,"Nice",A|250,2016
https://stats.tennismylife.org/tournaments/nice/records/roundsonentries,6120,nice,"Nice",A|250,2016
https://stats.tennismylife.org/tournaments/north-conway/records,705,north-conway,"North Conway",A,1984
https://stats.tennismylife.org/tournaments/north-conway/records/count,705,north-conway,"North Conway",A,1984
https://stats.tennismylife.org/tournaments/north-conway/records/count/titles,705,north-conway,"North Conway",A,1984
https://stats.tennismylife.org/tournaments/north-conway/records/count/wins,705,north-conway,"North Conway",A,1984
https://stats.tennismylife.org/tournaments/north-conway/records/count/played,705,north-conway,"North Conway",A,1984
https://stats.tennismylife.org/tournaments/north-conway/records/count/entries,705,north-conway,"North Conway",A,1984
https://stats.tennismylife.org/tournaments/north-conway/records/ages,705,north-conway,"North Conway",A,1984
https://stats.tennismylife.org/tournaments/north-conway/records/ages/main,705,north-conway,"North Conway",A,1984
https://stats.tennismylife.org/tournaments/north-conway/records/ages/titles,705,north-conway,"North Conway",A,1984
https://stats.tennismylife.org/tournaments/north-conway/records/ages/oldestrounds,705,north-conway,"North Conway",A,1984
https://stats.tennismylife.org/tournaments/north-conway/records/ages/youngestrounds,705,north-conway,"North Conway",A,1984
https://stats.tennismylife.org/tournaments/north-conway/records/percentage,705,north-conway,"North Conway",A,1984
https://stats.tennismylife.org/tournaments/north-conway/records/percentage/wins,705,north-conway,"North Conway",A,1984
https://stats.tennismylife.org/tournaments/north-conway/records/percentage/rounds,705,north-conway,"North Conway",A,1984
https://stats.tennismylife.org/tournaments/north-conway/records/streak,705,north-conway,"North Conway",A,1984
https://stats.tennismylife.org/tournaments/north-conway/records/timespan,705,north-conway,"North Conway",A,1984
https://stats.tennismylife.org/tournaments/north-conway/records/rounds,705,north-conway,"North Conway",A,1984
https://stats.tennismylife.org/tournaments/north-conway/records/least,705,north-conway,"North Conway",A,1984
https://stats.tennismylife.org/tournaments/north-conway/records/roundsonentries,705,north-conway,"North Conway",A,1984
https://stats.tennismylife.org/tournaments/nottingham/records,350,nottingham,"Nottingham",A,1977
https://stats.tennismylife.org/tournaments/nottingham/records/count,350,nottingham,"Nottingham",A,1977
https://stats.tennismylife.org/tournaments/nottingham/records/count/titles,350,nottingham,"Nottingham",A,1977
https://stats.tennismylife.org/tournaments/nottingham/records/count/wins,350,nottingham,"Nottingham",A,1977
https://stats.tennismylife.org/tournaments/nottingham/records/count/played,350,nottingham,"Nottingham",A,1977
https://stats.tennismylife.org/tournaments/nottingham/records/count/entries,350,nottingham,"Nottingham",A,1977
https://stats.tennismylife.org/tournaments/nottingham/records/ages,350,nottingham,"Nottingham",A,1977
https://stats.tennismylife.org/tournaments/nottingham/records/ages/main,350,nottingham,"Nottingham",A,1977
https://stats.tennismylife.org/tournaments/nottingham/records/ages/titles,350,nottingham,"Nottingham",A,1977
https://stats.tennismylife.org/tournaments/nottingham/records/ages/oldestrounds,350,nottingham,"Nottingham",A,1977
https://stats.tennismylife.org/tournaments/nottingham/records/ages/youngestrounds,350,nottingham,"Nottingham",A,1977
https://stats.tennismylife.org/tournaments/nottingham/records/percentage,350,nottingham,"Nottingham",A,1977
https://stats.tennismylife.org/tournaments/nottingham/records/percentage/wins,350,nottingham,"Nottingham",A,1977
https://stats.tennismylife.org/tournaments/nottingham/records/percentage/rounds,350,nottingham,"Nottingham",A,1977
https://stats.tennismylife.org/tournaments/nottingham/records/streak,350,nottingham,"Nottingham",A,1977
https://stats.tennismylife.org/tournaments/nottingham/records/timespan,350,nottingham,"Nottingham",A,1977
https://stats.tennismylife.org/tournaments/nottingham/records/rounds,350,nottingham,"Nottingham",A,1977
https://stats.tennismylife.org/tournaments/nottingham/records/least,350,nottingham,"Nottingham",A,1977
https://stats.tennismylife.org/tournaments/nottingham/records/roundsonentries,350,nottingham,"Nottingham",A,1977
https://stats.tennismylife.org/tournaments/nuremberg/records,658,nuremberg,"Nuremberg",A,1976
https://stats.tennismylife.org/tournaments/nuremberg/records/count,658,nuremberg,"Nuremberg",A,1976
https://stats.tennismylife.org/tournaments/nuremberg/records/count/titles,658,nuremberg,"Nuremberg",A,1976
https://stats.tennismylife.org/tournaments/nuremberg/records/count/wins,658,nuremberg,"Nuremberg",A,1976
https://stats.tennismylife.org/tournaments/nuremberg/records/count/played,658,nuremberg,"Nuremberg",A,1976
https://stats.tennismylife.org/tournaments/nuremberg/records/count/entries,658,nuremberg,"Nuremberg",A,1976
https://stats.tennismylife.org/tournaments/nuremberg/records/ages,658,nuremberg,"Nuremberg",A,1976
https://stats.tennismylife.org/tournaments/nuremberg/records/ages/main,658,nuremberg,"Nuremberg",A,1976
https://stats.tennismylife.org/tournaments/nuremberg/records/ages/titles,658,nuremberg,"Nuremberg",A,1976
https://stats.tennismylife.org/tournaments/nuremberg/records/ages/oldestrounds,658,nuremberg,"Nuremberg",A,1976
https://stats.tennismylife.org/tournaments/nuremberg/records/ages/youngestrounds,658,nuremberg,"Nuremberg",A,1976
https://stats.tennismylife.org/tournaments/nuremberg/records/percentage,658,nuremberg,"Nuremberg",A,1976
https://stats.tennismylife.org/tournaments/nuremberg/records/percentage/wins,658,nuremberg,"Nuremberg",A,1976
https://stats.tennismylife.org/tournaments/nuremberg/records/percentage/rounds,658,nuremberg,"Nuremberg",A,1976
https://stats.tennismylife.org/tournaments/nuremberg/records/streak,658,nuremberg,"Nuremberg",A,1976
https://stats.tennismylife.org/tournaments/nuremberg/records/timespan,658,nuremberg,"Nuremberg",A,1976
https://stats.tennismylife.org/tournaments/nuremberg/records/rounds,658,nuremberg,"Nuremberg",A,1976
https://stats.tennismylife.org/tournaments/nuremberg/records/least,658,nuremberg,"Nuremberg",A,1976
https://stats.tennismylife.org/tournaments/nuremberg/records/roundsonentries,658,nuremberg,"Nuremberg",A,1976
https://stats.tennismylife.org/tournaments/oahu/records,517,oahu,"Oahu",250,1994
https://stats.tennismylife.org/tournaments/oahu/records/count,517,oahu,"Oahu",250,1994
https://stats.tennismylife.org/tournaments/oahu/records/count/titles,517,oahu,"Oahu",250,1994
https://stats.tennismylife.org/tournaments/oahu/records/count/wins,517,oahu,"Oahu",250,1994
https://stats.tennismylife.org/tournaments/oahu/records/count/played,517,oahu,"Oahu",250,1994
https://stats.tennismylife.org/tournaments/oahu/records/count/entries,517,oahu,"Oahu",250,1994
https://stats.tennismylife.org/tournaments/oahu/records/ages,517,oahu,"Oahu",250,1994
https://stats.tennismylife.org/tournaments/oahu/records/ages/main,517,oahu,"Oahu",250,1994
https://stats.tennismylife.org/tournaments/oahu/records/ages/titles,517,oahu,"Oahu",250,1994
https://stats.tennismylife.org/tournaments/oahu/records/ages/oldestrounds,517,oahu,"Oahu",250,1994
https://stats.tennismylife.org/tournaments/oahu/records/ages/youngestrounds,517,oahu,"Oahu",250,1994
https://stats.tennismylife.org/tournaments/oahu/records/percentage,517,oahu,"Oahu",250,1994
https://stats.tennismylife.org/tournaments/oahu/records/percentage/wins,517,oahu,"Oahu",250,1994
https://stats.tennismylife.org/tournaments/oahu/records/percentage/rounds,517,oahu,"Oahu",250,1994
https://stats.tennismylife.org/tournaments/oahu/records/streak,517,oahu,"Oahu",250,1994
https://stats.tennismylife.org/tournaments/oahu/records/timespan,517,oahu,"Oahu",250,1994
https://stats.tennismylife.org/tournaments/oahu/records/rounds,517,oahu,"Oahu",250,1994
https://stats.tennismylife.org/tournaments/oahu/records/least,517,oahu,"Oahu",250,1994
https://stats.tennismylife.org/tournaments/oahu/records/roundsonentries,517,oahu,"Oahu",250,1994
https://stats.tennismylife.org/tournaments/oakland/records,9280,oakland,"Oakland",A,1969
https://stats.tennismylife.org/tournaments/oakland/records/count,9280,oakland,"Oakland",A,1969
https://stats.tennismylife.org/tournaments/oakland/records/count/titles,9280,oakland,"Oakland",A,1969
https://stats.tennismylife.org/tournaments/oakland/records/count/wins,9280,oakland,"Oakland",A,1969
https://stats.tennismylife.org/tournaments/oakland/records/count/played,9280,oakland,"Oakland",A,1969
https://stats.tennismylife.org/tournaments/oakland/records/count/entries,9280,oakland,"Oakland",A,1969
https://stats.tennismylife.org/tournaments/oakland/records/ages,9280,oakland,"Oakland",A,1969
https://stats.tennismylife.org/tournaments/oakland/records/ages/main,9280,oakland,"Oakland",A,1969
https://stats.tennismylife.org/tournaments/oakland/records/ages/titles,9280,oakland,"Oakland",A,1969
https://stats.tennismylife.org/tournaments/oakland/records/ages/oldestrounds,9280,oakland,"Oakland",A,1969
https://stats.tennismylife.org/tournaments/oakland/records/ages/youngestrounds,9280,oakland,"Oakland",A,1969
https://stats.tennismylife.org/tournaments/oakland/records/percentage,9280,oakland,"Oakland",A,1969
https://stats.tennismylife.org/tournaments/oakland/records/percentage/wins,9280,oakland,"Oakland",A,1969
https://stats.tennismylife.org/tournaments/oakland/records/percentage/rounds,9280,oakland,"Oakland",A,1969
https://stats.tennismylife.org/tournaments/oakland/records/streak,9280,oakland,"Oakland",A,1969
https://stats.tennismylife.org/tournaments/oakland/records/timespan,9280,oakland,"Oakland",A,1969
https://stats.tennismylife.org/tournaments/oakland/records/rounds,9280,oakland,"Oakland",A,1969
https://stats.tennismylife.org/tournaments/oakland/records/least,9280,oakland,"Oakland",A,1969
https://stats.tennismylife.org/tournaments/oakland/records/roundsonentries,9280,oakland,"Oakland",A,1969
https://stats.tennismylife.org/tournaments/ocean-city/records,2019,ocean-city,"Ocean City",A,1977
https://stats.tennismylife.org/tournaments/ocean-city/records/count,2019,ocean-city,"Ocean City",A,1977
https://stats.tennismylife.org/tournaments/ocean-city/records/count/titles,2019,ocean-city,"Ocean City",A,1977
https://stats.tennismylife.org/tournaments/ocean-city/records/count/wins,2019,ocean-city,"Ocean City",A,1977
https://stats.tennismylife.org/tournaments/ocean-city/records/count/played,2019,ocean-city,"Ocean City",A,1977
https://stats.tennismylife.org/tournaments/ocean-city/records/count/entries,2019,ocean-city,"Ocean City",A,1977
https://stats.tennismylife.org/tournaments/ocean-city/records/ages,2019,ocean-city,"Ocean City",A,1977
https://stats.tennismylife.org/tournaments/ocean-city/records/ages/main,2019,ocean-city,"Ocean City",A,1977
https://stats.tennismylife.org/tournaments/ocean-city/records/ages/titles,2019,ocean-city,"Ocean City",A,1977
https://stats.tennismylife.org/tournaments/ocean-city/records/ages/oldestrounds,2019,ocean-city,"Ocean City",A,1977
https://stats.tennismylife.org/tournaments/ocean-city/records/ages/youngestrounds,2019,ocean-city,"Ocean City",A,1977
https://stats.tennismylife.org/tournaments/ocean-city/records/percentage,2019,ocean-city,"Ocean City",A,1977
https://stats.tennismylife.org/tournaments/ocean-city/records/percentage/wins,2019,ocean-city,"Ocean City",A,1977
https://stats.tennismylife.org/tournaments/ocean-city/records/percentage/rounds,2019,ocean-city,"Ocean City",A,1977
https://stats.tennismylife.org/tournaments/ocean-city/records/streak,2019,ocean-city,"Ocean City",A,1977
https://stats.tennismylife.org/tournaments/ocean-city/records/timespan,2019,ocean-city,"Ocean City",A,1977
https://stats.tennismylife.org/tournaments/ocean-city/records/rounds,2019,ocean-city,"Ocean City",A,1977
https://stats.tennismylife.org/tournaments/ocean-city/records/least,2019,ocean-city,"Ocean City",A,1977
https://stats.tennismylife.org/tournaments/ocean-city/records/roundsonentries,2019,ocean-city,"Ocean City",A,1977
https://stats.tennismylife.org/tournaments/omaha/records,2036,omaha,"Omaha",A,1974
https://stats.tennismylife.org/tournaments/omaha/records/count,2036,omaha,"Omaha",A,1974
https://stats.tennismylife.org/tournaments/omaha/records/count/titles,2036,omaha,"Omaha",A,1974
https://stats.tennismylife.org/tournaments/omaha/records/count/wins,2036,omaha,"Omaha",A,1974
https://stats.tennismylife.org/tournaments/omaha/records/count/played,2036,omaha,"Omaha",A,1974
https://stats.tennismylife.org/tournaments/omaha/records/count/entries,2036,omaha,"Omaha",A,1974
https://stats.tennismylife.org/tournaments/omaha/records/ages,2036,omaha,"Omaha",A,1974
https://stats.tennismylife.org/tournaments/omaha/records/ages/main,2036,omaha,"Omaha",A,1974
https://stats.tennismylife.org/tournaments/omaha/records/ages/titles,2036,omaha,"Omaha",A,1974
https://stats.tennismylife.org/tournaments/omaha/records/ages/oldestrounds,2036,omaha,"Omaha",A,1974
https://stats.tennismylife.org/tournaments/omaha/records/ages/youngestrounds,2036,omaha,"Omaha",A,1974
https://stats.tennismylife.org/tournaments/omaha/records/percentage,2036,omaha,"Omaha",A,1974
https://stats.tennismylife.org/tournaments/omaha/records/percentage/wins,2036,omaha,"Omaha",A,1974
https://stats.tennismylife.org/tournaments/omaha/records/percentage/rounds,2036,omaha,"Omaha",A,1974
https://stats.tennismylife.org/tournaments/omaha/records/streak,2036,omaha,"Omaha",A,1974
https://stats.tennismylife.org/tournaments/omaha/records/timespan,2036,omaha,"Omaha",A,1974
https://stats.tennismylife.org/tournaments/omaha/records/rounds,2036,omaha,"Omaha",A,1974
https://stats.tennismylife.org/tournaments/omaha/records/least,2036,omaha,"Omaha",A,1974
https://stats.tennismylife.org/tournaments/omaha/records/roundsonentries,2036,omaha,"Omaha",A,1974
https://stats.tennismylife.org/tournaments/oporto/records,310,oporto,"Oporto",A|250,1996
https://stats.tennismylife.org/tournaments/oporto/records/count,310,oporto,"Oporto",A|250,1996
https://stats.tennismylife.org/tournaments/oporto/records/count/titles,310,oporto,"Oporto",A|250,1996
https://stats.tennismylife.org/tournaments/oporto/records/count/wins,310,oporto,"Oporto",A|250,1996
https://stats.tennismylife.org/tournaments/oporto/records/count/played,310,oporto,"Oporto",A|250,1996
https://stats.tennismylife.org/tournaments/oporto/records/count/entries,310,oporto,"Oporto",A|250,1996
https://stats.tennismylife.org/tournaments/oporto/records/ages,310,oporto,"Oporto",A|250,1996
https://stats.tennismylife.org/tournaments/oporto/records/ages/main,310,oporto,"Oporto",A|250,1996
https://stats.tennismylife.org/tournaments/oporto/records/ages/titles,310,oporto,"Oporto",A|250,1996
https://stats.tennismylife.org/tournaments/oporto/records/ages/oldestrounds,310,oporto,"Oporto",A|250,1996
https://stats.tennismylife.org/tournaments/oporto/records/ages/youngestrounds,310,oporto,"Oporto",A|250,1996
https://stats.tennismylife.org/tournaments/oporto/records/percentage,310,oporto,"Oporto",A|250,1996
https://stats.tennismylife.org/tournaments/oporto/records/percentage/wins,310,oporto,"Oporto",A|250,1996
https://stats.tennismylife.org/tournaments/oporto/records/percentage/rounds,310,oporto,"Oporto",A|250,1996
https://stats.tennismylife.org/tournaments/oporto/records/streak,310,oporto,"Oporto",A|250,1996
https://stats.tennismylife.org/tournaments/oporto/records/timespan,310,oporto,"Oporto",A|250,1996
https://stats.tennismylife.org/tournaments/oporto/records/rounds,310,oporto,"Oporto",A|250,1996
https://stats.tennismylife.org/tournaments/oporto/records/least,310,oporto,"Oporto",A|250,1996
https://stats.tennismylife.org/tournaments/oporto/records/roundsonentries,310,oporto,"Oporto",A|250,1996
https://stats.tennismylife.org/tournaments/orlando-wct/records,9300,orlando-wct,"Orlando WCT",A,1968
https://stats.tennismylife.org/tournaments/orlando-wct/records/count,9300,orlando-wct,"Orlando WCT",A,1968
https://stats.tennismylife.org/tournaments/orlando-wct/records/count/titles,9300,orlando-wct,"Orlando WCT",A,1968
https://stats.tennismylife.org/tournaments/orlando-wct/records/count/wins,9300,orlando-wct,"Orlando WCT",A,1968
https://stats.tennismylife.org/tournaments/orlando-wct/records/count/played,9300,orlando-wct,"Orlando WCT",A,1968
https://stats.tennismylife.org/tournaments/orlando-wct/records/count/entries,9300,orlando-wct,"Orlando WCT",A,1968
https://stats.tennismylife.org/tournaments/orlando-wct/records/ages,9300,orlando-wct,"Orlando WCT",A,1968
https://stats.tennismylife.org/tournaments/orlando-wct/records/ages/main,9300,orlando-wct,"Orlando WCT",A,1968
https://stats.tennismylife.org/tournaments/orlando-wct/records/ages/titles,9300,orlando-wct,"Orlando WCT",A,1968
https://stats.tennismylife.org/tournaments/orlando-wct/records/ages/oldestrounds,9300,orlando-wct,"Orlando WCT",A,1968
https://stats.tennismylife.org/tournaments/orlando-wct/records/ages/youngestrounds,9300,orlando-wct,"Orlando WCT",A,1968
https://stats.tennismylife.org/tournaments/orlando-wct/records/percentage,9300,orlando-wct,"Orlando WCT",A,1968
https://stats.tennismylife.org/tournaments/orlando-wct/records/percentage/wins,9300,orlando-wct,"Orlando WCT",A,1968
https://stats.tennismylife.org/tournaments/orlando-wct/records/percentage/rounds,9300,orlando-wct,"Orlando WCT",A,1968
https://stats.tennismylife.org/tournaments/orlando-wct/records/streak,9300,orlando-wct,"Orlando WCT",A,1968
https://stats.tennismylife.org/tournaments/orlando-wct/records/timespan,9300,orlando-wct,"Orlando WCT",A,1968
https://stats.tennismylife.org/tournaments/orlando-wct/records/rounds,9300,orlando-wct,"Orlando WCT",A,1968
https://stats.tennismylife.org/tournaments/orlando-wct/records/least,9300,orlando-wct,"Orlando WCT",A,1968
https://stats.tennismylife.org/tournaments/orlando-wct/records/roundsonentries,9300,orlando-wct,"Orlando WCT",A,1968
https://stats.tennismylife.org/tournaments/osaka/records,498,osaka,"Osaka",A|250,1994
https://stats.tennismylife.org/tournaments/osaka/records/count,498,osaka,"Osaka",A|250,1994
https://stats.tennismylife.org/tournaments/osaka/records/count/titles,498,osaka,"Osaka",A|250,1994
https://stats.tennismylife.org/tournaments/osaka/records/count/wins,498,osaka,"Osaka",A|250,1994
https://stats.tennismylife.org/tournaments/osaka/records/count/played,498,osaka,"Osaka",A|250,1994
https://stats.tennismylife.org/tournaments/osaka/records/count/entries,498,osaka,"Osaka",A|250,1994
https://stats.tennismylife.org/tournaments/osaka/records/ages,498,osaka,"Osaka",A|250,1994
https://stats.tennismylife.org/tournaments/osaka/records/ages/main,498,osaka,"Osaka",A|250,1994
https://stats.tennismylife.org/tournaments/osaka/records/ages/titles,498,osaka,"Osaka",A|250,1994
https://stats.tennismylife.org/tournaments/osaka/records/ages/oldestrounds,498,osaka,"Osaka",A|250,1994
https://stats.tennismylife.org/tournaments/osaka/records/ages/youngestrounds,498,osaka,"Osaka",A|250,1994
https://stats.tennismylife.org/tournaments/osaka/records/percentage,498,osaka,"Osaka",A|250,1994
https://stats.tennismylife.org/tournaments/osaka/records/percentage/wins,498,osaka,"Osaka",A|250,1994
https://stats.tennismylife.org/tournaments/osaka/records/percentage/rounds,498,osaka,"Osaka",A|250,1994
https://stats.tennismylife.org/tournaments/osaka/records/streak,498,osaka,"Osaka",A|250,1994
https://stats.tennismylife.org/tournaments/osaka/records/timespan,498,osaka,"Osaka",A|250,1994
https://stats.tennismylife.org/tournaments/osaka/records/rounds,498,osaka,"Osaka",A|250,1994
https://stats.tennismylife.org/tournaments/osaka/records/least,498,osaka,"Osaka",A|250,1994
https://stats.tennismylife.org/tournaments/osaka/records/roundsonentries,498,osaka,"Osaka",A|250,1994
https://stats.tennismylife.org/tournaments/oslo/records,2033,oslo,"Oslo",A,1974
https://stats.tennismylife.org/tournaments/oslo/records/count,2033,oslo,"Oslo",A,1974
https://stats.tennismylife.org/tournaments/oslo/records/count/titles,2033,oslo,"Oslo",A,1974
https://stats.tennismylife.org/tournaments/oslo/records/count/wins,2033,oslo,"Oslo",A,1974
https://stats.tennismylife.org/tournaments/oslo/records/count/played,2033,oslo,"Oslo",A,1974
https://stats.tennismylife.org/tournaments/oslo/records/count/entries,2033,oslo,"Oslo",A,1974
https://stats.tennismylife.org/tournaments/oslo/records/ages,2033,oslo,"Oslo",A,1974
https://stats.tennismylife.org/tournaments/oslo/records/ages/main,2033,oslo,"Oslo",A,1974
https://stats.tennismylife.org/tournaments/oslo/records/ages/titles,2033,oslo,"Oslo",A,1974
https://stats.tennismylife.org/tournaments/oslo/records/ages/oldestrounds,2033,oslo,"Oslo",A,1974
https://stats.tennismylife.org/tournaments/oslo/records/ages/youngestrounds,2033,oslo,"Oslo",A,1974
https://stats.tennismylife.org/tournaments/oslo/records/percentage,2033,oslo,"Oslo",A,1974
https://stats.tennismylife.org/tournaments/oslo/records/percentage/wins,2033,oslo,"Oslo",A,1974
https://stats.tennismylife.org/tournaments/oslo/records/percentage/rounds,2033,oslo,"Oslo",A,1974
https://stats.tennismylife.org/tournaments/oslo/records/streak,2033,oslo,"Oslo",A,1974
https://stats.tennismylife.org/tournaments/oslo/records/timespan,2033,oslo,"Oslo",A,1974
https://stats.tennismylife.org/tournaments/oslo/records/rounds,2033,oslo,"Oslo",A,1974
https://stats.tennismylife.org/tournaments/oslo/records/least,2033,oslo,"Oslo",A,1974
https://stats.tennismylife.org/tournaments/oslo/records/roundsonentries,2033,oslo,"Oslo",A,1974
https://stats.tennismylife.org/tournaments/ostrava/records,348,ostrava,"Ostrava",A|250,1998
https://stats.tennismylife.org/tournaments/ostrava/records/count,348,ostrava,"Ostrava",A|250,1998
https://stats.tennismylife.org/tournaments/ostrava/records/count/titles,348,ostrava,"Ostrava",A|250,1998
https://stats.tennismylife.org/tournaments/ostrava/records/count/wins,348,ostrava,"Ostrava",A|250,1998
https://stats.tennismylife.org/tournaments/ostrava/records/count/played,348,ostrava,"Ostrava",A|250,1998
https://stats.tennismylife.org/tournaments/ostrava/records/count/entries,348,ostrava,"Ostrava",A|250,1998
https://stats.tennismylife.org/tournaments/ostrava/records/ages,348,ostrava,"Ostrava",A|250,1998
https://stats.tennismylife.org/tournaments/ostrava/records/ages/main,348,ostrava,"Ostrava",A|250,1998
https://stats.tennismylife.org/tournaments/ostrava/records/ages/titles,348,ostrava,"Ostrava",A|250,1998
https://stats.tennismylife.org/tournaments/ostrava/records/ages/oldestrounds,348,ostrava,"Ostrava",A|250,1998
https://stats.tennismylife.org/tournaments/ostrava/records/ages/youngestrounds,348,ostrava,"Ostrava",A|250,1998
https://stats.tennismylife.org/tournaments/ostrava/records/percentage,348,ostrava,"Ostrava",A|250,1998
https://stats.tennismylife.org/tournaments/ostrava/records/percentage/wins,348,ostrava,"Ostrava",A|250,1998
https://stats.tennismylife.org/tournaments/ostrava/records/percentage/rounds,348,ostrava,"Ostrava",A|250,1998
https://stats.tennismylife.org/tournaments/ostrava/records/streak,348,ostrava,"Ostrava",A|250,1998
https://stats.tennismylife.org/tournaments/ostrava/records/timespan,348,ostrava,"Ostrava",A|250,1998
https://stats.tennismylife.org/tournaments/ostrava/records/rounds,348,ostrava,"Ostrava",A|250,1998
https://stats.tennismylife.org/tournaments/ostrava/records/least,348,ostrava,"Ostrava",A|250,1998
https://stats.tennismylife.org/tournaments/ostrava/records/roundsonentries,348,ostrava,"Ostrava",A|250,1998
https://stats.tennismylife.org/tournaments/oviedo/records,2012,oviedo,"Oviedo",A,1977
https://stats.tennismylife.org/tournaments/oviedo/records/count,2012,oviedo,"Oviedo",A,1977
https://stats.tennismylife.org/tournaments/oviedo/records/count/titles,2012,oviedo,"Oviedo",A,1977
https://stats.tennismylife.org/tournaments/oviedo/records/count/wins,2012,oviedo,"Oviedo",A,1977
https://stats.tennismylife.org/tournaments/oviedo/records/count/played,2012,oviedo,"Oviedo",A,1977
https://stats.tennismylife.org/tournaments/oviedo/records/count/entries,2012,oviedo,"Oviedo",A,1977
https://stats.tennismylife.org/tournaments/oviedo/records/ages,2012,oviedo,"Oviedo",A,1977
https://stats.tennismylife.org/tournaments/oviedo/records/ages/main,2012,oviedo,"Oviedo",A,1977
https://stats.tennismylife.org/tournaments/oviedo/records/ages/titles,2012,oviedo,"Oviedo",A,1977
https://stats.tennismylife.org/tournaments/oviedo/records/ages/oldestrounds,2012,oviedo,"Oviedo",A,1977
https://stats.tennismylife.org/tournaments/oviedo/records/ages/youngestrounds,2012,oviedo,"Oviedo",A,1977
https://stats.tennismylife.org/tournaments/oviedo/records/percentage,2012,oviedo,"Oviedo",A,1977
https://stats.tennismylife.org/tournaments/oviedo/records/percentage/wins,2012,oviedo,"Oviedo",A,1977
https://stats.tennismylife.org/tournaments/oviedo/records/percentage/rounds,2012,oviedo,"Oviedo",A,1977
https://stats.tennismylife.org/tournaments/oviedo/records/streak,2012,oviedo,"Oviedo",A,1977
https://stats.tennismylife.org/tournaments/oviedo/records/timespan,2012,oviedo,"Oviedo",A,1977
https://stats.tennismylife.org/tournaments/oviedo/records/rounds,2012,oviedo,"Oviedo",A,1977
https://stats.tennismylife.org/tournaments/oviedo/records/least,2012,oviedo,"Oviedo",A,1977
https://stats.tennismylife.org/tournaments/oviedo/records/roundsonentries,2012,oviedo,"Oviedo",A,1977
https://stats.tennismylife.org/tournaments/palermo/records,325,palermo,"Palermo",A|250,2006
https://stats.tennismylife.org/tournaments/palermo/records/count,325,palermo,"Palermo",A|250,2006
https://stats.tennismylife.org/tournaments/palermo/records/count/titles,325,palermo,"Palermo",A|250,2006
https://stats.tennismylife.org/tournaments/palermo/records/count/wins,325,palermo,"Palermo",A|250,2006
https://stats.tennismylife.org/tournaments/palermo/records/count/played,325,palermo,"Palermo",A|250,2006
https://stats.tennismylife.org/tournaments/palermo/records/count/entries,325,palermo,"Palermo",A|250,2006
https://stats.tennismylife.org/tournaments/palermo/records/ages,325,palermo,"Palermo",A|250,2006
https://stats.tennismylife.org/tournaments/palermo/records/ages/main,325,palermo,"Palermo",A|250,2006
https://stats.tennismylife.org/tournaments/palermo/records/ages/titles,325,palermo,"Palermo",A|250,2006
https://stats.tennismylife.org/tournaments/palermo/records/ages/oldestrounds,325,palermo,"Palermo",A|250,2006
https://stats.tennismylife.org/tournaments/palermo/records/ages/youngestrounds,325,palermo,"Palermo",A|250,2006
https://stats.tennismylife.org/tournaments/palermo/records/percentage,325,palermo,"Palermo",A|250,2006
https://stats.tennismylife.org/tournaments/palermo/records/percentage/wins,325,palermo,"Palermo",A|250,2006
https://stats.tennismylife.org/tournaments/palermo/records/percentage/rounds,325,palermo,"Palermo",A|250,2006
https://stats.tennismylife.org/tournaments/palermo/records/streak,325,palermo,"Palermo",A|250,2006
https://stats.tennismylife.org/tournaments/palermo/records/timespan,325,palermo,"Palermo",A|250,2006
https://stats.tennismylife.org/tournaments/palermo/records/rounds,325,palermo,"Palermo",A|250,2006
https://stats.tennismylife.org/tournaments/palermo/records/least,325,palermo,"Palermo",A|250,2006
https://stats.tennismylife.org/tournaments/palermo/records/roundsonentries,325,palermo,"Palermo",A|250,2006
https://stats.tennismylife.org/tournaments/palm-desert-wct/records,2034,palm-desert-wct,"Palm Desert WCT",A,1974
https://stats.tennismylife.org/tournaments/palm-desert-wct/records/count,2034,palm-desert-wct,"Palm Desert WCT",A,1974
https://stats.tennismylife.org/tournaments/palm-desert-wct/records/count/titles,2034,palm-desert-wct,"Palm Desert WCT",A,1974
https://stats.tennismylife.org/tournaments/palm-desert-wct/records/count/wins,2034,palm-desert-wct,"Palm Desert WCT",A,1974
https://stats.tennismylife.org/tournaments/palm-desert-wct/records/count/played,2034,palm-desert-wct,"Palm Desert WCT",A,1974
https://stats.tennismylife.org/tournaments/palm-desert-wct/records/count/entries,2034,palm-desert-wct,"Palm Desert WCT",A,1974
https://stats.tennismylife.org/tournaments/palm-desert-wct/records/ages,2034,palm-desert-wct,"Palm Desert WCT",A,1974
https://stats.tennismylife.org/tournaments/palm-desert-wct/records/ages/main,2034,palm-desert-wct,"Palm Desert WCT",A,1974
https://stats.tennismylife.org/tournaments/palm-desert-wct/records/ages/titles,2034,palm-desert-wct,"Palm Desert WCT",A,1974
https://stats.tennismylife.org/tournaments/palm-desert-wct/records/ages/oldestrounds,2034,palm-desert-wct,"Palm Desert WCT",A,1974
https://stats.tennismylife.org/tournaments/palm-desert-wct/records/ages/youngestrounds,2034,palm-desert-wct,"Palm Desert WCT",A,1974
https://stats.tennismylife.org/tournaments/palm-desert-wct/records/percentage,2034,palm-desert-wct,"Palm Desert WCT",A,1974
https://stats.tennismylife.org/tournaments/palm-desert-wct/records/percentage/wins,2034,palm-desert-wct,"Palm Desert WCT",A,1974
https://stats.tennismylife.org/tournaments/palm-desert-wct/records/percentage/rounds,2034,palm-desert-wct,"Palm Desert WCT",A,1974
https://stats.tennismylife.org/tournaments/palm-desert-wct/records/streak,2034,palm-desert-wct,"Palm Desert WCT",A,1974
https://stats.tennismylife.org/tournaments/palm-desert-wct/records/timespan,2034,palm-desert-wct,"Palm Desert WCT",A,1974
https://stats.tennismylife.org/tournaments/palm-desert-wct/records/rounds,2034,palm-desert-wct,"Palm Desert WCT",A,1974
https://stats.tennismylife.org/tournaments/palm-desert-wct/records/least,2034,palm-desert-wct,"Palm Desert WCT",A,1974
https://stats.tennismylife.org/tournaments/palm-desert-wct/records/roundsonentries,2034,palm-desert-wct,"Palm Desert WCT",A,1974
https://stats.tennismylife.org/tournaments/palma/records,655,palma,"Palma",A,1976
https://stats.tennismylife.org/tournaments/palma/records/count,655,palma,"Palma",A,1976
https://stats.tennismylife.org/tournaments/palma/records/count/titles,655,palma,"Palma",A,1976
https://stats.tennismylife.org/tournaments/palma/records/count/wins,655,palma,"Palma",A,1976
https://stats.tennismylife.org/tournaments/palma/records/count/played,655,palma,"Palma",A,1976
https://stats.tennismylife.org/tournaments/palma/records/count/entries,655,palma,"Palma",A,1976
https://stats.tennismylife.org/tournaments/palma/records/ages,655,palma,"Palma",A,1976
https://stats.tennismylife.org/tournaments/palma/records/ages/main,655,palma,"Palma",A,1976
https://stats.tennismylife.org/tournaments/palma/records/ages/titles,655,palma,"Palma",A,1976
https://stats.tennismylife.org/tournaments/palma/records/ages/oldestrounds,655,palma,"Palma",A,1976
https://stats.tennismylife.org/tournaments/palma/records/ages/youngestrounds,655,palma,"Palma",A,1976
https://stats.tennismylife.org/tournaments/palma/records/percentage,655,palma,"Palma",A,1976
https://stats.tennismylife.org/tournaments/palma/records/percentage/wins,655,palma,"Palma",A,1976
https://stats.tennismylife.org/tournaments/palma/records/percentage/rounds,655,palma,"Palma",A,1976
https://stats.tennismylife.org/tournaments/palma/records/streak,655,palma,"Palma",A,1976
https://stats.tennismylife.org/tournaments/palma/records/timespan,655,palma,"Palma",A,1976
https://stats.tennismylife.org/tournaments/palma/records/rounds,655,palma,"Palma",A,1976
https://stats.tennismylife.org/tournaments/palma/records/least,655,palma,"Palma",A,1976
https://stats.tennismylife.org/tournaments/palma/records/roundsonentries,655,palma,"Palma",A,1976
https://stats.tennismylife.org/tournaments/paramus/records,2037,paramus,"Paramus",A,1974
https://stats.tennismylife.org/tournaments/paramus/records/count,2037,paramus,"Paramus",A,1974
https://stats.tennismylife.org/tournaments/paramus/records/count/titles,2037,paramus,"Paramus",A,1974
https://stats.tennismylife.org/tournaments/paramus/records/count/wins,2037,paramus,"Paramus",A,1974
https://stats.tennismylife.org/tournaments/paramus/records/count/played,2037,paramus,"Paramus",A,1974
https://stats.tennismylife.org/tournaments/paramus/records/count/entries,2037,paramus,"Paramus",A,1974
https://stats.tennismylife.org/tournaments/paramus/records/ages,2037,paramus,"Paramus",A,1974
https://stats.tennismylife.org/tournaments/paramus/records/ages/main,2037,paramus,"Paramus",A,1974
https://stats.tennismylife.org/tournaments/paramus/records/ages/titles,2037,paramus,"Paramus",A,1974
https://stats.tennismylife.org/tournaments/paramus/records/ages/oldestrounds,2037,paramus,"Paramus",A,1974
https://stats.tennismylife.org/tournaments/paramus/records/ages/youngestrounds,2037,paramus,"Paramus",A,1974
https://stats.tennismylife.org/tournaments/paramus/records/percentage,2037,paramus,"Paramus",A,1974
https://stats.tennismylife.org/tournaments/paramus/records/percentage/wins,2037,paramus,"Paramus",A,1974
https://stats.tennismylife.org/tournaments/paramus/records/percentage/rounds,2037,paramus,"Paramus",A,1974
https://stats.tennismylife.org/tournaments/paramus/records/streak,2037,paramus,"Paramus",A,1974
https://stats.tennismylife.org/tournaments/paramus/records/timespan,2037,paramus,"Paramus",A,1974
https://stats.tennismylife.org/tournaments/paramus/records/rounds,2037,paramus,"Paramus",A,1974
https://stats.tennismylife.org/tournaments/paramus/records/least,2037,paramus,"Paramus",A,1974
https://stats.tennismylife.org/tournaments/paramus/records/roundsonentries,2037,paramus,"Paramus",A,1974
https://stats.tennismylife.org/tournaments/parioli/records,9337,parioli,"Parioli",A,1968
https://stats.tennismylife.org/tournaments/parioli/records/count,9337,parioli,"Parioli",A,1968
https://stats.tennismylife.org/tournaments/parioli/records/count/titles,9337,parioli,"Parioli",A,1968
https://stats.tennismylife.org/tournaments/parioli/records/count/wins,9337,parioli,"Parioli",A,1968
https://stats.tennismylife.org/tournaments/parioli/records/count/played,9337,parioli,"Parioli",A,1968
https://stats.tennismylife.org/tournaments/parioli/records/count/entries,9337,parioli,"Parioli",A,1968
https://stats.tennismylife.org/tournaments/parioli/records/ages,9337,parioli,"Parioli",A,1968
https://stats.tennismylife.org/tournaments/parioli/records/ages/main,9337,parioli,"Parioli",A,1968
https://stats.tennismylife.org/tournaments/parioli/records/ages/titles,9337,parioli,"Parioli",A,1968
https://stats.tennismylife.org/tournaments/parioli/records/ages/oldestrounds,9337,parioli,"Parioli",A,1968
https://stats.tennismylife.org/tournaments/parioli/records/ages/youngestrounds,9337,parioli,"Parioli",A,1968
https://stats.tennismylife.org/tournaments/parioli/records/percentage,9337,parioli,"Parioli",A,1968
https://stats.tennismylife.org/tournaments/parioli/records/percentage/wins,9337,parioli,"Parioli",A,1968
https://stats.tennismylife.org/tournaments/parioli/records/percentage/rounds,9337,parioli,"Parioli",A,1968
https://stats.tennismylife.org/tournaments/parioli/records/streak,9337,parioli,"Parioli",A,1968
https://stats.tennismylife.org/tournaments/parioli/records/timespan,9337,parioli,"Parioli",A,1968
https://stats.tennismylife.org/tournaments/parioli/records/rounds,9337,parioli,"Parioli",A,1968
https://stats.tennismylife.org/tournaments/parioli/records/least,9337,parioli,"Parioli",A,1968
https://stats.tennismylife.org/tournaments/parioli/records/roundsonentries,9337,parioli,"Parioli",A,1968
https://stats.tennismylife.org/tournaments/paris/records,7302,paris,"Paris",A,1982
https://stats.tennismylife.org/tournaments/paris/records/count,7302,paris,"Paris",A,1982
https://stats.tennismylife.org/tournaments/paris/records/count/titles,7302,paris,"Paris",A,1982
https://stats.tennismylife.org/tournaments/paris/records/count/wins,7302,paris,"Paris",A,1982
https://stats.tennismylife.org/tournaments/paris/records/count/played,7302,paris,"Paris",A,1982
https://stats.tennismylife.org/tournaments/paris/records/count/entries,7302,paris,"Paris",A,1982
https://stats.tennismylife.org/tournaments/paris/records/ages,7302,paris,"Paris",A,1982
https://stats.tennismylife.org/tournaments/paris/records/ages/main,7302,paris,"Paris",A,1982
https://stats.tennismylife.org/tournaments/paris/records/ages/titles,7302,paris,"Paris",A,1982
https://stats.tennismylife.org/tournaments/paris/records/ages/oldestrounds,7302,paris,"Paris",A,1982
https://stats.tennismylife.org/tournaments/paris/records/ages/youngestrounds,7302,paris,"Paris",A,1982
https://stats.tennismylife.org/tournaments/paris/records/percentage,7302,paris,"Paris",A,1982
https://stats.tennismylife.org/tournaments/paris/records/percentage/wins,7302,paris,"Paris",A,1982
https://stats.tennismylife.org/tournaments/paris/records/percentage/rounds,7302,paris,"Paris",A,1982
https://stats.tennismylife.org/tournaments/paris/records/streak,7302,paris,"Paris",A,1982
https://stats.tennismylife.org/tournaments/paris/records/timespan,7302,paris,"Paris",A,1982
https://stats.tennismylife.org/tournaments/paris/records/rounds,7302,paris,"Paris",A,1982
https://stats.tennismylife.org/tournaments/paris/records/least,7302,paris,"Paris",A,1982
https://stats.tennismylife.org/tournaments/paris/records/roundsonentries,7302,paris,"Paris",A,1982
https://stats.tennismylife.org/tournaments/paris-1/records,2010,paris-1,"Paris-1",A,1977
https://stats.tennismylife.org/tournaments/paris-1/records/count,2010,paris-1,"Paris-1",A,1977
https://stats.tennismylife.org/tournaments/paris-1/records/count/titles,2010,paris-1,"Paris-1",A,1977
https://stats.tennismylife.org/tournaments/paris-1/records/count/wins,2010,paris-1,"Paris-1",A,1977
https://stats.tennismylife.org/tournaments/paris-1/records/count/played,2010,paris-1,"Paris-1",A,1977
https://stats.tennismylife.org/tournaments/paris-1/records/count/entries,2010,paris-1,"Paris-1",A,1977
https://stats.tennismylife.org/tournaments/paris-1/records/ages,2010,paris-1,"Paris-1",A,1977
https://stats.tennismylife.org/tournaments/paris-1/records/ages/main,2010,paris-1,"Paris-1",A,1977
https://stats.tennismylife.org/tournaments/paris-1/records/ages/titles,2010,paris-1,"Paris-1",A,1977
https://stats.tennismylife.org/tournaments/paris-1/records/ages/oldestrounds,2010,paris-1,"Paris-1",A,1977
https://stats.tennismylife.org/tournaments/paris-1/records/ages/youngestrounds,2010,paris-1,"Paris-1",A,1977
https://stats.tennismylife.org/tournaments/paris-1/records/percentage,2010,paris-1,"Paris-1",A,1977
https://stats.tennismylife.org/tournaments/paris-1/records/percentage/wins,2010,paris-1,"Paris-1",A,1977
https://stats.tennismylife.org/tournaments/paris-1/records/percentage/rounds,2010,paris-1,"Paris-1",A,1977
https://stats.tennismylife.org/tournaments/paris-1/records/streak,2010,paris-1,"Paris-1",A,1977
https://stats.tennismylife.org/tournaments/paris-1/records/timespan,2010,paris-1,"Paris-1",A,1977
https://stats.tennismylife.org/tournaments/paris-1/records/rounds,2010,paris-1,"Paris-1",A,1977
https://stats.tennismylife.org/tournaments/paris-1/records/least,2010,paris-1,"Paris-1",A,1977
https://stats.tennismylife.org/tournaments/paris-1/records/roundsonentries,2010,paris-1,"Paris-1",A,1977
https://stats.tennismylife.org/tournaments/paris-2/records,9317,paris-2,"Paris-2",A,1968
https://stats.tennismylife.org/tournaments/paris-2/records/count,9317,paris-2,"Paris-2",A,1968
https://stats.tennismylife.org/tournaments/paris-2/records/count/titles,9317,paris-2,"Paris-2",A,1968
https://stats.tennismylife.org/tournaments/paris-2/records/count/wins,9317,paris-2,"Paris-2",A,1968
https://stats.tennismylife.org/tournaments/paris-2/records/count/played,9317,paris-2,"Paris-2",A,1968
https://stats.tennismylife.org/tournaments/paris-2/records/count/entries,9317,paris-2,"Paris-2",A,1968
https://stats.tennismylife.org/tournaments/paris-2/records/ages,9317,paris-2,"Paris-2",A,1968
https://stats.tennismylife.org/tournaments/paris-2/records/ages/main,9317,paris-2,"Paris-2",A,1968
https://stats.tennismylife.org/tournaments/paris-2/records/ages/titles,9317,paris-2,"Paris-2",A,1968
https://stats.tennismylife.org/tournaments/paris-2/records/ages/oldestrounds,9317,paris-2,"Paris-2",A,1968
https://stats.tennismylife.org/tournaments/paris-2/records/ages/youngestrounds,9317,paris-2,"Paris-2",A,1968
https://stats.tennismylife.org/tournaments/paris-2/records/percentage,9317,paris-2,"Paris-2",A,1968
https://stats.tennismylife.org/tournaments/paris-2/records/percentage/wins,9317,paris-2,"Paris-2",A,1968
https://stats.tennismylife.org/tournaments/paris-2/records/percentage/rounds,9317,paris-2,"Paris-2",A,1968
https://stats.tennismylife.org/tournaments/paris-2/records/streak,9317,paris-2,"Paris-2",A,1968
https://stats.tennismylife.org/tournaments/paris-2/records/timespan,9317,paris-2,"Paris-2",A,1968
https://stats.tennismylife.org/tournaments/paris-2/records/rounds,9317,paris-2,"Paris-2",A,1968
https://stats.tennismylife.org/tournaments/paris-2/records/least,9317,paris-2,"Paris-2",A,1968
https://stats.tennismylife.org/tournaments/paris-2/records/roundsonentries,9317,paris-2,"Paris-2",A,1968
https://stats.tennismylife.org/tournaments/paris-ntl/records,9310,paris-ntl,"Paris NTL",A,1968
https://stats.tennismylife.org/tournaments/paris-ntl/records/count,9310,paris-ntl,"Paris NTL",A,1968
https://stats.tennismylife.org/tournaments/paris-ntl/records/count/titles,9310,paris-ntl,"Paris NTL",A,1968
https://stats.tennismylife.org/tournaments/paris-ntl/records/count/wins,9310,paris-ntl,"Paris NTL",A,1968
https://stats.tennismylife.org/tournaments/paris-ntl/records/count/played,9310,paris-ntl,"Paris NTL",A,1968
https://stats.tennismylife.org/tournaments/paris-ntl/records/count/entries,9310,paris-ntl,"Paris NTL",A,1968
https://stats.tennismylife.org/tournaments/paris-ntl/records/ages,9310,paris-ntl,"Paris NTL",A,1968
https://stats.tennismylife.org/tournaments/paris-ntl/records/ages/main,9310,paris-ntl,"Paris NTL",A,1968
https://stats.tennismylife.org/tournaments/paris-ntl/records/ages/titles,9310,paris-ntl,"Paris NTL",A,1968
https://stats.tennismylife.org/tournaments/paris-ntl/records/ages/oldestrounds,9310,paris-ntl,"Paris NTL",A,1968
https://stats.tennismylife.org/tournaments/paris-ntl/records/ages/youngestrounds,9310,paris-ntl,"Paris NTL",A,1968
https://stats.tennismylife.org/tournaments/paris-ntl/records/percentage,9310,paris-ntl,"Paris NTL",A,1968
https://stats.tennismylife.org/tournaments/paris-ntl/records/percentage/wins,9310,paris-ntl,"Paris NTL",A,1968
https://stats.tennismylife.org/tournaments/paris-ntl/records/percentage/rounds,9310,paris-ntl,"Paris NTL",A,1968
https://stats.tennismylife.org/tournaments/paris-ntl/records/streak,9310,paris-ntl,"Paris NTL",A,1968
https://stats.tennismylife.org/tournaments/paris-ntl/records/timespan,9310,paris-ntl,"Paris NTL",A,1968
https://stats.tennismylife.org/tournaments/paris-ntl/records/rounds,9310,paris-ntl,"Paris NTL",A,1968
https://stats.tennismylife.org/tournaments/paris-ntl/records/least,9310,paris-ntl,"Paris NTL",A,1968
https://stats.tennismylife.org/tournaments/paris-ntl/records/roundsonentries,9310,paris-ntl,"Paris NTL",A,1968
https://stats.tennismylife.org/tournaments/pensacola/records,9237,pensacola,"Pensacola",A,1971
https://stats.tennismylife.org/tournaments/pensacola/records/count,9237,pensacola,"Pensacola",A,1971
https://stats.tennismylife.org/tournaments/pensacola/records/count/titles,9237,pensacola,"Pensacola",A,1971
https://stats.tennismylife.org/tournaments/pensacola/records/count/wins,9237,pensacola,"Pensacola",A,1971
https://stats.tennismylife.org/tournaments/pensacola/records/count/played,9237,pensacola,"Pensacola",A,1971
https://stats.tennismylife.org/tournaments/pensacola/records/count/entries,9237,pensacola,"Pensacola",A,1971
https://stats.tennismylife.org/tournaments/pensacola/records/ages,9237,pensacola,"Pensacola",A,1971
https://stats.tennismylife.org/tournaments/pensacola/records/ages/main,9237,pensacola,"Pensacola",A,1971
https://stats.tennismylife.org/tournaments/pensacola/records/ages/titles,9237,pensacola,"Pensacola",A,1971
https://stats.tennismylife.org/tournaments/pensacola/records/ages/oldestrounds,9237,pensacola,"Pensacola",A,1971
https://stats.tennismylife.org/tournaments/pensacola/records/ages/youngestrounds,9237,pensacola,"Pensacola",A,1971
https://stats.tennismylife.org/tournaments/pensacola/records/percentage,9237,pensacola,"Pensacola",A,1971
https://stats.tennismylife.org/tournaments/pensacola/records/percentage/wins,9237,pensacola,"Pensacola",A,1971
https://stats.tennismylife.org/tournaments/pensacola/records/percentage/rounds,9237,pensacola,"Pensacola",A,1971
https://stats.tennismylife.org/tournaments/pensacola/records/streak,9237,pensacola,"Pensacola",A,1971
https://stats.tennismylife.org/tournaments/pensacola/records/timespan,9237,pensacola,"Pensacola",A,1971
https://stats.tennismylife.org/tournaments/pensacola/records/rounds,9237,pensacola,"Pensacola",A,1971
https://stats.tennismylife.org/tournaments/pensacola/records/least,9237,pensacola,"Pensacola",A,1971
https://stats.tennismylife.org/tournaments/pensacola/records/roundsonentries,9237,pensacola,"Pensacola",A,1971
https://stats.tennismylife.org/tournaments/pepsi-grand-slam/records,1725,pepsi-grand-slam,"Pepsi Grand Slam",A,1981
https://stats.tennismylife.org/tournaments/pepsi-grand-slam/records/count,1725,pepsi-grand-slam,"Pepsi Grand Slam",A,1981
https://stats.tennismylife.org/tournaments/pepsi-grand-slam/records/count/titles,1725,pepsi-grand-slam,"Pepsi Grand Slam",A,1981
https://stats.tennismylife.org/tournaments/pepsi-grand-slam/records/count/wins,1725,pepsi-grand-slam,"Pepsi Grand Slam",A,1981
https://stats.tennismylife.org/tournaments/pepsi-grand-slam/records/count/played,1725,pepsi-grand-slam,"Pepsi Grand Slam",A,1981
https://stats.tennismylife.org/tournaments/pepsi-grand-slam/records/count/entries,1725,pepsi-grand-slam,"Pepsi Grand Slam",A,1981
https://stats.tennismylife.org/tournaments/pepsi-grand-slam/records/ages,1725,pepsi-grand-slam,"Pepsi Grand Slam",A,1981
https://stats.tennismylife.org/tournaments/pepsi-grand-slam/records/ages/main,1725,pepsi-grand-slam,"Pepsi Grand Slam",A,1981
https://stats.tennismylife.org/tournaments/pepsi-grand-slam/records/ages/titles,1725,pepsi-grand-slam,"Pepsi Grand Slam",A,1981
https://stats.tennismylife.org/tournaments/pepsi-grand-slam/records/ages/oldestrounds,1725,pepsi-grand-slam,"Pepsi Grand Slam",A,1981
https://stats.tennismylife.org/tournaments/pepsi-grand-slam/records/ages/youngestrounds,1725,pepsi-grand-slam,"Pepsi Grand Slam",A,1981
https://stats.tennismylife.org/tournaments/pepsi-grand-slam/records/percentage,1725,pepsi-grand-slam,"Pepsi Grand Slam",A,1981
https://stats.tennismylife.org/tournaments/pepsi-grand-slam/records/percentage/wins,1725,pepsi-grand-slam,"Pepsi Grand Slam",A,1981
https://stats.tennismylife.org/tournaments/pepsi-grand-slam/records/percentage/rounds,1725,pepsi-grand-slam,"Pepsi Grand Slam",A,1981
https://stats.tennismylife.org/tournaments/pepsi-grand-slam/records/streak,1725,pepsi-grand-slam,"Pepsi Grand Slam",A,1981
https://stats.tennismylife.org/tournaments/pepsi-grand-slam/records/timespan,1725,pepsi-grand-slam,"Pepsi Grand Slam",A,1981
https://stats.tennismylife.org/tournaments/pepsi-grand-slam/records/rounds,1725,pepsi-grand-slam,"Pepsi Grand Slam",A,1981
https://stats.tennismylife.org/tournaments/pepsi-grand-slam/records/least,1725,pepsi-grand-slam,"Pepsi Grand Slam",A,1981
https://stats.tennismylife.org/tournaments/pepsi-grand-slam/records/roundsonentries,1725,pepsi-grand-slam,"Pepsi Grand Slam",A,1981
https://stats.tennismylife.org/tournaments/perth/records,243,perth,"Perth",A,1968
https://stats.tennismylife.org/tournaments/perth/records/count,243,perth,"Perth",A,1968
https://stats.tennismylife.org/tournaments/perth/records/count/titles,243,perth,"Perth",A,1968
https://stats.tennismylife.org/tournaments/perth/records/count/wins,243,perth,"Perth",A,1968
https://stats.tennismylife.org/tournaments/perth/records/count/played,243,perth,"Perth",A,1968
https://stats.tennismylife.org/tournaments/perth/records/count/entries,243,perth,"Perth",A,1968
https://stats.tennismylife.org/tournaments/perth/records/ages,243,perth,"Perth",A,1968
https://stats.tennismylife.org/tournaments/perth/records/ages/main,243,perth,"Perth",A,1968
https://stats.tennismylife.org/tournaments/perth/records/ages/titles,243,perth,"Perth",A,1968
https://stats.tennismylife.org/tournaments/perth/records/ages/oldestrounds,243,perth,"Perth",A,1968
https://stats.tennismylife.org/tournaments/perth/records/ages/youngestrounds,243,perth,"Perth",A,1968
https://stats.tennismylife.org/tournaments/perth/records/percentage,243,perth,"Perth",A,1968
https://stats.tennismylife.org/tournaments/perth/records/percentage/wins,243,perth,"Perth",A,1968
https://stats.tennismylife.org/tournaments/perth/records/percentage/rounds,243,perth,"Perth",A,1968
https://stats.tennismylife.org/tournaments/perth/records/streak,243,perth,"Perth",A,1968
https://stats.tennismylife.org/tournaments/perth/records/timespan,243,perth,"Perth",A,1968
https://stats.tennismylife.org/tournaments/perth/records/rounds,243,perth,"Perth",A,1968
https://stats.tennismylife.org/tournaments/perth/records/least,243,perth,"Perth",A,1968
https://stats.tennismylife.org/tournaments/perth/records/roundsonentries,243,perth,"Perth",A,1968
https://stats.tennismylife.org/tournaments/perth-2/records,2859,perth-2,"Perth",A,1977
https://stats.tennismylife.org/tournaments/perth-2/records/count,2859,perth-2,"Perth",A,1977
https://stats.tennismylife.org/tournaments/perth-2/records/count/titles,2859,perth-2,"Perth",A,1977
https://stats.tennismylife.org/tournaments/perth-2/records/count/wins,2859,perth-2,"Perth",A,1977
https://stats.tennismylife.org/tournaments/perth-2/records/count/played,2859,perth-2,"Perth",A,1977
https://stats.tennismylife.org/tournaments/perth-2/records/count/entries,2859,perth-2,"Perth",A,1977
https://stats.tennismylife.org/tournaments/perth-2/records/ages,2859,perth-2,"Perth",A,1977
https://stats.tennismylife.org/tournaments/perth-2/records/ages/main,2859,perth-2,"Perth",A,1977
https://stats.tennismylife.org/tournaments/perth-2/records/ages/titles,2859,perth-2,"Perth",A,1977
https://stats.tennismylife.org/tournaments/perth-2/records/ages/oldestrounds,2859,perth-2,"Perth",A,1977
https://stats.tennismylife.org/tournaments/perth-2/records/ages/youngestrounds,2859,perth-2,"Perth",A,1977
https://stats.tennismylife.org/tournaments/perth-2/records/percentage,2859,perth-2,"Perth",A,1977
https://stats.tennismylife.org/tournaments/perth-2/records/percentage/wins,2859,perth-2,"Perth",A,1977
https://stats.tennismylife.org/tournaments/perth-2/records/percentage/rounds,2859,perth-2,"Perth",A,1977
https://stats.tennismylife.org/tournaments/perth-2/records/streak,2859,perth-2,"Perth",A,1977
https://stats.tennismylife.org/tournaments/perth-2/records/timespan,2859,perth-2,"Perth",A,1977
https://stats.tennismylife.org/tournaments/perth-2/records/rounds,2859,perth-2,"Perth",A,1977
https://stats.tennismylife.org/tournaments/perth-2/records/least,2859,perth-2,"Perth",A,1977
https://stats.tennismylife.org/tournaments/perth-2/records/roundsonentries,2859,perth-2,"Perth",A,1977
https://stats.tennismylife.org/tournaments/philadelphia/records,401,philadelphia,"Philadelphia",A|500,1998
https://stats.tennismylife.org/tournaments/philadelphia/records/count,401,philadelphia,"Philadelphia",A|500,1998
https://stats.tennismylife.org/tournaments/philadelphia/records/count/titles,401,philadelphia,"Philadelphia",A|500,1998
https://stats.tennismylife.org/tournaments/philadelphia/records/count/wins,401,philadelphia,"Philadelphia",A|500,1998
https://stats.tennismylife.org/tournaments/philadelphia/records/count/played,401,philadelphia,"Philadelphia",A|500,1998
https://stats.tennismylife.org/tournaments/philadelphia/records/count/entries,401,philadelphia,"Philadelphia",A|500,1998
https://stats.tennismylife.org/tournaments/philadelphia/records/ages,401,philadelphia,"Philadelphia",A|500,1998
https://stats.tennismylife.org/tournaments/philadelphia/records/ages/main,401,philadelphia,"Philadelphia",A|500,1998
https://stats.tennismylife.org/tournaments/philadelphia/records/ages/titles,401,philadelphia,"Philadelphia",A|500,1998
https://stats.tennismylife.org/tournaments/philadelphia/records/ages/oldestrounds,401,philadelphia,"Philadelphia",A|500,1998
https://stats.tennismylife.org/tournaments/philadelphia/records/ages/youngestrounds,401,philadelphia,"Philadelphia",A|500,1998
https://stats.tennismylife.org/tournaments/philadelphia/records/percentage,401,philadelphia,"Philadelphia",A|500,1998
https://stats.tennismylife.org/tournaments/philadelphia/records/percentage/wins,401,philadelphia,"Philadelphia",A|500,1998
https://stats.tennismylife.org/tournaments/philadelphia/records/percentage/rounds,401,philadelphia,"Philadelphia",A|500,1998
https://stats.tennismylife.org/tournaments/philadelphia/records/streak,401,philadelphia,"Philadelphia",A|500,1998
https://stats.tennismylife.org/tournaments/philadelphia/records/timespan,401,philadelphia,"Philadelphia",A|500,1998
https://stats.tennismylife.org/tournaments/philadelphia/records/rounds,401,philadelphia,"Philadelphia",A|500,1998
https://stats.tennismylife.org/tournaments/philadelphia/records/least,401,philadelphia,"Philadelphia",A|500,1998
https://stats.tennismylife.org/tournaments/philadelphia/records/roundsonentries,401,philadelphia,"Philadelphia",A|500,1998
https://stats.tennismylife.org/tournaments/phoenix/records,2067,phoenix,"Phoenix",A,1970
https://stats.tennismylife.org/tournaments/phoenix/records/count,2067,phoenix,"Phoenix",A,1970
https://stats.tennismylife.org/tournaments/phoenix/records/count/titles,2067,phoenix,"Phoenix",A,1970
https://stats.tennismylife.org/tournaments/phoenix/records/count/wins,2067,phoenix,"Phoenix",A,1970
https://stats.tennismylife.org/tournaments/phoenix/records/count/played,2067,phoenix,"Phoenix",A,1970
https://stats.tennismylife.org/tournaments/phoenix/records/count/entries,2067,phoenix,"Phoenix",A,1970
https://stats.tennismylife.org/tournaments/phoenix/records/ages,2067,phoenix,"Phoenix",A,1970
https://stats.tennismylife.org/tournaments/phoenix/records/ages/main,2067,phoenix,"Phoenix",A,1970
https://stats.tennismylife.org/tournaments/phoenix/records/ages/titles,2067,phoenix,"Phoenix",A,1970
https://stats.tennismylife.org/tournaments/phoenix/records/ages/oldestrounds,2067,phoenix,"Phoenix",A,1970
https://stats.tennismylife.org/tournaments/phoenix/records/ages/youngestrounds,2067,phoenix,"Phoenix",A,1970
https://stats.tennismylife.org/tournaments/phoenix/records/percentage,2067,phoenix,"Phoenix",A,1970
https://stats.tennismylife.org/tournaments/phoenix/records/percentage/wins,2067,phoenix,"Phoenix",A,1970
https://stats.tennismylife.org/tournaments/phoenix/records/percentage/rounds,2067,phoenix,"Phoenix",A,1970
https://stats.tennismylife.org/tournaments/phoenix/records/streak,2067,phoenix,"Phoenix",A,1970
https://stats.tennismylife.org/tournaments/phoenix/records/timespan,2067,phoenix,"Phoenix",A,1970
https://stats.tennismylife.org/tournaments/phoenix/records/rounds,2067,phoenix,"Phoenix",A,1970
https://stats.tennismylife.org/tournaments/phoenix/records/least,2067,phoenix,"Phoenix",A,1970
https://stats.tennismylife.org/tournaments/phoenix/records/roundsonentries,2067,phoenix,"Phoenix",A,1970
https://stats.tennismylife.org/tournaments/pittsburgh/records,9830,pittsburgh,"Pittsburgh",A,1969
https://stats.tennismylife.org/tournaments/pittsburgh/records/count,9830,pittsburgh,"Pittsburgh",A,1969
https://stats.tennismylife.org/tournaments/pittsburgh/records/count/titles,9830,pittsburgh,"Pittsburgh",A,1969
https://stats.tennismylife.org/tournaments/pittsburgh/records/count/wins,9830,pittsburgh,"Pittsburgh",A,1969
https://stats.tennismylife.org/tournaments/pittsburgh/records/count/played,9830,pittsburgh,"Pittsburgh",A,1969
https://stats.tennismylife.org/tournaments/pittsburgh/records/count/entries,9830,pittsburgh,"Pittsburgh",A,1969
https://stats.tennismylife.org/tournaments/pittsburgh/records/ages,9830,pittsburgh,"Pittsburgh",A,1969
https://stats.tennismylife.org/tournaments/pittsburgh/records/ages/main,9830,pittsburgh,"Pittsburgh",A,1969
https://stats.tennismylife.org/tournaments/pittsburgh/records/ages/titles,9830,pittsburgh,"Pittsburgh",A,1969
https://stats.tennismylife.org/tournaments/pittsburgh/records/ages/oldestrounds,9830,pittsburgh,"Pittsburgh",A,1969
https://stats.tennismylife.org/tournaments/pittsburgh/records/ages/youngestrounds,9830,pittsburgh,"Pittsburgh",A,1969
https://stats.tennismylife.org/tournaments/pittsburgh/records/percentage,9830,pittsburgh,"Pittsburgh",A,1969
https://stats.tennismylife.org/tournaments/pittsburgh/records/percentage/wins,9830,pittsburgh,"Pittsburgh",A,1969
https://stats.tennismylife.org/tournaments/pittsburgh/records/percentage/rounds,9830,pittsburgh,"Pittsburgh",A,1969
https://stats.tennismylife.org/tournaments/pittsburgh/records/streak,9830,pittsburgh,"Pittsburgh",A,1969
https://stats.tennismylife.org/tournaments/pittsburgh/records/timespan,9830,pittsburgh,"Pittsburgh",A,1969
https://stats.tennismylife.org/tournaments/pittsburgh/records/rounds,9830,pittsburgh,"Pittsburgh",A,1969
https://stats.tennismylife.org/tournaments/pittsburgh/records/least,9830,pittsburgh,"Pittsburgh",A,1969
https://stats.tennismylife.org/tournaments/pittsburgh/records/roundsonentries,9830,pittsburgh,"Pittsburgh",A,1969
https://stats.tennismylife.org/tournaments/poertschach/records,306,poertschach,"Poertschach",A|250,2008
https://stats.tennismylife.org/tournaments/poertschach/records/count,306,poertschach,"Poertschach",A|250,2008
https://stats.tennismylife.org/tournaments/poertschach/records/count/titles,306,poertschach,"Poertschach",A|250,2008
https://stats.tennismylife.org/tournaments/poertschach/records/count/wins,306,poertschach,"Poertschach",A|250,2008
https://stats.tennismylife.org/tournaments/poertschach/records/count/played,306,poertschach,"Poertschach",A|250,2008
https://stats.tennismylife.org/tournaments/poertschach/records/count/entries,306,poertschach,"Poertschach",A|250,2008
https://stats.tennismylife.org/tournaments/poertschach/records/ages,306,poertschach,"Poertschach",A|250,2008
https://stats.tennismylife.org/tournaments/poertschach/records/ages/main,306,poertschach,"Poertschach",A|250,2008
https://stats.tennismylife.org/tournaments/poertschach/records/ages/titles,306,poertschach,"Poertschach",A|250,2008
https://stats.tennismylife.org/tournaments/poertschach/records/ages/oldestrounds,306,poertschach,"Poertschach",A|250,2008
https://stats.tennismylife.org/tournaments/poertschach/records/ages/youngestrounds,306,poertschach,"Poertschach",A|250,2008
https://stats.tennismylife.org/tournaments/poertschach/records/percentage,306,poertschach,"Poertschach",A|250,2008
https://stats.tennismylife.org/tournaments/poertschach/records/percentage/wins,306,poertschach,"Poertschach",A|250,2008
https://stats.tennismylife.org/tournaments/poertschach/records/percentage/rounds,306,poertschach,"Poertschach",A|250,2008
https://stats.tennismylife.org/tournaments/poertschach/records/streak,306,poertschach,"Poertschach",A|250,2008
https://stats.tennismylife.org/tournaments/poertschach/records/timespan,306,poertschach,"Poertschach",A|250,2008
https://stats.tennismylife.org/tournaments/poertschach/records/rounds,306,poertschach,"Poertschach",A|250,2008
https://stats.tennismylife.org/tournaments/poertschach/records/least,306,poertschach,"Poertschach",A|250,2008
https://stats.tennismylife.org/tournaments/poertschach/records/roundsonentries,306,poertschach,"Poertschach",A|250,2008
https://stats.tennismylife.org/tournaments/port-elizabeth-wct/records,9324,port-elizabeth-wct,"Port Elizabeth WCT",A,1968
https://stats.tennismylife.org/tournaments/port-elizabeth-wct/records/count,9324,port-elizabeth-wct,"Port Elizabeth WCT",A,1968
https://stats.tennismylife.org/tournaments/port-elizabeth-wct/records/count/titles,9324,port-elizabeth-wct,"Port Elizabeth WCT",A,1968
https://stats.tennismylife.org/tournaments/port-elizabeth-wct/records/count/wins,9324,port-elizabeth-wct,"Port Elizabeth WCT",A,1968
https://stats.tennismylife.org/tournaments/port-elizabeth-wct/records/count/played,9324,port-elizabeth-wct,"Port Elizabeth WCT",A,1968
https://stats.tennismylife.org/tournaments/port-elizabeth-wct/records/count/entries,9324,port-elizabeth-wct,"Port Elizabeth WCT",A,1968
https://stats.tennismylife.org/tournaments/port-elizabeth-wct/records/ages,9324,port-elizabeth-wct,"Port Elizabeth WCT",A,1968
https://stats.tennismylife.org/tournaments/port-elizabeth-wct/records/ages/main,9324,port-elizabeth-wct,"Port Elizabeth WCT",A,1968
https://stats.tennismylife.org/tournaments/port-elizabeth-wct/records/ages/titles,9324,port-elizabeth-wct,"Port Elizabeth WCT",A,1968
https://stats.tennismylife.org/tournaments/port-elizabeth-wct/records/ages/oldestrounds,9324,port-elizabeth-wct,"Port Elizabeth WCT",A,1968
https://stats.tennismylife.org/tournaments/port-elizabeth-wct/records/ages/youngestrounds,9324,port-elizabeth-wct,"Port Elizabeth WCT",A,1968
https://stats.tennismylife.org/tournaments/port-elizabeth-wct/records/percentage,9324,port-elizabeth-wct,"Port Elizabeth WCT",A,1968
https://stats.tennismylife.org/tournaments/port-elizabeth-wct/records/percentage/wins,9324,port-elizabeth-wct,"Port Elizabeth WCT",A,1968
https://stats.tennismylife.org/tournaments/port-elizabeth-wct/records/percentage/rounds,9324,port-elizabeth-wct,"Port Elizabeth WCT",A,1968
https://stats.tennismylife.org/tournaments/port-elizabeth-wct/records/streak,9324,port-elizabeth-wct,"Port Elizabeth WCT",A,1968
https://stats.tennismylife.org/tournaments/port-elizabeth-wct/records/timespan,9324,port-elizabeth-wct,"Port Elizabeth WCT",A,1968
https://stats.tennismylife.org/tournaments/port-elizabeth-wct/records/rounds,9324,port-elizabeth-wct,"Port Elizabeth WCT",A,1968
https://stats.tennismylife.org/tournaments/port-elizabeth-wct/records/least,9324,port-elizabeth-wct,"Port Elizabeth WCT",A,1968
https://stats.tennismylife.org/tournaments/port-elizabeth-wct/records/roundsonentries,9324,port-elizabeth-wct,"Port Elizabeth WCT",A,1968
https://stats.tennismylife.org/tournaments/portschach/records,9286,portschach,"Portschach",A,1969
https://stats.tennismylife.org/tournaments/portschach/records/count,9286,portschach,"Portschach",A,1969
https://stats.tennismylife.org/tournaments/portschach/records/count/titles,9286,portschach,"Portschach",A,1969
https://stats.tennismylife.org/tournaments/portschach/records/count/wins,9286,portschach,"Portschach",A,1969
https://stats.tennismylife.org/tournaments/portschach/records/count/played,9286,portschach,"Portschach",A,1969
https://stats.tennismylife.org/tournaments/portschach/records/count/entries,9286,portschach,"Portschach",A,1969
https://stats.tennismylife.org/tournaments/portschach/records/ages,9286,portschach,"Portschach",A,1969
https://stats.tennismylife.org/tournaments/portschach/records/ages/main,9286,portschach,"Portschach",A,1969
https://stats.tennismylife.org/tournaments/portschach/records/ages/titles,9286,portschach,"Portschach",A,1969
https://stats.tennismylife.org/tournaments/portschach/records/ages/oldestrounds,9286,portschach,"Portschach",A,1969
https://stats.tennismylife.org/tournaments/portschach/records/ages/youngestrounds,9286,portschach,"Portschach",A,1969
https://stats.tennismylife.org/tournaments/portschach/records/percentage,9286,portschach,"Portschach",A,1969
https://stats.tennismylife.org/tournaments/portschach/records/percentage/wins,9286,portschach,"Portschach",A,1969
https://stats.tennismylife.org/tournaments/portschach/records/percentage/rounds,9286,portschach,"Portschach",A,1969
https://stats.tennismylife.org/tournaments/portschach/records/streak,9286,portschach,"Portschach",A,1969
https://stats.tennismylife.org/tournaments/portschach/records/timespan,9286,portschach,"Portschach",A,1969
https://stats.tennismylife.org/tournaments/portschach/records/rounds,9286,portschach,"Portschach",A,1969
https://stats.tennismylife.org/tournaments/portschach/records/least,9286,portschach,"Portschach",A,1969
https://stats.tennismylife.org/tournaments/portschach/records/roundsonentries,9286,portschach,"Portschach",A,1969
https://stats.tennismylife.org/tournaments/prague/records,379,prague,"Prague",A|250,1999
https://stats.tennismylife.org/tournaments/prague/records/count,379,prague,"Prague",A|250,1999
https://stats.tennismylife.org/tournaments/prague/records/count/titles,379,prague,"Prague",A|250,1999
https://stats.tennismylife.org/tournaments/prague/records/count/wins,379,prague,"Prague",A|250,1999
https://stats.tennismylife.org/tournaments/prague/records/count/played,379,prague,"Prague",A|250,1999
https://stats.tennismylife.org/tournaments/prague/records/count/entries,379,prague,"Prague",A|250,1999
https://stats.tennismylife.org/tournaments/prague/records/ages,379,prague,"Prague",A|250,1999
https://stats.tennismylife.org/tournaments/prague/records/ages/main,379,prague,"Prague",A|250,1999
https://stats.tennismylife.org/tournaments/prague/records/ages/titles,379,prague,"Prague",A|250,1999
https://stats.tennismylife.org/tournaments/prague/records/ages/oldestrounds,379,prague,"Prague",A|250,1999
https://stats.tennismylife.org/tournaments/prague/records/ages/youngestrounds,379,prague,"Prague",A|250,1999
https://stats.tennismylife.org/tournaments/prague/records/percentage,379,prague,"Prague",A|250,1999
https://stats.tennismylife.org/tournaments/prague/records/percentage/wins,379,prague,"Prague",A|250,1999
https://stats.tennismylife.org/tournaments/prague/records/percentage/rounds,379,prague,"Prague",A|250,1999
https://stats.tennismylife.org/tournaments/prague/records/streak,379,prague,"Prague",A|250,1999
https://stats.tennismylife.org/tournaments/prague/records/timespan,379,prague,"Prague",A|250,1999
https://stats.tennismylife.org/tournaments/prague/records/rounds,379,prague,"Prague",A|250,1999
https://stats.tennismylife.org/tournaments/prague/records/least,379,prague,"Prague",A|250,1999
https://stats.tennismylife.org/tournaments/prague/records/roundsonentries,379,prague,"Prague",A|250,1999
https://stats.tennismylife.org/tournaments/pretoria-wct/records,9320,pretoria-wct,"Pretoria WCT",A,1968
https://stats.tennismylife.org/tournaments/pretoria-wct/records/count,9320,pretoria-wct,"Pretoria WCT",A,1968
https://stats.tennismylife.org/tournaments/pretoria-wct/records/count/titles,9320,pretoria-wct,"Pretoria WCT",A,1968
https://stats.tennismylife.org/tournaments/pretoria-wct/records/count/wins,9320,pretoria-wct,"Pretoria WCT",A,1968
https://stats.tennismylife.org/tournaments/pretoria-wct/records/count/played,9320,pretoria-wct,"Pretoria WCT",A,1968
https://stats.tennismylife.org/tournaments/pretoria-wct/records/count/entries,9320,pretoria-wct,"Pretoria WCT",A,1968
https://stats.tennismylife.org/tournaments/pretoria-wct/records/ages,9320,pretoria-wct,"Pretoria WCT",A,1968
https://stats.tennismylife.org/tournaments/pretoria-wct/records/ages/main,9320,pretoria-wct,"Pretoria WCT",A,1968
https://stats.tennismylife.org/tournaments/pretoria-wct/records/ages/titles,9320,pretoria-wct,"Pretoria WCT",A,1968
https://stats.tennismylife.org/tournaments/pretoria-wct/records/ages/oldestrounds,9320,pretoria-wct,"Pretoria WCT",A,1968
https://stats.tennismylife.org/tournaments/pretoria-wct/records/ages/youngestrounds,9320,pretoria-wct,"Pretoria WCT",A,1968
https://stats.tennismylife.org/tournaments/pretoria-wct/records/percentage,9320,pretoria-wct,"Pretoria WCT",A,1968
https://stats.tennismylife.org/tournaments/pretoria-wct/records/percentage/wins,9320,pretoria-wct,"Pretoria WCT",A,1968
https://stats.tennismylife.org/tournaments/pretoria-wct/records/percentage/rounds,9320,pretoria-wct,"Pretoria WCT",A,1968
https://stats.tennismylife.org/tournaments/pretoria-wct/records/streak,9320,pretoria-wct,"Pretoria WCT",A,1968
https://stats.tennismylife.org/tournaments/pretoria-wct/records/timespan,9320,pretoria-wct,"Pretoria WCT",A,1968
https://stats.tennismylife.org/tournaments/pretoria-wct/records/rounds,9320,pretoria-wct,"Pretoria WCT",A,1968
https://stats.tennismylife.org/tournaments/pretoria-wct/records/least,9320,pretoria-wct,"Pretoria WCT",A,1968
https://stats.tennismylife.org/tournaments/pretoria-wct/records/roundsonentries,9320,pretoria-wct,"Pretoria WCT",A,1968
https://stats.tennismylife.org/tournaments/quebec/records,1498,quebec,"Quebec",A,1973
https://stats.tennismylife.org/tournaments/quebec/records/count,1498,quebec,"Quebec",A,1973
https://stats.tennismylife.org/tournaments/quebec/records/count/titles,1498,quebec,"Quebec",A,1973
https://stats.tennismylife.org/tournaments/quebec/records/count/wins,1498,quebec,"Quebec",A,1973
https://stats.tennismylife.org/tournaments/quebec/records/count/played,1498,quebec,"Quebec",A,1973
https://stats.tennismylife.org/tournaments/quebec/records/count/entries,1498,quebec,"Quebec",A,1973
https://stats.tennismylife.org/tournaments/quebec/records/ages,1498,quebec,"Quebec",A,1973
https://stats.tennismylife.org/tournaments/quebec/records/ages/main,1498,quebec,"Quebec",A,1973
https://stats.tennismylife.org/tournaments/quebec/records/ages/titles,1498,quebec,"Quebec",A,1973
https://stats.tennismylife.org/tournaments/quebec/records/ages/oldestrounds,1498,quebec,"Quebec",A,1973
https://stats.tennismylife.org/tournaments/quebec/records/ages/youngestrounds,1498,quebec,"Quebec",A,1973
https://stats.tennismylife.org/tournaments/quebec/records/percentage,1498,quebec,"Quebec",A,1973
https://stats.tennismylife.org/tournaments/quebec/records/percentage/wins,1498,quebec,"Quebec",A,1973
https://stats.tennismylife.org/tournaments/quebec/records/percentage/rounds,1498,quebec,"Quebec",A,1973
https://stats.tennismylife.org/tournaments/quebec/records/streak,1498,quebec,"Quebec",A,1973
https://stats.tennismylife.org/tournaments/quebec/records/timespan,1498,quebec,"Quebec",A,1973
https://stats.tennismylife.org/tournaments/quebec/records/rounds,1498,quebec,"Quebec",A,1973
https://stats.tennismylife.org/tournaments/quebec/records/least,1498,quebec,"Quebec",A,1973
https://stats.tennismylife.org/tournaments/quebec/records/roundsonentries,1498,quebec,"Quebec",A,1973
https://stats.tennismylife.org/tournaments/quito/records,353,quito,"Quito",A,1982
https://stats.tennismylife.org/tournaments/quito/records/count,353,quito,"Quito",A,1982
https://stats.tennismylife.org/tournaments/quito/records/count/titles,353,quito,"Quito",A,1982
https://stats.tennismylife.org/tournaments/quito/records/count/wins,353,quito,"Quito",A,1982
https://stats.tennismylife.org/tournaments/quito/records/count/played,353,quito,"Quito",A,1982
https://stats.tennismylife.org/tournaments/quito/records/count/entries,353,quito,"Quito",A,1982
https://stats.tennismylife.org/tournaments/quito/records/ages,353,quito,"Quito",A,1982
https://stats.tennismylife.org/tournaments/quito/records/ages/main,353,quito,"Quito",A,1982
https://stats.tennismylife.org/tournaments/quito/records/ages/titles,353,quito,"Quito",A,1982
https://stats.tennismylife.org/tournaments/quito/records/ages/oldestrounds,353,quito,"Quito",A,1982
https://stats.tennismylife.org/tournaments/quito/records/ages/youngestrounds,353,quito,"Quito",A,1982
https://stats.tennismylife.org/tournaments/quito/records/percentage,353,quito,"Quito",A,1982
https://stats.tennismylife.org/tournaments/quito/records/percentage/wins,353,quito,"Quito",A,1982
https://stats.tennismylife.org/tournaments/quito/records/percentage/rounds,353,quito,"Quito",A,1982
https://stats.tennismylife.org/tournaments/quito/records/streak,353,quito,"Quito",A,1982
https://stats.tennismylife.org/tournaments/quito/records/timespan,353,quito,"Quito",A,1982
https://stats.tennismylife.org/tournaments/quito/records/rounds,353,quito,"Quito",A,1982
https://stats.tennismylife.org/tournaments/quito/records/least,353,quito,"Quito",A,1982
https://stats.tennismylife.org/tournaments/quito/records/roundsonentries,353,quito,"Quito",A,1982
https://stats.tennismylife.org/tournaments/quito-2/records,7161,quito-2,"Quito",250,2018
https://stats.tennismylife.org/tournaments/quito-2/records/count,7161,quito-2,"Quito",250,2018
https://stats.tennismylife.org/tournaments/quito-2/records/count/titles,7161,quito-2,"Quito",250,2018
https://stats.tennismylife.org/tournaments/quito-2/records/count/wins,7161,quito-2,"Quito",250,2018
https://stats.tennismylife.org/tournaments/quito-2/records/count/played,7161,quito-2,"Quito",250,2018
https://stats.tennismylife.org/tournaments/quito-2/records/count/entries,7161,quito-2,"Quito",250,2018
https://stats.tennismylife.org/tournaments/quito-2/records/ages,7161,quito-2,"Quito",250,2018
https://stats.tennismylife.org/tournaments/quito-2/records/ages/main,7161,quito-2,"Quito",250,2018
https://stats.tennismylife.org/tournaments/quito-2/records/ages/titles,7161,quito-2,"Quito",250,2018
https://stats.tennismylife.org/tournaments/quito-2/records/ages/oldestrounds,7161,quito-2,"Quito",250,2018
https://stats.tennismylife.org/tournaments/quito-2/records/ages/youngestrounds,7161,quito-2,"Quito",250,2018
https://stats.tennismylife.org/tournaments/quito-2/records/percentage,7161,quito-2,"Quito",250,2018
https://stats.tennismylife.org/tournaments/quito-2/records/percentage/wins,7161,quito-2,"Quito",250,2018
https://stats.tennismylife.org/tournaments/quito-2/records/percentage/rounds,7161,quito-2,"Quito",250,2018
https://stats.tennismylife.org/tournaments/quito-2/records/streak,7161,quito-2,"Quito",250,2018
https://stats.tennismylife.org/tournaments/quito-2/records/timespan,7161,quito-2,"Quito",250,2018
https://stats.tennismylife.org/tournaments/quito-2/records/rounds,7161,quito-2,"Quito",250,2018
https://stats.tennismylife.org/tournaments/quito-2/records/least,7161,quito-2,"Quito",250,2018
https://stats.tennismylife.org/tournaments/quito-2/records/roundsonentries,7161,quito-2,"Quito",250,2018
https://stats.tennismylife.org/tournaments/reggio-calabria/records,9347,reggio-calabria,"Reggio Calabria",A,1968
https://stats.tennismylife.org/tournaments/reggio-calabria/records/count,9347,reggio-calabria,"Reggio Calabria",A,1968
https://stats.tennismylife.org/tournaments/reggio-calabria/records/count/titles,9347,reggio-calabria,"Reggio Calabria",A,1968
https://stats.tennismylife.org/tournaments/reggio-calabria/records/count/wins,9347,reggio-calabria,"Reggio Calabria",A,1968
https://stats.tennismylife.org/tournaments/reggio-calabria/records/count/played,9347,reggio-calabria,"Reggio Calabria",A,1968
https://stats.tennismylife.org/tournaments/reggio-calabria/records/count/entries,9347,reggio-calabria,"Reggio Calabria",A,1968
https://stats.tennismylife.org/tournaments/reggio-calabria/records/ages,9347,reggio-calabria,"Reggio Calabria",A,1968
https://stats.tennismylife.org/tournaments/reggio-calabria/records/ages/main,9347,reggio-calabria,"Reggio Calabria",A,1968
https://stats.tennismylife.org/tournaments/reggio-calabria/records/ages/titles,9347,reggio-calabria,"Reggio Calabria",A,1968
https://stats.tennismylife.org/tournaments/reggio-calabria/records/ages/oldestrounds,9347,reggio-calabria,"Reggio Calabria",A,1968
https://stats.tennismylife.org/tournaments/reggio-calabria/records/ages/youngestrounds,9347,reggio-calabria,"Reggio Calabria",A,1968
https://stats.tennismylife.org/tournaments/reggio-calabria/records/percentage,9347,reggio-calabria,"Reggio Calabria",A,1968
https://stats.tennismylife.org/tournaments/reggio-calabria/records/percentage/wins,9347,reggio-calabria,"Reggio Calabria",A,1968
https://stats.tennismylife.org/tournaments/reggio-calabria/records/percentage/rounds,9347,reggio-calabria,"Reggio Calabria",A,1968
https://stats.tennismylife.org/tournaments/reggio-calabria/records/streak,9347,reggio-calabria,"Reggio Calabria",A,1968
https://stats.tennismylife.org/tournaments/reggio-calabria/records/timespan,9347,reggio-calabria,"Reggio Calabria",A,1968
https://stats.tennismylife.org/tournaments/reggio-calabria/records/rounds,9347,reggio-calabria,"Reggio Calabria",A,1968
https://stats.tennismylife.org/tournaments/reggio-calabria/records/least,9347,reggio-calabria,"Reggio Calabria",A,1968
https://stats.tennismylife.org/tournaments/reggio-calabria/records/roundsonentries,9347,reggio-calabria,"Reggio Calabria",A,1968
https://stats.tennismylife.org/tournaments/richmond-wct/records,802,richmond-wct,"Richmond WCT",A,1984
https://stats.tennismylife.org/tournaments/richmond-wct/records/count,802,richmond-wct,"Richmond WCT",A,1984
https://stats.tennismylife.org/tournaments/richmond-wct/records/count/titles,802,richmond-wct,"Richmond WCT",A,1984
https://stats.tennismylife.org/tournaments/richmond-wct/records/count/wins,802,richmond-wct,"Richmond WCT",A,1984
https://stats.tennismylife.org/tournaments/richmond-wct/records/count/played,802,richmond-wct,"Richmond WCT",A,1984
https://stats.tennismylife.org/tournaments/richmond-wct/records/count/entries,802,richmond-wct,"Richmond WCT",A,1984
https://stats.tennismylife.org/tournaments/richmond-wct/records/ages,802,richmond-wct,"Richmond WCT",A,1984
https://stats.tennismylife.org/tournaments/richmond-wct/records/ages/main,802,richmond-wct,"Richmond WCT",A,1984
https://stats.tennismylife.org/tournaments/richmond-wct/records/ages/titles,802,richmond-wct,"Richmond WCT",A,1984
https://stats.tennismylife.org/tournaments/richmond-wct/records/ages/oldestrounds,802,richmond-wct,"Richmond WCT",A,1984
https://stats.tennismylife.org/tournaments/richmond-wct/records/ages/youngestrounds,802,richmond-wct,"Richmond WCT",A,1984
https://stats.tennismylife.org/tournaments/richmond-wct/records/percentage,802,richmond-wct,"Richmond WCT",A,1984
https://stats.tennismylife.org/tournaments/richmond-wct/records/percentage/wins,802,richmond-wct,"Richmond WCT",A,1984
https://stats.tennismylife.org/tournaments/richmond-wct/records/percentage/rounds,802,richmond-wct,"Richmond WCT",A,1984
https://stats.tennismylife.org/tournaments/richmond-wct/records/streak,802,richmond-wct,"Richmond WCT",A,1984
https://stats.tennismylife.org/tournaments/richmond-wct/records/timespan,802,richmond-wct,"Richmond WCT",A,1984
https://stats.tennismylife.org/tournaments/richmond-wct/records/rounds,802,richmond-wct,"Richmond WCT",A,1984
https://stats.tennismylife.org/tournaments/richmond-wct/records/least,802,richmond-wct,"Richmond WCT",A,1984
https://stats.tennismylife.org/tournaments/richmond-wct/records/roundsonentries,802,richmond-wct,"Richmond WCT",A,1984
https://stats.tennismylife.org/tournaments/roanoke/records,2022,roanoke,"Roanoke",A,1975
https://stats.tennismylife.org/tournaments/roanoke/records/count,2022,roanoke,"Roanoke",A,1975
https://stats.tennismylife.org/tournaments/roanoke/records/count/titles,2022,roanoke,"Roanoke",A,1975
https://stats.tennismylife.org/tournaments/roanoke/records/count/wins,2022,roanoke,"Roanoke",A,1975
https://stats.tennismylife.org/tournaments/roanoke/records/count/played,2022,roanoke,"Roanoke",A,1975
https://stats.tennismylife.org/tournaments/roanoke/records/count/entries,2022,roanoke,"Roanoke",A,1975
https://stats.tennismylife.org/tournaments/roanoke/records/ages,2022,roanoke,"Roanoke",A,1975
https://stats.tennismylife.org/tournaments/roanoke/records/ages/main,2022,roanoke,"Roanoke",A,1975
https://stats.tennismylife.org/tournaments/roanoke/records/ages/titles,2022,roanoke,"Roanoke",A,1975
https://stats.tennismylife.org/tournaments/roanoke/records/ages/oldestrounds,2022,roanoke,"Roanoke",A,1975
https://stats.tennismylife.org/tournaments/roanoke/records/ages/youngestrounds,2022,roanoke,"Roanoke",A,1975
https://stats.tennismylife.org/tournaments/roanoke/records/percentage,2022,roanoke,"Roanoke",A,1975
https://stats.tennismylife.org/tournaments/roanoke/records/percentage/wins,2022,roanoke,"Roanoke",A,1975
https://stats.tennismylife.org/tournaments/roanoke/records/percentage/rounds,2022,roanoke,"Roanoke",A,1975
https://stats.tennismylife.org/tournaments/roanoke/records/streak,2022,roanoke,"Roanoke",A,1975
https://stats.tennismylife.org/tournaments/roanoke/records/timespan,2022,roanoke,"Roanoke",A,1975
https://stats.tennismylife.org/tournaments/roanoke/records/rounds,2022,roanoke,"Roanoke",A,1975
https://stats.tennismylife.org/tournaments/roanoke/records/least,2022,roanoke,"Roanoke",A,1975
https://stats.tennismylife.org/tournaments/roanoke/records/roundsonentries,2022,roanoke,"Roanoke",A,1975
https://stats.tennismylife.org/tournaments/rome-wct/records,665,rome-wct,"Rome WCT",A,1976
https://stats.tennismylife.org/tournaments/rome-wct/records/count,665,rome-wct,"Rome WCT",A,1976
https://stats.tennismylife.org/tournaments/rome-wct/records/count/titles,665,rome-wct,"Rome WCT",A,1976
https://stats.tennismylife.org/tournaments/rome-wct/records/count/wins,665,rome-wct,"Rome WCT",A,1976
https://stats.tennismylife.org/tournaments/rome-wct/records/count/played,665,rome-wct,"Rome WCT",A,1976
https://stats.tennismylife.org/tournaments/rome-wct/records/count/entries,665,rome-wct,"Rome WCT",A,1976
https://stats.tennismylife.org/tournaments/rome-wct/records/ages,665,rome-wct,"Rome WCT",A,1976
https://stats.tennismylife.org/tournaments/rome-wct/records/ages/main,665,rome-wct,"Rome WCT",A,1976
https://stats.tennismylife.org/tournaments/rome-wct/records/ages/titles,665,rome-wct,"Rome WCT",A,1976
https://stats.tennismylife.org/tournaments/rome-wct/records/ages/oldestrounds,665,rome-wct,"Rome WCT",A,1976
https://stats.tennismylife.org/tournaments/rome-wct/records/ages/youngestrounds,665,rome-wct,"Rome WCT",A,1976
https://stats.tennismylife.org/tournaments/rome-wct/records/percentage,665,rome-wct,"Rome WCT",A,1976
https://stats.tennismylife.org/tournaments/rome-wct/records/percentage/wins,665,rome-wct,"Rome WCT",A,1976
https://stats.tennismylife.org/tournaments/rome-wct/records/percentage/rounds,665,rome-wct,"Rome WCT",A,1976
https://stats.tennismylife.org/tournaments/rome-wct/records/streak,665,rome-wct,"Rome WCT",A,1976
https://stats.tennismylife.org/tournaments/rome-wct/records/timespan,665,rome-wct,"Rome WCT",A,1976
https://stats.tennismylife.org/tournaments/rome-wct/records/rounds,665,rome-wct,"Rome WCT",A,1976
https://stats.tennismylife.org/tournaments/rome-wct/records/least,665,rome-wct,"Rome WCT",A,1976
https://stats.tennismylife.org/tournaments/rome-wct/records/roundsonentries,665,rome-wct,"Rome WCT",A,1976
https://stats.tennismylife.org/tournaments/rome-wct-2/records,2056,rome-wct-2,"Rome WCT",A,1972
https://stats.tennismylife.org/tournaments/rome-wct-2/records/count,2056,rome-wct-2,"Rome WCT",A,1972
https://stats.tennismylife.org/tournaments/rome-wct-2/records/count/titles,2056,rome-wct-2,"Rome WCT",A,1972
https://stats.tennismylife.org/tournaments/rome-wct-2/records/count/wins,2056,rome-wct-2,"Rome WCT",A,1972
https://stats.tennismylife.org/tournaments/rome-wct-2/records/count/played,2056,rome-wct-2,"Rome WCT",A,1972
https://stats.tennismylife.org/tournaments/rome-wct-2/records/count/entries,2056,rome-wct-2,"Rome WCT",A,1972
https://stats.tennismylife.org/tournaments/rome-wct-2/records/ages,2056,rome-wct-2,"Rome WCT",A,1972
https://stats.tennismylife.org/tournaments/rome-wct-2/records/ages/main,2056,rome-wct-2,"Rome WCT",A,1972
https://stats.tennismylife.org/tournaments/rome-wct-2/records/ages/titles,2056,rome-wct-2,"Rome WCT",A,1972
https://stats.tennismylife.org/tournaments/rome-wct-2/records/ages/oldestrounds,2056,rome-wct-2,"Rome WCT",A,1972
https://stats.tennismylife.org/tournaments/rome-wct-2/records/ages/youngestrounds,2056,rome-wct-2,"Rome WCT",A,1972
https://stats.tennismylife.org/tournaments/rome-wct-2/records/percentage,2056,rome-wct-2,"Rome WCT",A,1972
https://stats.tennismylife.org/tournaments/rome-wct-2/records/percentage/wins,2056,rome-wct-2,"Rome WCT",A,1972
https://stats.tennismylife.org/tournaments/rome-wct-2/records/percentage/rounds,2056,rome-wct-2,"Rome WCT",A,1972
https://stats.tennismylife.org/tournaments/rome-wct-2/records/streak,2056,rome-wct-2,"Rome WCT",A,1972
https://stats.tennismylife.org/tournaments/rome-wct-2/records/timespan,2056,rome-wct-2,"Rome WCT",A,1972
https://stats.tennismylife.org/tournaments/rome-wct-2/records/rounds,2056,rome-wct-2,"Rome WCT",A,1972
https://stats.tennismylife.org/tournaments/rome-wct-2/records/least,2056,rome-wct-2,"Rome WCT",A,1972
https://stats.tennismylife.org/tournaments/rome-wct-2/records/roundsonentries,2056,rome-wct-2,"Rome WCT",A,1972
https://stats.tennismylife.org/tournaments/rotterdam-wct/records,9036,rotterdam-wct,"Rotterdam WCT",A,1972
https://stats.tennismylife.org/tournaments/rotterdam-wct/records/count,9036,rotterdam-wct,"Rotterdam WCT",A,1972
https://stats.tennismylife.org/tournaments/rotterdam-wct/records/count/titles,9036,rotterdam-wct,"Rotterdam WCT",A,1972
https://stats.tennismylife.org/tournaments/rotterdam-wct/records/count/wins,9036,rotterdam-wct,"Rotterdam WCT",A,1972
https://stats.tennismylife.org/tournaments/rotterdam-wct/records/count/played,9036,rotterdam-wct,"Rotterdam WCT",A,1972
https://stats.tennismylife.org/tournaments/rotterdam-wct/records/count/entries,9036,rotterdam-wct,"Rotterdam WCT",A,1972
https://stats.tennismylife.org/tournaments/rotterdam-wct/records/ages,9036,rotterdam-wct,"Rotterdam WCT",A,1972
https://stats.tennismylife.org/tournaments/rotterdam-wct/records/ages/main,9036,rotterdam-wct,"Rotterdam WCT",A,1972
https://stats.tennismylife.org/tournaments/rotterdam-wct/records/ages/titles,9036,rotterdam-wct,"Rotterdam WCT",A,1972
https://stats.tennismylife.org/tournaments/rotterdam-wct/records/ages/oldestrounds,9036,rotterdam-wct,"Rotterdam WCT",A,1972
https://stats.tennismylife.org/tournaments/rotterdam-wct/records/ages/youngestrounds,9036,rotterdam-wct,"Rotterdam WCT",A,1972
https://stats.tennismylife.org/tournaments/rotterdam-wct/records/percentage,9036,rotterdam-wct,"Rotterdam WCT",A,1972
https://stats.tennismylife.org/tournaments/rotterdam-wct/records/percentage/wins,9036,rotterdam-wct,"Rotterdam WCT",A,1972
https://stats.tennismylife.org/tournaments/rotterdam-wct/records/percentage/rounds,9036,rotterdam-wct,"Rotterdam WCT",A,1972
https://stats.tennismylife.org/tournaments/rotterdam-wct/records/streak,9036,rotterdam-wct,"Rotterdam WCT",A,1972
https://stats.tennismylife.org/tournaments/rotterdam-wct/records/timespan,9036,rotterdam-wct,"Rotterdam WCT",A,1972
https://stats.tennismylife.org/tournaments/rotterdam-wct/records/rounds,9036,rotterdam-wct,"Rotterdam WCT",A,1972
https://stats.tennismylife.org/tournaments/rotterdam-wct/records/least,9036,rotterdam-wct,"Rotterdam WCT",A,1972
https://stats.tennismylife.org/tournaments/rotterdam-wct/records/roundsonentries,9036,rotterdam-wct,"Rotterdam WCT",A,1972
https://stats.tennismylife.org/tournaments/rye-brook/records,435,rye-brook,"Rye Brook",A,1988
https://stats.tennismylife.org/tournaments/rye-brook/records/count,435,rye-brook,"Rye Brook",A,1988
https://stats.tennismylife.org/tournaments/rye-brook/records/count/titles,435,rye-brook,"Rye Brook",A,1988
https://stats.tennismylife.org/tournaments/rye-brook/records/count/wins,435,rye-brook,"Rye Brook",A,1988
https://stats.tennismylife.org/tournaments/rye-brook/records/count/played,435,rye-brook,"Rye Brook",A,1988
https://stats.tennismylife.org/tournaments/rye-brook/records/count/entries,435,rye-brook,"Rye Brook",A,1988
https://stats.tennismylife.org/tournaments/rye-brook/records/ages,435,rye-brook,"Rye Brook",A,1988
https://stats.tennismylife.org/tournaments/rye-brook/records/ages/main,435,rye-brook,"Rye Brook",A,1988
https://stats.tennismylife.org/tournaments/rye-brook/records/ages/titles,435,rye-brook,"Rye Brook",A,1988
https://stats.tennismylife.org/tournaments/rye-brook/records/ages/oldestrounds,435,rye-brook,"Rye Brook",A,1988
https://stats.tennismylife.org/tournaments/rye-brook/records/ages/youngestrounds,435,rye-brook,"Rye Brook",A,1988
https://stats.tennismylife.org/tournaments/rye-brook/records/percentage,435,rye-brook,"Rye Brook",A,1988
https://stats.tennismylife.org/tournaments/rye-brook/records/percentage/wins,435,rye-brook,"Rye Brook",A,1988
https://stats.tennismylife.org/tournaments/rye-brook/records/percentage/rounds,435,rye-brook,"Rye Brook",A,1988
https://stats.tennismylife.org/tournaments/rye-brook/records/streak,435,rye-brook,"Rye Brook",A,1988
https://stats.tennismylife.org/tournaments/rye-brook/records/timespan,435,rye-brook,"Rye Brook",A,1988
https://stats.tennismylife.org/tournaments/rye-brook/records/rounds,435,rye-brook,"Rye Brook",A,1988
https://stats.tennismylife.org/tournaments/rye-brook/records/least,435,rye-brook,"Rye Brook",A,1988
https://stats.tennismylife.org/tournaments/rye-brook/records/roundsonentries,435,rye-brook,"Rye Brook",A,1988
https://stats.tennismylife.org/tournaments/sacramento/records,654,sacramento,"Sacramento",A,1976
https://stats.tennismylife.org/tournaments/sacramento/records/count,654,sacramento,"Sacramento",A,1976
https://stats.tennismylife.org/tournaments/sacramento/records/count/titles,654,sacramento,"Sacramento",A,1976
https://stats.tennismylife.org/tournaments/sacramento/records/count/wins,654,sacramento,"Sacramento",A,1976
https://stats.tennismylife.org/tournaments/sacramento/records/count/played,654,sacramento,"Sacramento",A,1976
https://stats.tennismylife.org/tournaments/sacramento/records/count/entries,654,sacramento,"Sacramento",A,1976
https://stats.tennismylife.org/tournaments/sacramento/records/ages,654,sacramento,"Sacramento",A,1976
https://stats.tennismylife.org/tournaments/sacramento/records/ages/main,654,sacramento,"Sacramento",A,1976
https://stats.tennismylife.org/tournaments/sacramento/records/ages/titles,654,sacramento,"Sacramento",A,1976
https://stats.tennismylife.org/tournaments/sacramento/records/ages/oldestrounds,654,sacramento,"Sacramento",A,1976
https://stats.tennismylife.org/tournaments/sacramento/records/ages/youngestrounds,654,sacramento,"Sacramento",A,1976
https://stats.tennismylife.org/tournaments/sacramento/records/percentage,654,sacramento,"Sacramento",A,1976
https://stats.tennismylife.org/tournaments/sacramento/records/percentage/wins,654,sacramento,"Sacramento",A,1976
https://stats.tennismylife.org/tournaments/sacramento/records/percentage/rounds,654,sacramento,"Sacramento",A,1976
https://stats.tennismylife.org/tournaments/sacramento/records/streak,654,sacramento,"Sacramento",A,1976
https://stats.tennismylife.org/tournaments/sacramento/records/timespan,654,sacramento,"Sacramento",A,1976
https://stats.tennismylife.org/tournaments/sacramento/records/rounds,654,sacramento,"Sacramento",A,1976
https://stats.tennismylife.org/tournaments/sacramento/records/least,654,sacramento,"Sacramento",A,1976
https://stats.tennismylife.org/tournaments/sacramento/records/roundsonentries,654,sacramento,"Sacramento",A,1976
https://stats.tennismylife.org/tournaments/salisbury-wct/records,355,salisbury-wct,"Salisbury WCT",A,1981
https://stats.tennismylife.org/tournaments/salisbury-wct/records/count,355,salisbury-wct,"Salisbury WCT",A,1981
https://stats.tennismylife.org/tournaments/salisbury-wct/records/count/titles,355,salisbury-wct,"Salisbury WCT",A,1981
https://stats.tennismylife.org/tournaments/salisbury-wct/records/count/wins,355,salisbury-wct,"Salisbury WCT",A,1981
https://stats.tennismylife.org/tournaments/salisbury-wct/records/count/played,355,salisbury-wct,"Salisbury WCT",A,1981
https://stats.tennismylife.org/tournaments/salisbury-wct/records/count/entries,355,salisbury-wct,"Salisbury WCT",A,1981
https://stats.tennismylife.org/tournaments/salisbury-wct/records/ages,355,salisbury-wct,"Salisbury WCT",A,1981
https://stats.tennismylife.org/tournaments/salisbury-wct/records/ages/main,355,salisbury-wct,"Salisbury WCT",A,1981
https://stats.tennismylife.org/tournaments/salisbury-wct/records/ages/titles,355,salisbury-wct,"Salisbury WCT",A,1981
https://stats.tennismylife.org/tournaments/salisbury-wct/records/ages/oldestrounds,355,salisbury-wct,"Salisbury WCT",A,1981
https://stats.tennismylife.org/tournaments/salisbury-wct/records/ages/youngestrounds,355,salisbury-wct,"Salisbury WCT",A,1981
https://stats.tennismylife.org/tournaments/salisbury-wct/records/percentage,355,salisbury-wct,"Salisbury WCT",A,1981
https://stats.tennismylife.org/tournaments/salisbury-wct/records/percentage/wins,355,salisbury-wct,"Salisbury WCT",A,1981
https://stats.tennismylife.org/tournaments/salisbury-wct/records/percentage/rounds,355,salisbury-wct,"Salisbury WCT",A,1981
https://stats.tennismylife.org/tournaments/salisbury-wct/records/streak,355,salisbury-wct,"Salisbury WCT",A,1981
https://stats.tennismylife.org/tournaments/salisbury-wct/records/timespan,355,salisbury-wct,"Salisbury WCT",A,1981
https://stats.tennismylife.org/tournaments/salisbury-wct/records/rounds,355,salisbury-wct,"Salisbury WCT",A,1981
https://stats.tennismylife.org/tournaments/salisbury-wct/records/least,355,salisbury-wct,"Salisbury WCT",A,1981
https://stats.tennismylife.org/tournaments/salisbury-wct/records/roundsonentries,355,salisbury-wct,"Salisbury WCT",A,1981
https://stats.tennismylife.org/tournaments/salt-lake-city/records,2039,salt-lake-city,"Salt Lake City",A,1974
https://stats.tennismylife.org/tournaments/salt-lake-city/records/count,2039,salt-lake-city,"Salt Lake City",A,1974
https://stats.tennismylife.org/tournaments/salt-lake-city/records/count/titles,2039,salt-lake-city,"Salt Lake City",A,1974
https://stats.tennismylife.org/tournaments/salt-lake-city/records/count/wins,2039,salt-lake-city,"Salt Lake City",A,1974
https://stats.tennismylife.org/tournaments/salt-lake-city/records/count/played,2039,salt-lake-city,"Salt Lake City",A,1974
https://stats.tennismylife.org/tournaments/salt-lake-city/records/count/entries,2039,salt-lake-city,"Salt Lake City",A,1974
https://stats.tennismylife.org/tournaments/salt-lake-city/records/ages,2039,salt-lake-city,"Salt Lake City",A,1974
https://stats.tennismylife.org/tournaments/salt-lake-city/records/ages/main,2039,salt-lake-city,"Salt Lake City",A,1974
https://stats.tennismylife.org/tournaments/salt-lake-city/records/ages/titles,2039,salt-lake-city,"Salt Lake City",A,1974
https://stats.tennismylife.org/tournaments/salt-lake-city/records/ages/oldestrounds,2039,salt-lake-city,"Salt Lake City",A,1974
https://stats.tennismylife.org/tournaments/salt-lake-city/records/ages/youngestrounds,2039,salt-lake-city,"Salt Lake City",A,1974
https://stats.tennismylife.org/tournaments/salt-lake-city/records/percentage,2039,salt-lake-city,"Salt Lake City",A,1974
https://stats.tennismylife.org/tournaments/salt-lake-city/records/percentage/wins,2039,salt-lake-city,"Salt Lake City",A,1974
https://stats.tennismylife.org/tournaments/salt-lake-city/records/percentage/rounds,2039,salt-lake-city,"Salt Lake City",A,1974
https://stats.tennismylife.org/tournaments/salt-lake-city/records/streak,2039,salt-lake-city,"Salt Lake City",A,1974
https://stats.tennismylife.org/tournaments/salt-lake-city/records/timespan,2039,salt-lake-city,"Salt Lake City",A,1974
https://stats.tennismylife.org/tournaments/salt-lake-city/records/rounds,2039,salt-lake-city,"Salt Lake City",A,1974
https://stats.tennismylife.org/tournaments/salt-lake-city/records/least,2039,salt-lake-city,"Salt Lake City",A,1974
https://stats.tennismylife.org/tournaments/salt-lake-city/records/roundsonentries,2039,salt-lake-city,"Salt Lake City",A,1974
https://stats.tennismylife.org/tournaments/san-antonio-wct/records,1602,san-antonio-wct,"San Antonio WCT",A,1975
https://stats.tennismylife.org/tournaments/san-antonio-wct/records/count,1602,san-antonio-wct,"San Antonio WCT",A,1975
https://stats.tennismylife.org/tournaments/san-antonio-wct/records/count/titles,1602,san-antonio-wct,"San Antonio WCT",A,1975
https://stats.tennismylife.org/tournaments/san-antonio-wct/records/count/wins,1602,san-antonio-wct,"San Antonio WCT",A,1975
https://stats.tennismylife.org/tournaments/san-antonio-wct/records/count/played,1602,san-antonio-wct,"San Antonio WCT",A,1975
https://stats.tennismylife.org/tournaments/san-antonio-wct/records/count/entries,1602,san-antonio-wct,"San Antonio WCT",A,1975
https://stats.tennismylife.org/tournaments/san-antonio-wct/records/ages,1602,san-antonio-wct,"San Antonio WCT",A,1975
https://stats.tennismylife.org/tournaments/san-antonio-wct/records/ages/main,1602,san-antonio-wct,"San Antonio WCT",A,1975
https://stats.tennismylife.org/tournaments/san-antonio-wct/records/ages/titles,1602,san-antonio-wct,"San Antonio WCT",A,1975
https://stats.tennismylife.org/tournaments/san-antonio-wct/records/ages/oldestrounds,1602,san-antonio-wct,"San Antonio WCT",A,1975
https://stats.tennismylife.org/tournaments/san-antonio-wct/records/ages/youngestrounds,1602,san-antonio-wct,"San Antonio WCT",A,1975
https://stats.tennismylife.org/tournaments/san-antonio-wct/records/percentage,1602,san-antonio-wct,"San Antonio WCT",A,1975
https://stats.tennismylife.org/tournaments/san-antonio-wct/records/percentage/wins,1602,san-antonio-wct,"San Antonio WCT",A,1975
https://stats.tennismylife.org/tournaments/san-antonio-wct/records/percentage/rounds,1602,san-antonio-wct,"San Antonio WCT",A,1975
https://stats.tennismylife.org/tournaments/san-antonio-wct/records/streak,1602,san-antonio-wct,"San Antonio WCT",A,1975
https://stats.tennismylife.org/tournaments/san-antonio-wct/records/timespan,1602,san-antonio-wct,"San Antonio WCT",A,1975
https://stats.tennismylife.org/tournaments/san-antonio-wct/records/rounds,1602,san-antonio-wct,"San Antonio WCT",A,1975
https://stats.tennismylife.org/tournaments/san-antonio-wct/records/least,1602,san-antonio-wct,"San Antonio WCT",A,1975
https://stats.tennismylife.org/tournaments/san-antonio-wct/records/roundsonentries,1602,san-antonio-wct,"San Antonio WCT",A,1975
https://stats.tennismylife.org/tournaments/san-diego-wct/records,9303,san-diego-wct,"San Diego WCT",A,1968
https://stats.tennismylife.org/tournaments/san-diego-wct/records/count,9303,san-diego-wct,"San Diego WCT",A,1968
https://stats.tennismylife.org/tournaments/san-diego-wct/records/count/titles,9303,san-diego-wct,"San Diego WCT",A,1968
https://stats.tennismylife.org/tournaments/san-diego-wct/records/count/wins,9303,san-diego-wct,"San Diego WCT",A,1968
https://stats.tennismylife.org/tournaments/san-diego-wct/records/count/played,9303,san-diego-wct,"San Diego WCT",A,1968
https://stats.tennismylife.org/tournaments/san-diego-wct/records/count/entries,9303,san-diego-wct,"San Diego WCT",A,1968
https://stats.tennismylife.org/tournaments/san-diego-wct/records/ages,9303,san-diego-wct,"San Diego WCT",A,1968
https://stats.tennismylife.org/tournaments/san-diego-wct/records/ages/main,9303,san-diego-wct,"San Diego WCT",A,1968
https://stats.tennismylife.org/tournaments/san-diego-wct/records/ages/titles,9303,san-diego-wct,"San Diego WCT",A,1968
https://stats.tennismylife.org/tournaments/san-diego-wct/records/ages/oldestrounds,9303,san-diego-wct,"San Diego WCT",A,1968
https://stats.tennismylife.org/tournaments/san-diego-wct/records/ages/youngestrounds,9303,san-diego-wct,"San Diego WCT",A,1968
https://stats.tennismylife.org/tournaments/san-diego-wct/records/percentage,9303,san-diego-wct,"San Diego WCT",A,1968
https://stats.tennismylife.org/tournaments/san-diego-wct/records/percentage/wins,9303,san-diego-wct,"San Diego WCT",A,1968
https://stats.tennismylife.org/tournaments/san-diego-wct/records/percentage/rounds,9303,san-diego-wct,"San Diego WCT",A,1968
https://stats.tennismylife.org/tournaments/san-diego-wct/records/streak,9303,san-diego-wct,"San Diego WCT",A,1968
https://stats.tennismylife.org/tournaments/san-diego-wct/records/timespan,9303,san-diego-wct,"San Diego WCT",A,1968
https://stats.tennismylife.org/tournaments/san-diego-wct/records/rounds,9303,san-diego-wct,"San Diego WCT",A,1968
https://stats.tennismylife.org/tournaments/san-diego-wct/records/least,9303,san-diego-wct,"San Diego WCT",A,1968
https://stats.tennismylife.org/tournaments/san-diego-wct/records/roundsonentries,9303,san-diego-wct,"San Diego WCT",A,1968
https://stats.tennismylife.org/tournaments/san-jose/records,714,san-jose,"San Jose",A,1980
https://stats.tennismylife.org/tournaments/san-jose/records/count,714,san-jose,"San Jose",A,1980
https://stats.tennismylife.org/tournaments/san-jose/records/count/titles,714,san-jose,"San Jose",A,1980
https://stats.tennismylife.org/tournaments/san-jose/records/count/wins,714,san-jose,"San Jose",A,1980
https://stats.tennismylife.org/tournaments/san-jose/records/count/played,714,san-jose,"San Jose",A,1980
https://stats.tennismylife.org/tournaments/san-jose/records/count/entries,714,san-jose,"San Jose",A,1980
https://stats.tennismylife.org/tournaments/san-jose/records/ages,714,san-jose,"San Jose",A,1980
https://stats.tennismylife.org/tournaments/san-jose/records/ages/main,714,san-jose,"San Jose",A,1980
https://stats.tennismylife.org/tournaments/san-jose/records/ages/titles,714,san-jose,"San Jose",A,1980
https://stats.tennismylife.org/tournaments/san-jose/records/ages/oldestrounds,714,san-jose,"San Jose",A,1980
https://stats.tennismylife.org/tournaments/san-jose/records/ages/youngestrounds,714,san-jose,"San Jose",A,1980
https://stats.tennismylife.org/tournaments/san-jose/records/percentage,714,san-jose,"San Jose",A,1980
https://stats.tennismylife.org/tournaments/san-jose/records/percentage/wins,714,san-jose,"San Jose",A,1980
https://stats.tennismylife.org/tournaments/san-jose/records/percentage/rounds,714,san-jose,"San Jose",A,1980
https://stats.tennismylife.org/tournaments/san-jose/records/streak,714,san-jose,"San Jose",A,1980
https://stats.tennismylife.org/tournaments/san-jose/records/timespan,714,san-jose,"San Jose",A,1980
https://stats.tennismylife.org/tournaments/san-jose/records/rounds,714,san-jose,"San Jose",A,1980
https://stats.tennismylife.org/tournaments/san-jose/records/least,714,san-jose,"San Jose",A,1980
https://stats.tennismylife.org/tournaments/san-jose/records/roundsonentries,714,san-jose,"San Jose",A,1980
https://stats.tennismylife.org/tournaments/san-juan/records,358,san-juan,"San Juan",A,1981
https://stats.tennismylife.org/tournaments/san-juan/records/count,358,san-juan,"San Juan",A,1981
https://stats.tennismylife.org/tournaments/san-juan/records/count/titles,358,san-juan,"San Juan",A,1981
https://stats.tennismylife.org/tournaments/san-juan/records/count/wins,358,san-juan,"San Juan",A,1981
https://stats.tennismylife.org/tournaments/san-juan/records/count/played,358,san-juan,"San Juan",A,1981
https://stats.tennismylife.org/tournaments/san-juan/records/count/entries,358,san-juan,"San Juan",A,1981
https://stats.tennismylife.org/tournaments/san-juan/records/ages,358,san-juan,"San Juan",A,1981
https://stats.tennismylife.org/tournaments/san-juan/records/ages/main,358,san-juan,"San Juan",A,1981
https://stats.tennismylife.org/tournaments/san-juan/records/ages/titles,358,san-juan,"San Juan",A,1981
https://stats.tennismylife.org/tournaments/san-juan/records/ages/oldestrounds,358,san-juan,"San Juan",A,1981
https://stats.tennismylife.org/tournaments/san-juan/records/ages/youngestrounds,358,san-juan,"San Juan",A,1981
https://stats.tennismylife.org/tournaments/san-juan/records/percentage,358,san-juan,"San Juan",A,1981
https://stats.tennismylife.org/tournaments/san-juan/records/percentage/wins,358,san-juan,"San Juan",A,1981
https://stats.tennismylife.org/tournaments/san-juan/records/percentage/rounds,358,san-juan,"San Juan",A,1981
https://stats.tennismylife.org/tournaments/san-juan/records/streak,358,san-juan,"San Juan",A,1981
https://stats.tennismylife.org/tournaments/san-juan/records/timespan,358,san-juan,"San Juan",A,1981
https://stats.tennismylife.org/tournaments/san-juan/records/rounds,358,san-juan,"San Juan",A,1981
https://stats.tennismylife.org/tournaments/san-juan/records/least,358,san-juan,"San Juan",A,1981
https://stats.tennismylife.org/tournaments/san-juan/records/roundsonentries,358,san-juan,"San Juan",A,1981
https://stats.tennismylife.org/tournaments/san-juan-2/records,6817,san-juan-2,"San Juan",A,1973
https://stats.tennismylife.org/tournaments/san-juan-2/records/count,6817,san-juan-2,"San Juan",A,1973
https://stats.tennismylife.org/tournaments/san-juan-2/records/count/titles,6817,san-juan-2,"San Juan",A,1973
https://stats.tennismylife.org/tournaments/san-juan-2/records/count/wins,6817,san-juan-2,"San Juan",A,1973
https://stats.tennismylife.org/tournaments/san-juan-2/records/count/played,6817,san-juan-2,"San Juan",A,1973
https://stats.tennismylife.org/tournaments/san-juan-2/records/count/entries,6817,san-juan-2,"San Juan",A,1973
https://stats.tennismylife.org/tournaments/san-juan-2/records/ages,6817,san-juan-2,"San Juan",A,1973
https://stats.tennismylife.org/tournaments/san-juan-2/records/ages/main,6817,san-juan-2,"San Juan",A,1973
https://stats.tennismylife.org/tournaments/san-juan-2/records/ages/titles,6817,san-juan-2,"San Juan",A,1973
https://stats.tennismylife.org/tournaments/san-juan-2/records/ages/oldestrounds,6817,san-juan-2,"San Juan",A,1973
https://stats.tennismylife.org/tournaments/san-juan-2/records/ages/youngestrounds,6817,san-juan-2,"San Juan",A,1973
https://stats.tennismylife.org/tournaments/san-juan-2/records/percentage,6817,san-juan-2,"San Juan",A,1973
https://stats.tennismylife.org/tournaments/san-juan-2/records/percentage/wins,6817,san-juan-2,"San Juan",A,1973
https://stats.tennismylife.org/tournaments/san-juan-2/records/percentage/rounds,6817,san-juan-2,"San Juan",A,1973
https://stats.tennismylife.org/tournaments/san-juan-2/records/streak,6817,san-juan-2,"San Juan",A,1973
https://stats.tennismylife.org/tournaments/san-juan-2/records/timespan,6817,san-juan-2,"San Juan",A,1973
https://stats.tennismylife.org/tournaments/san-juan-2/records/rounds,6817,san-juan-2,"San Juan",A,1973
https://stats.tennismylife.org/tournaments/san-juan-2/records/least,6817,san-juan-2,"San Juan",A,1973
https://stats.tennismylife.org/tournaments/san-juan-2/records/roundsonentries,6817,san-juan-2,"San Juan",A,1973
https://stats.tennismylife.org/tournaments/san-juan-wct/records,9208,san-juan-wct,"San Juan WCT",A,1975
https://stats.tennismylife.org/tournaments/san-juan-wct/records/count,9208,san-juan-wct,"San Juan WCT",A,1975
https://stats.tennismylife.org/tournaments/san-juan-wct/records/count/titles,9208,san-juan-wct,"San Juan WCT",A,1975
https://stats.tennismylife.org/tournaments/san-juan-wct/records/count/wins,9208,san-juan-wct,"San Juan WCT",A,1975
https://stats.tennismylife.org/tournaments/san-juan-wct/records/count/played,9208,san-juan-wct,"San Juan WCT",A,1975
https://stats.tennismylife.org/tournaments/san-juan-wct/records/count/entries,9208,san-juan-wct,"San Juan WCT",A,1975
https://stats.tennismylife.org/tournaments/san-juan-wct/records/ages,9208,san-juan-wct,"San Juan WCT",A,1975
https://stats.tennismylife.org/tournaments/san-juan-wct/records/ages/main,9208,san-juan-wct,"San Juan WCT",A,1975
https://stats.tennismylife.org/tournaments/san-juan-wct/records/ages/titles,9208,san-juan-wct,"San Juan WCT",A,1975
https://stats.tennismylife.org/tournaments/san-juan-wct/records/ages/oldestrounds,9208,san-juan-wct,"San Juan WCT",A,1975
https://stats.tennismylife.org/tournaments/san-juan-wct/records/ages/youngestrounds,9208,san-juan-wct,"San Juan WCT",A,1975
https://stats.tennismylife.org/tournaments/san-juan-wct/records/percentage,9208,san-juan-wct,"San Juan WCT",A,1975
https://stats.tennismylife.org/tournaments/san-juan-wct/records/percentage/wins,9208,san-juan-wct,"San Juan WCT",A,1975
https://stats.tennismylife.org/tournaments/san-juan-wct/records/percentage/rounds,9208,san-juan-wct,"San Juan WCT",A,1975
https://stats.tennismylife.org/tournaments/san-juan-wct/records/streak,9208,san-juan-wct,"San Juan WCT",A,1975
https://stats.tennismylife.org/tournaments/san-juan-wct/records/timespan,9208,san-juan-wct,"San Juan WCT",A,1975
https://stats.tennismylife.org/tournaments/san-juan-wct/records/rounds,9208,san-juan-wct,"San Juan WCT",A,1975
https://stats.tennismylife.org/tournaments/san-juan-wct/records/least,9208,san-juan-wct,"San Juan WCT",A,1975
https://stats.tennismylife.org/tournaments/san-juan-wct/records/roundsonentries,9208,san-juan-wct,"San Juan WCT",A,1975
https://stats.tennismylife.org/tournaments/san-remo/records,366,san-remo,"San Remo",A|250,1990
https://stats.tennismylife.org/tournaments/san-remo/records/count,366,san-remo,"San Remo",A|250,1990
https://stats.tennismylife.org/tournaments/san-remo/records/count/titles,366,san-remo,"San Remo",A|250,1990
https://stats.tennismylife.org/tournaments/san-remo/records/count/wins,366,san-remo,"San Remo",A|250,1990
https://stats.tennismylife.org/tournaments/san-remo/records/count/played,366,san-remo,"San Remo",A|250,1990
https://stats.tennismylife.org/tournaments/san-remo/records/count/entries,366,san-remo,"San Remo",A|250,1990
https://stats.tennismylife.org/tournaments/san-remo/records/ages,366,san-remo,"San Remo",A|250,1990
https://stats.tennismylife.org/tournaments/san-remo/records/ages/main,366,san-remo,"San Remo",A|250,1990
https://stats.tennismylife.org/tournaments/san-remo/records/ages/titles,366,san-remo,"San Remo",A|250,1990
https://stats.tennismylife.org/tournaments/san-remo/records/ages/oldestrounds,366,san-remo,"San Remo",A|250,1990
https://stats.tennismylife.org/tournaments/san-remo/records/ages/youngestrounds,366,san-remo,"San Remo",A|250,1990
https://stats.tennismylife.org/tournaments/san-remo/records/percentage,366,san-remo,"San Remo",A|250,1990
https://stats.tennismylife.org/tournaments/san-remo/records/percentage/wins,366,san-remo,"San Remo",A|250,1990
https://stats.tennismylife.org/tournaments/san-remo/records/percentage/rounds,366,san-remo,"San Remo",A|250,1990
https://stats.tennismylife.org/tournaments/san-remo/records/streak,366,san-remo,"San Remo",A|250,1990
https://stats.tennismylife.org/tournaments/san-remo/records/timespan,366,san-remo,"San Remo",A|250,1990
https://stats.tennismylife.org/tournaments/san-remo/records/rounds,366,san-remo,"San Remo",A|250,1990
https://stats.tennismylife.org/tournaments/san-remo/records/least,366,san-remo,"San Remo",A|250,1990
https://stats.tennismylife.org/tournaments/san-remo/records/roundsonentries,366,san-remo,"San Remo",A|250,1990
https://stats.tennismylife.org/tournaments/santiago/records,361,santiago,"Santiago",A,1981
https://stats.tennismylife.org/tournaments/santiago/records/count,361,santiago,"Santiago",A,1981
https://stats.tennismylife.org/tournaments/santiago/records/count/titles,361,santiago,"Santiago",A,1981
https://stats.tennismylife.org/tournaments/santiago/records/count/wins,361,santiago,"Santiago",A,1981
https://stats.tennismylife.org/tournaments/santiago/records/count/played,361,santiago,"Santiago",A,1981
https://stats.tennismylife.org/tournaments/santiago/records/count/entries,361,santiago,"Santiago",A,1981
https://stats.tennismylife.org/tournaments/santiago/records/ages,361,santiago,"Santiago",A,1981
https://stats.tennismylife.org/tournaments/santiago/records/ages/main,361,santiago,"Santiago",A,1981
https://stats.tennismylife.org/tournaments/santiago/records/ages/titles,361,santiago,"Santiago",A,1981
https://stats.tennismylife.org/tournaments/santiago/records/ages/oldestrounds,361,santiago,"Santiago",A,1981
https://stats.tennismylife.org/tournaments/santiago/records/ages/youngestrounds,361,santiago,"Santiago",A,1981
https://stats.tennismylife.org/tournaments/santiago/records/percentage,361,santiago,"Santiago",A,1981
https://stats.tennismylife.org/tournaments/santiago/records/percentage/wins,361,santiago,"Santiago",A,1981
https://stats.tennismylife.org/tournaments/santiago/records/percentage/rounds,361,santiago,"Santiago",A,1981
https://stats.tennismylife.org/tournaments/santiago/records/streak,361,santiago,"Santiago",A,1981
https://stats.tennismylife.org/tournaments/santiago/records/timespan,361,santiago,"Santiago",A,1981
https://stats.tennismylife.org/tournaments/santiago/records/rounds,361,santiago,"Santiago",A,1981
https://stats.tennismylife.org/tournaments/santiago/records/least,361,santiago,"Santiago",A,1981
https://stats.tennismylife.org/tournaments/santiago/records/roundsonentries,361,santiago,"Santiago",A,1981
https://stats.tennismylife.org/tournaments/sao-paulo/records,240,sao-paulo,"Sao Paulo",A|250,1993
https://stats.tennismylife.org/tournaments/sao-paulo/records/count,240,sao-paulo,"Sao Paulo",A|250,1993
https://stats.tennismylife.org/tournaments/sao-paulo/records/count/titles,240,sao-paulo,"Sao Paulo",A|250,1993
https://stats.tennismylife.org/tournaments/sao-paulo/records/count/wins,240,sao-paulo,"Sao Paulo",A|250,1993
https://stats.tennismylife.org/tournaments/sao-paulo/records/count/played,240,sao-paulo,"Sao Paulo",A|250,1993
https://stats.tennismylife.org/tournaments/sao-paulo/records/count/entries,240,sao-paulo,"Sao Paulo",A|250,1993
https://stats.tennismylife.org/tournaments/sao-paulo/records/ages,240,sao-paulo,"Sao Paulo",A|250,1993
https://stats.tennismylife.org/tournaments/sao-paulo/records/ages/main,240,sao-paulo,"Sao Paulo",A|250,1993
https://stats.tennismylife.org/tournaments/sao-paulo/records/ages/titles,240,sao-paulo,"Sao Paulo",A|250,1993
https://stats.tennismylife.org/tournaments/sao-paulo/records/ages/oldestrounds,240,sao-paulo,"Sao Paulo",A|250,1993
https://stats.tennismylife.org/tournaments/sao-paulo/records/ages/youngestrounds,240,sao-paulo,"Sao Paulo",A|250,1993
https://stats.tennismylife.org/tournaments/sao-paulo/records/percentage,240,sao-paulo,"Sao Paulo",A|250,1993
https://stats.tennismylife.org/tournaments/sao-paulo/records/percentage/wins,240,sao-paulo,"Sao Paulo",A|250,1993
https://stats.tennismylife.org/tournaments/sao-paulo/records/percentage/rounds,240,sao-paulo,"Sao Paulo",A|250,1993
https://stats.tennismylife.org/tournaments/sao-paulo/records/streak,240,sao-paulo,"Sao Paulo",A|250,1993
https://stats.tennismylife.org/tournaments/sao-paulo/records/timespan,240,sao-paulo,"Sao Paulo",A|250,1993
https://stats.tennismylife.org/tournaments/sao-paulo/records/rounds,240,sao-paulo,"Sao Paulo",A|250,1993
https://stats.tennismylife.org/tournaments/sao-paulo/records/least,240,sao-paulo,"Sao Paulo",A|250,1993
https://stats.tennismylife.org/tournaments/sao-paulo/records/roundsonentries,240,sao-paulo,"Sao Paulo",A|250,1993
https://stats.tennismylife.org/tournaments/sao-paulo-2/records,275,sao-paulo-2,"Sao Paulo",A,1980
https://stats.tennismylife.org/tournaments/sao-paulo-2/records/count,275,sao-paulo-2,"Sao Paulo",A,1980
https://stats.tennismylife.org/tournaments/sao-paulo-2/records/count/titles,275,sao-paulo-2,"Sao Paulo",A,1980
https://stats.tennismylife.org/tournaments/sao-paulo-2/records/count/wins,275,sao-paulo-2,"Sao Paulo",A,1980
https://stats.tennismylife.org/tournaments/sao-paulo-2/records/count/played,275,sao-paulo-2,"Sao Paulo",A,1980
https://stats.tennismylife.org/tournaments/sao-paulo-2/records/count/entries,275,sao-paulo-2,"Sao Paulo",A,1980
https://stats.tennismylife.org/tournaments/sao-paulo-2/records/ages,275,sao-paulo-2,"Sao Paulo",A,1980
https://stats.tennismylife.org/tournaments/sao-paulo-2/records/ages/main,275,sao-paulo-2,"Sao Paulo",A,1980
https://stats.tennismylife.org/tournaments/sao-paulo-2/records/ages/titles,275,sao-paulo-2,"Sao Paulo",A,1980
https://stats.tennismylife.org/tournaments/sao-paulo-2/records/ages/oldestrounds,275,sao-paulo-2,"Sao Paulo",A,1980
https://stats.tennismylife.org/tournaments/sao-paulo-2/records/ages/youngestrounds,275,sao-paulo-2,"Sao Paulo",A,1980
https://stats.tennismylife.org/tournaments/sao-paulo-2/records/percentage,275,sao-paulo-2,"Sao Paulo",A,1980
https://stats.tennismylife.org/tournaments/sao-paulo-2/records/percentage/wins,275,sao-paulo-2,"Sao Paulo",A,1980
https://stats.tennismylife.org/tournaments/sao-paulo-2/records/percentage/rounds,275,sao-paulo-2,"Sao Paulo",A,1980
https://stats.tennismylife.org/tournaments/sao-paulo-2/records/streak,275,sao-paulo-2,"Sao Paulo",A,1980
https://stats.tennismylife.org/tournaments/sao-paulo-2/records/timespan,275,sao-paulo-2,"Sao Paulo",A,1980
https://stats.tennismylife.org/tournaments/sao-paulo-2/records/rounds,275,sao-paulo-2,"Sao Paulo",A,1980
https://stats.tennismylife.org/tournaments/sao-paulo-2/records/least,275,sao-paulo-2,"Sao Paulo",A,1980
https://stats.tennismylife.org/tournaments/sao-paulo-2/records/roundsonentries,275,sao-paulo-2,"Sao Paulo",A,1980
https://stats.tennismylife.org/tournaments/sao-paulo-3/records,533,sao-paulo-3,"Sao Paulo",250,2019
https://stats.tennismylife.org/tournaments/sao-paulo-3/records/count,533,sao-paulo-3,"Sao Paulo",250,2019
https://stats.tennismylife.org/tournaments/sao-paulo-3/records/count/titles,533,sao-paulo-3,"Sao Paulo",250,2019
https://stats.tennismylife.org/tournaments/sao-paulo-3/records/count/wins,533,sao-paulo-3,"Sao Paulo",250,2019
https://stats.tennismylife.org/tournaments/sao-paulo-3/records/count/played,533,sao-paulo-3,"Sao Paulo",250,2019
https://stats.tennismylife.org/tournaments/sao-paulo-3/records/count/entries,533,sao-paulo-3,"Sao Paulo",250,2019
https://stats.tennismylife.org/tournaments/sao-paulo-3/records/ages,533,sao-paulo-3,"Sao Paulo",250,2019
https://stats.tennismylife.org/tournaments/sao-paulo-3/records/ages/main,533,sao-paulo-3,"Sao Paulo",250,2019
https://stats.tennismylife.org/tournaments/sao-paulo-3/records/ages/titles,533,sao-paulo-3,"Sao Paulo",250,2019
https://stats.tennismylife.org/tournaments/sao-paulo-3/records/ages/oldestrounds,533,sao-paulo-3,"Sao Paulo",250,2019
https://stats.tennismylife.org/tournaments/sao-paulo-3/records/ages/youngestrounds,533,sao-paulo-3,"Sao Paulo",250,2019
https://stats.tennismylife.org/tournaments/sao-paulo-3/records/percentage,533,sao-paulo-3,"Sao Paulo",250,2019
https://stats.tennismylife.org/tournaments/sao-paulo-3/records/percentage/wins,533,sao-paulo-3,"Sao Paulo",250,2019
https://stats.tennismylife.org/tournaments/sao-paulo-3/records/percentage/rounds,533,sao-paulo-3,"Sao Paulo",250,2019
https://stats.tennismylife.org/tournaments/sao-paulo-3/records/streak,533,sao-paulo-3,"Sao Paulo",250,2019
https://stats.tennismylife.org/tournaments/sao-paulo-3/records/timespan,533,sao-paulo-3,"Sao Paulo",250,2019
https://stats.tennismylife.org/tournaments/sao-paulo-3/records/rounds,533,sao-paulo-3,"Sao Paulo",250,2019
https://stats.tennismylife.org/tournaments/sao-paulo-3/records/least,533,sao-paulo-3,"Sao Paulo",250,2019
https://stats.tennismylife.org/tournaments/sao-paulo-3/records/roundsonentries,533,sao-paulo-3,"Sao Paulo",250,2019
https://stats.tennismylife.org/tournaments/sao-paulo-ntl-1/records,9302,sao-paulo-ntl-1,"Sao Paulo NTL-1",A,1968
https://stats.tennismylife.org/tournaments/sao-paulo-ntl-1/records/count,9302,sao-paulo-ntl-1,"Sao Paulo NTL-1",A,1968
https://stats.tennismylife.org/tournaments/sao-paulo-ntl-1/records/count/titles,9302,sao-paulo-ntl-1,"Sao Paulo NTL-1",A,1968
https://stats.tennismylife.org/tournaments/sao-paulo-ntl-1/records/count/wins,9302,sao-paulo-ntl-1,"Sao Paulo NTL-1",A,1968
https://stats.tennismylife.org/tournaments/sao-paulo-ntl-1/records/count/played,9302,sao-paulo-ntl-1,"Sao Paulo NTL-1",A,1968
https://stats.tennismylife.org/tournaments/sao-paulo-ntl-1/records/count/entries,9302,sao-paulo-ntl-1,"Sao Paulo NTL-1",A,1968
https://stats.tennismylife.org/tournaments/sao-paulo-ntl-1/records/ages,9302,sao-paulo-ntl-1,"Sao Paulo NTL-1",A,1968
https://stats.tennismylife.org/tournaments/sao-paulo-ntl-1/records/ages/main,9302,sao-paulo-ntl-1,"Sao Paulo NTL-1",A,1968
https://stats.tennismylife.org/tournaments/sao-paulo-ntl-1/records/ages/titles,9302,sao-paulo-ntl-1,"Sao Paulo NTL-1",A,1968
https://stats.tennismylife.org/tournaments/sao-paulo-ntl-1/records/ages/oldestrounds,9302,sao-paulo-ntl-1,"Sao Paulo NTL-1",A,1968
https://stats.tennismylife.org/tournaments/sao-paulo-ntl-1/records/ages/youngestrounds,9302,sao-paulo-ntl-1,"Sao Paulo NTL-1",A,1968
https://stats.tennismylife.org/tournaments/sao-paulo-ntl-1/records/percentage,9302,sao-paulo-ntl-1,"Sao Paulo NTL-1",A,1968
https://stats.tennismylife.org/tournaments/sao-paulo-ntl-1/records/percentage/wins,9302,sao-paulo-ntl-1,"Sao Paulo NTL-1",A,1968
https://stats.tennismylife.org/tournaments/sao-paulo-ntl-1/records/percentage/rounds,9302,sao-paulo-ntl-1,"Sao Paulo NTL-1",A,1968
https://stats.tennismylife.org/tournaments/sao-paulo-ntl-1/records/streak,9302,sao-paulo-ntl-1,"Sao Paulo NTL-1",A,1968
https://stats.tennismylife.org/tournaments/sao-paulo-ntl-1/records/timespan,9302,sao-paulo-ntl-1,"Sao Paulo NTL-1",A,1968
https://stats.tennismylife.org/tournaments/sao-paulo-ntl-1/records/rounds,9302,sao-paulo-ntl-1,"Sao Paulo NTL-1",A,1968
https://stats.tennismylife.org/tournaments/sao-paulo-ntl-1/records/least,9302,sao-paulo-ntl-1,"Sao Paulo NTL-1",A,1968
https://stats.tennismylife.org/tournaments/sao-paulo-ntl-1/records/roundsonentries,9302,sao-paulo-ntl-1,"Sao Paulo NTL-1",A,1968
https://stats.tennismylife.org/tournaments/sao-paulo-ntl-2/records,9327,sao-paulo-ntl-2,"Sao Paulo NTL-2",A,1968
https://stats.tennismylife.org/tournaments/sao-paulo-ntl-2/records/count,9327,sao-paulo-ntl-2,"Sao Paulo NTL-2",A,1968
https://stats.tennismylife.org/tournaments/sao-paulo-ntl-2/records/count/titles,9327,sao-paulo-ntl-2,"Sao Paulo NTL-2",A,1968
https://stats.tennismylife.org/tournaments/sao-paulo-ntl-2/records/count/wins,9327,sao-paulo-ntl-2,"Sao Paulo NTL-2",A,1968
https://stats.tennismylife.org/tournaments/sao-paulo-ntl-2/records/count/played,9327,sao-paulo-ntl-2,"Sao Paulo NTL-2",A,1968
https://stats.tennismylife.org/tournaments/sao-paulo-ntl-2/records/count/entries,9327,sao-paulo-ntl-2,"Sao Paulo NTL-2",A,1968
https://stats.tennismylife.org/tournaments/sao-paulo-ntl-2/records/ages,9327,sao-paulo-ntl-2,"Sao Paulo NTL-2",A,1968
https://stats.tennismylife.org/tournaments/sao-paulo-ntl-2/records/ages/main,9327,sao-paulo-ntl-2,"Sao Paulo NTL-2",A,1968
https://stats.tennismylife.org/tournaments/sao-paulo-ntl-2/records/ages/titles,9327,sao-paulo-ntl-2,"Sao Paulo NTL-2",A,1968
https://stats.tennismylife.org/tournaments/sao-paulo-ntl-2/records/ages/oldestrounds,9327,sao-paulo-ntl-2,"Sao Paulo NTL-2",A,1968
https://stats.tennismylife.org/tournaments/sao-paulo-ntl-2/records/ages/youngestrounds,9327,sao-paulo-ntl-2,"Sao Paulo NTL-2",A,1968
https://stats.tennismylife.org/tournaments/sao-paulo-ntl-2/records/percentage,9327,sao-paulo-ntl-2,"Sao Paulo NTL-2",A,1968
https://stats.tennismylife.org/tournaments/sao-paulo-ntl-2/records/percentage/wins,9327,sao-paulo-ntl-2,"Sao Paulo NTL-2",A,1968
https://stats.tennismylife.org/tournaments/sao-paulo-ntl-2/records/percentage/rounds,9327,sao-paulo-ntl-2,"Sao Paulo NTL-2",A,1968
https://stats.tennismylife.org/tournaments/sao-paulo-ntl-2/records/streak,9327,sao-paulo-ntl-2,"Sao Paulo NTL-2",A,1968
https://stats.tennismylife.org/tournaments/sao-paulo-ntl-2/records/timespan,9327,sao-paulo-ntl-2,"Sao Paulo NTL-2",A,1968
https://stats.tennismylife.org/tournaments/sao-paulo-ntl-2/records/rounds,9327,sao-paulo-ntl-2,"Sao Paulo NTL-2",A,1968
https://stats.tennismylife.org/tournaments/sao-paulo-ntl-2/records/least,9327,sao-paulo-ntl-2,"Sao Paulo NTL-2",A,1968
https://stats.tennismylife.org/tournaments/sao-paulo-ntl-2/records/roundsonentries,9327,sao-paulo-ntl-2,"Sao Paulo NTL-2",A,1968
https://stats.tennismylife.org/tournaments/sarasota/records,709,sarasota,"Sarasota",A,1980
https://stats.tennismylife.org/tournaments/sarasota/records/count,709,sarasota,"Sarasota",A,1980
https://stats.tennismylife.org/tournaments/sarasota/records/count/titles,709,sarasota,"Sarasota",A,1980
https://stats.tennismylife.org/tournaments/sarasota/records/count/wins,709,sarasota,"Sarasota",A,1980
https://stats.tennismylife.org/tournaments/sarasota/records/count/played,709,sarasota,"Sarasota",A,1980
https://stats.tennismylife.org/tournaments/sarasota/records/count/entries,709,sarasota,"Sarasota",A,1980
https://stats.tennismylife.org/tournaments/sarasota/records/ages,709,sarasota,"Sarasota",A,1980
https://stats.tennismylife.org/tournaments/sarasota/records/ages/main,709,sarasota,"Sarasota",A,1980
https://stats.tennismylife.org/tournaments/sarasota/records/ages/titles,709,sarasota,"Sarasota",A,1980
https://stats.tennismylife.org/tournaments/sarasota/records/ages/oldestrounds,709,sarasota,"Sarasota",A,1980
https://stats.tennismylife.org/tournaments/sarasota/records/ages/youngestrounds,709,sarasota,"Sarasota",A,1980
https://stats.tennismylife.org/tournaments/sarasota/records/percentage,709,sarasota,"Sarasota",A,1980
https://stats.tennismylife.org/tournaments/sarasota/records/percentage/wins,709,sarasota,"Sarasota",A,1980
https://stats.tennismylife.org/tournaments/sarasota/records/percentage/rounds,709,sarasota,"Sarasota",A,1980
https://stats.tennismylife.org/tournaments/sarasota/records/streak,709,sarasota,"Sarasota",A,1980
https://stats.tennismylife.org/tournaments/sarasota/records/timespan,709,sarasota,"Sarasota",A,1980
https://stats.tennismylife.org/tournaments/sarasota/records/rounds,709,sarasota,"Sarasota",A,1980
https://stats.tennismylife.org/tournaments/sarasota/records/least,709,sarasota,"Sarasota",A,1980
https://stats.tennismylife.org/tournaments/sarasota/records/roundsonentries,709,sarasota,"Sarasota",A,1980
https://stats.tennismylife.org/tournaments/schenectady/records,224,schenectady,"Schenectady",A|250,1994
https://stats.tennismylife.org/tournaments/schenectady/records/count,224,schenectady,"Schenectady",A|250,1994
https://stats.tennismylife.org/tournaments/schenectady/records/count/titles,224,schenectady,"Schenectady",A|250,1994
https://stats.tennismylife.org/tournaments/schenectady/records/count/wins,224,schenectady,"Schenectady",A|250,1994
https://stats.tennismylife.org/tournaments/schenectady/records/count/played,224,schenectady,"Schenectady",A|250,1994
https://stats.tennismylife.org/tournaments/schenectady/records/count/entries,224,schenectady,"Schenectady",A|250,1994
https://stats.tennismylife.org/tournaments/schenectady/records/ages,224,schenectady,"Schenectady",A|250,1994
https://stats.tennismylife.org/tournaments/schenectady/records/ages/main,224,schenectady,"Schenectady",A|250,1994
https://stats.tennismylife.org/tournaments/schenectady/records/ages/titles,224,schenectady,"Schenectady",A|250,1994
https://stats.tennismylife.org/tournaments/schenectady/records/ages/oldestrounds,224,schenectady,"Schenectady",A|250,1994
https://stats.tennismylife.org/tournaments/schenectady/records/ages/youngestrounds,224,schenectady,"Schenectady",A|250,1994
https://stats.tennismylife.org/tournaments/schenectady/records/percentage,224,schenectady,"Schenectady",A|250,1994
https://stats.tennismylife.org/tournaments/schenectady/records/percentage/wins,224,schenectady,"Schenectady",A|250,1994
https://stats.tennismylife.org/tournaments/schenectady/records/percentage/rounds,224,schenectady,"Schenectady",A|250,1994
https://stats.tennismylife.org/tournaments/schenectady/records/streak,224,schenectady,"Schenectady",A|250,1994
https://stats.tennismylife.org/tournaments/schenectady/records/timespan,224,schenectady,"Schenectady",A|250,1994
https://stats.tennismylife.org/tournaments/schenectady/records/rounds,224,schenectady,"Schenectady",A|250,1994
https://stats.tennismylife.org/tournaments/schenectady/records/least,224,schenectady,"Schenectady",A|250,1994
https://stats.tennismylife.org/tournaments/schenectady/records/roundsonentries,224,schenectady,"Schenectady",A|250,1994
https://stats.tennismylife.org/tournaments/seattle/records,1499,seattle,"Seattle",A,1973
https://stats.tennismylife.org/tournaments/seattle/records/count,1499,seattle,"Seattle",A,1973
https://stats.tennismylife.org/tournaments/seattle/records/count/titles,1499,seattle,"Seattle",A,1973
https://stats.tennismylife.org/tournaments/seattle/records/count/wins,1499,seattle,"Seattle",A,1973
https://stats.tennismylife.org/tournaments/seattle/records/count/played,1499,seattle,"Seattle",A,1973
https://stats.tennismylife.org/tournaments/seattle/records/count/entries,1499,seattle,"Seattle",A,1973
https://stats.tennismylife.org/tournaments/seattle/records/ages,1499,seattle,"Seattle",A,1973
https://stats.tennismylife.org/tournaments/seattle/records/ages/main,1499,seattle,"Seattle",A,1973
https://stats.tennismylife.org/tournaments/seattle/records/ages/titles,1499,seattle,"Seattle",A,1973
https://stats.tennismylife.org/tournaments/seattle/records/ages/oldestrounds,1499,seattle,"Seattle",A,1973
https://stats.tennismylife.org/tournaments/seattle/records/ages/youngestrounds,1499,seattle,"Seattle",A,1973
https://stats.tennismylife.org/tournaments/seattle/records/percentage,1499,seattle,"Seattle",A,1973
https://stats.tennismylife.org/tournaments/seattle/records/percentage/wins,1499,seattle,"Seattle",A,1973
https://stats.tennismylife.org/tournaments/seattle/records/percentage/rounds,1499,seattle,"Seattle",A,1973
https://stats.tennismylife.org/tournaments/seattle/records/streak,1499,seattle,"Seattle",A,1973
https://stats.tennismylife.org/tournaments/seattle/records/timespan,1499,seattle,"Seattle",A,1973
https://stats.tennismylife.org/tournaments/seattle/records/rounds,1499,seattle,"Seattle",A,1973
https://stats.tennismylife.org/tournaments/seattle/records/least,1499,seattle,"Seattle",A,1973
https://stats.tennismylife.org/tournaments/seattle/records/roundsonentries,1499,seattle,"Seattle",A,1973
https://stats.tennismylife.org/tournaments/senigallia/records,6834,senigallia,"Senigallia",A,1971
https://stats.tennismylife.org/tournaments/senigallia/records/count,6834,senigallia,"Senigallia",A,1971
https://stats.tennismylife.org/tournaments/senigallia/records/count/titles,6834,senigallia,"Senigallia",A,1971
https://stats.tennismylife.org/tournaments/senigallia/records/count/wins,6834,senigallia,"Senigallia",A,1971
https://stats.tennismylife.org/tournaments/senigallia/records/count/played,6834,senigallia,"Senigallia",A,1971
https://stats.tennismylife.org/tournaments/senigallia/records/count/entries,6834,senigallia,"Senigallia",A,1971
https://stats.tennismylife.org/tournaments/senigallia/records/ages,6834,senigallia,"Senigallia",A,1971
https://stats.tennismylife.org/tournaments/senigallia/records/ages/main,6834,senigallia,"Senigallia",A,1971
https://stats.tennismylife.org/tournaments/senigallia/records/ages/titles,6834,senigallia,"Senigallia",A,1971
https://stats.tennismylife.org/tournaments/senigallia/records/ages/oldestrounds,6834,senigallia,"Senigallia",A,1971
https://stats.tennismylife.org/tournaments/senigallia/records/ages/youngestrounds,6834,senigallia,"Senigallia",A,1971
https://stats.tennismylife.org/tournaments/senigallia/records/percentage,6834,senigallia,"Senigallia",A,1971
https://stats.tennismylife.org/tournaments/senigallia/records/percentage/wins,6834,senigallia,"Senigallia",A,1971
https://stats.tennismylife.org/tournaments/senigallia/records/percentage/rounds,6834,senigallia,"Senigallia",A,1971
https://stats.tennismylife.org/tournaments/senigallia/records/streak,6834,senigallia,"Senigallia",A,1971
https://stats.tennismylife.org/tournaments/senigallia/records/timespan,6834,senigallia,"Senigallia",A,1971
https://stats.tennismylife.org/tournaments/senigallia/records/rounds,6834,senigallia,"Senigallia",A,1971
https://stats.tennismylife.org/tournaments/senigallia/records/least,6834,senigallia,"Senigallia",A,1971
https://stats.tennismylife.org/tournaments/senigallia/records/roundsonentries,6834,senigallia,"Senigallia",A,1971
https://stats.tennismylife.org/tournaments/seoul/records,434,seoul,"Seoul",A|250,1996
https://stats.tennismylife.org/tournaments/seoul/records/count,434,seoul,"Seoul",A|250,1996
https://stats.tennismylife.org/tournaments/seoul/records/count/titles,434,seoul,"Seoul",A|250,1996
https://stats.tennismylife.org/tournaments/seoul/records/count/wins,434,seoul,"Seoul",A|250,1996
https://stats.tennismylife.org/tournaments/seoul/records/count/played,434,seoul,"Seoul",A|250,1996
https://stats.tennismylife.org/tournaments/seoul/records/count/entries,434,seoul,"Seoul",A|250,1996
https://stats.tennismylife.org/tournaments/seoul/records/ages,434,seoul,"Seoul",A|250,1996
https://stats.tennismylife.org/tournaments/seoul/records/ages/main,434,seoul,"Seoul",A|250,1996
https://stats.tennismylife.org/tournaments/seoul/records/ages/titles,434,seoul,"Seoul",A|250,1996
https://stats.tennismylife.org/tournaments/seoul/records/ages/oldestrounds,434,seoul,"Seoul",A|250,1996
https://stats.tennismylife.org/tournaments/seoul/records/ages/youngestrounds,434,seoul,"Seoul",A|250,1996
https://stats.tennismylife.org/tournaments/seoul/records/percentage,434,seoul,"Seoul",A|250,1996
https://stats.tennismylife.org/tournaments/seoul/records/percentage/wins,434,seoul,"Seoul",A|250,1996
https://stats.tennismylife.org/tournaments/seoul/records/percentage/rounds,434,seoul,"Seoul",A|250,1996
https://stats.tennismylife.org/tournaments/seoul/records/streak,434,seoul,"Seoul",A|250,1996
https://stats.tennismylife.org/tournaments/seoul/records/timespan,434,seoul,"Seoul",A|250,1996
https://stats.tennismylife.org/tournaments/seoul/records/rounds,434,seoul,"Seoul",A|250,1996
https://stats.tennismylife.org/tournaments/seoul/records/least,434,seoul,"Seoul",A|250,1996
https://stats.tennismylife.org/tournaments/seoul/records/roundsonentries,434,seoul,"Seoul",A|250,1996
https://stats.tennismylife.org/tournaments/shenzhen/records,6967,shenzhen,"Shenzhen",250,2018
https://stats.tennismylife.org/tournaments/shenzhen/records/count,6967,shenzhen,"Shenzhen",250,2018
https://stats.tennismylife.org/tournaments/shenzhen/records/count/titles,6967,shenzhen,"Shenzhen",250,2018
https://stats.tennismylife.org/tournaments/shenzhen/records/count/wins,6967,shenzhen,"Shenzhen",250,2018
https://stats.tennismylife.org/tournaments/shenzhen/records/count/played,6967,shenzhen,"Shenzhen",250,2018
https://stats.tennismylife.org/tournaments/shenzhen/records/count/entries,6967,shenzhen,"Shenzhen",250,2018
https://stats.tennismylife.org/tournaments/shenzhen/records/ages,6967,shenzhen,"Shenzhen",250,2018
https://stats.tennismylife.org/tournaments/shenzhen/records/ages/main,6967,shenzhen,"Shenzhen",250,2018
https://stats.tennismylife.org/tournaments/shenzhen/records/ages/titles,6967,shenzhen,"Shenzhen",250,2018
https://stats.tennismylife.org/tournaments/shenzhen/records/ages/oldestrounds,6967,shenzhen,"Shenzhen",250,2018
https://stats.tennismylife.org/tournaments/shenzhen/records/ages/youngestrounds,6967,shenzhen,"Shenzhen",250,2018
https://stats.tennismylife.org/tournaments/shenzhen/records/percentage,6967,shenzhen,"Shenzhen",250,2018
https://stats.tennismylife.org/tournaments/shenzhen/records/percentage/wins,6967,shenzhen,"Shenzhen",250,2018
https://stats.tennismylife.org/tournaments/shenzhen/records/percentage/rounds,6967,shenzhen,"Shenzhen",250,2018
https://stats.tennismylife.org/tournaments/shenzhen/records/streak,6967,shenzhen,"Shenzhen",250,2018
https://stats.tennismylife.org/tournaments/shenzhen/records/timespan,6967,shenzhen,"Shenzhen",250,2018
https://stats.tennismylife.org/tournaments/shenzhen/records/rounds,6967,shenzhen,"Shenzhen",250,2018
https://stats.tennismylife.org/tournaments/shenzhen/records/least,6967,shenzhen,"Shenzhen",250,2018
https://stats.tennismylife.org/tournaments/shenzhen/records/roundsonentries,6967,shenzhen,"Shenzhen",250,2018
https://stats.tennismylife.org/tournaments/shreveport-wct/records,9297,shreveport-wct,"Shreveport WCT",A,1968
https://stats.tennismylife.org/tournaments/shreveport-wct/records/count,9297,shreveport-wct,"Shreveport WCT",A,1968
https://stats.tennismylife.org/tournaments/shreveport-wct/records/count/titles,9297,shreveport-wct,"Shreveport WCT",A,1968
https://stats.tennismylife.org/tournaments/shreveport-wct/records/count/wins,9297,shreveport-wct,"Shreveport WCT",A,1968
https://stats.tennismylife.org/tournaments/shreveport-wct/records/count/played,9297,shreveport-wct,"Shreveport WCT",A,1968
https://stats.tennismylife.org/tournaments/shreveport-wct/records/count/entries,9297,shreveport-wct,"Shreveport WCT",A,1968
https://stats.tennismylife.org/tournaments/shreveport-wct/records/ages,9297,shreveport-wct,"Shreveport WCT",A,1968
https://stats.tennismylife.org/tournaments/shreveport-wct/records/ages/main,9297,shreveport-wct,"Shreveport WCT",A,1968
https://stats.tennismylife.org/tournaments/shreveport-wct/records/ages/titles,9297,shreveport-wct,"Shreveport WCT",A,1968
https://stats.tennismylife.org/tournaments/shreveport-wct/records/ages/oldestrounds,9297,shreveport-wct,"Shreveport WCT",A,1968
https://stats.tennismylife.org/tournaments/shreveport-wct/records/ages/youngestrounds,9297,shreveport-wct,"Shreveport WCT",A,1968
https://stats.tennismylife.org/tournaments/shreveport-wct/records/percentage,9297,shreveport-wct,"Shreveport WCT",A,1968
https://stats.tennismylife.org/tournaments/shreveport-wct/records/percentage/wins,9297,shreveport-wct,"Shreveport WCT",A,1968
https://stats.tennismylife.org/tournaments/shreveport-wct/records/percentage/rounds,9297,shreveport-wct,"Shreveport WCT",A,1968
https://stats.tennismylife.org/tournaments/shreveport-wct/records/streak,9297,shreveport-wct,"Shreveport WCT",A,1968
https://stats.tennismylife.org/tournaments/shreveport-wct/records/timespan,9297,shreveport-wct,"Shreveport WCT",A,1968
https://stats.tennismylife.org/tournaments/shreveport-wct/records/rounds,9297,shreveport-wct,"Shreveport WCT",A,1968
https://stats.tennismylife.org/tournaments/shreveport-wct/records/least,9297,shreveport-wct,"Shreveport WCT",A,1968
https://stats.tennismylife.org/tournaments/shreveport-wct/records/roundsonentries,9297,shreveport-wct,"Shreveport WCT",A,1968
https://stats.tennismylife.org/tournaments/singapore/records,326,singapore,"Singapore",A|250|500,1999
https://stats.tennismylife.org/tournaments/singapore/records/count,326,singapore,"Singapore",A|250|500,1999
https://stats.tennismylife.org/tournaments/singapore/records/count/titles,326,singapore,"Singapore",A|250|500,1999
https://stats.tennismylife.org/tournaments/singapore/records/count/wins,326,singapore,"Singapore",A|250|500,1999
https://stats.tennismylife.org/tournaments/singapore/records/count/played,326,singapore,"Singapore",A|250|500,1999
https://stats.tennismylife.org/tournaments/singapore/records/count/entries,326,singapore,"Singapore",A|250|500,1999
https://stats.tennismylife.org/tournaments/singapore/records/ages,326,singapore,"Singapore",A|250|500,1999
https://stats.tennismylife.org/tournaments/singapore/records/ages/main,326,singapore,"Singapore",A|250|500,1999
https://stats.tennismylife.org/tournaments/singapore/records/ages/titles,326,singapore,"Singapore",A|250|500,1999
https://stats.tennismylife.org/tournaments/singapore/records/ages/oldestrounds,326,singapore,"Singapore",A|250|500,1999
https://stats.tennismylife.org/tournaments/singapore/records/ages/youngestrounds,326,singapore,"Singapore",A|250|500,1999
https://stats.tennismylife.org/tournaments/singapore/records/percentage,326,singapore,"Singapore",A|250|500,1999
https://stats.tennismylife.org/tournaments/singapore/records/percentage/wins,326,singapore,"Singapore",A|250|500,1999
https://stats.tennismylife.org/tournaments/singapore/records/percentage/rounds,326,singapore,"Singapore",A|250|500,1999
https://stats.tennismylife.org/tournaments/singapore/records/streak,326,singapore,"Singapore",A|250|500,1999
https://stats.tennismylife.org/tournaments/singapore/records/timespan,326,singapore,"Singapore",A|250|500,1999
https://stats.tennismylife.org/tournaments/singapore/records/rounds,326,singapore,"Singapore",A|250|500,1999
https://stats.tennismylife.org/tournaments/singapore/records/least,326,singapore,"Singapore",A|250|500,1999
https://stats.tennismylife.org/tournaments/singapore/records/roundsonentries,326,singapore,"Singapore",A|250|500,1999
https://stats.tennismylife.org/tournaments/singapore-2/records,456,singapore-2,"Singapore",A|250,1992
https://stats.tennismylife.org/tournaments/singapore-2/records/count,456,singapore-2,"Singapore",A|250,1992
https://stats.tennismylife.org/tournaments/singapore-2/records/count/titles,456,singapore-2,"Singapore",A|250,1992
https://stats.tennismylife.org/tournaments/singapore-2/records/count/wins,456,singapore-2,"Singapore",A|250,1992
https://stats.tennismylife.org/tournaments/singapore-2/records/count/played,456,singapore-2,"Singapore",A|250,1992
https://stats.tennismylife.org/tournaments/singapore-2/records/count/entries,456,singapore-2,"Singapore",A|250,1992
https://stats.tennismylife.org/tournaments/singapore-2/records/ages,456,singapore-2,"Singapore",A|250,1992
https://stats.tennismylife.org/tournaments/singapore-2/records/ages/main,456,singapore-2,"Singapore",A|250,1992
https://stats.tennismylife.org/tournaments/singapore-2/records/ages/titles,456,singapore-2,"Singapore",A|250,1992
https://stats.tennismylife.org/tournaments/singapore-2/records/ages/oldestrounds,456,singapore-2,"Singapore",A|250,1992
https://stats.tennismylife.org/tournaments/singapore-2/records/ages/youngestrounds,456,singapore-2,"Singapore",A|250,1992
https://stats.tennismylife.org/tournaments/singapore-2/records/percentage,456,singapore-2,"Singapore",A|250,1992
https://stats.tennismylife.org/tournaments/singapore-2/records/percentage/wins,456,singapore-2,"Singapore",A|250,1992
https://stats.tennismylife.org/tournaments/singapore-2/records/percentage/rounds,456,singapore-2,"Singapore",A|250,1992
https://stats.tennismylife.org/tournaments/singapore-2/records/streak,456,singapore-2,"Singapore",A|250,1992
https://stats.tennismylife.org/tournaments/singapore-2/records/timespan,456,singapore-2,"Singapore",A|250,1992
https://stats.tennismylife.org/tournaments/singapore-2/records/rounds,456,singapore-2,"Singapore",A|250,1992
https://stats.tennismylife.org/tournaments/singapore-2/records/least,456,singapore-2,"Singapore",A|250,1992
https://stats.tennismylife.org/tournaments/singapore-2/records/roundsonentries,456,singapore-2,"Singapore",A|250,1992
https://stats.tennismylife.org/tournaments/sofia/records,364,sofia,"Sofia",A,1981
https://stats.tennismylife.org/tournaments/sofia/records/count,364,sofia,"Sofia",A,1981
https://stats.tennismylife.org/tournaments/sofia/records/count/titles,364,sofia,"Sofia",A,1981
https://stats.tennismylife.org/tournaments/sofia/records/count/wins,364,sofia,"Sofia",A,1981
https://stats.tennismylife.org/tournaments/sofia/records/count/played,364,sofia,"Sofia",A,1981
https://stats.tennismylife.org/tournaments/sofia/records/count/entries,364,sofia,"Sofia",A,1981
https://stats.tennismylife.org/tournaments/sofia/records/ages,364,sofia,"Sofia",A,1981
https://stats.tennismylife.org/tournaments/sofia/records/ages/main,364,sofia,"Sofia",A,1981
https://stats.tennismylife.org/tournaments/sofia/records/ages/titles,364,sofia,"Sofia",A,1981
https://stats.tennismylife.org/tournaments/sofia/records/ages/oldestrounds,364,sofia,"Sofia",A,1981
https://stats.tennismylife.org/tournaments/sofia/records/ages/youngestrounds,364,sofia,"Sofia",A,1981
https://stats.tennismylife.org/tournaments/sofia/records/percentage,364,sofia,"Sofia",A,1981
https://stats.tennismylife.org/tournaments/sofia/records/percentage/wins,364,sofia,"Sofia",A,1981
https://stats.tennismylife.org/tournaments/sofia/records/percentage/rounds,364,sofia,"Sofia",A,1981
https://stats.tennismylife.org/tournaments/sofia/records/streak,364,sofia,"Sofia",A,1981
https://stats.tennismylife.org/tournaments/sofia/records/timespan,364,sofia,"Sofia",A,1981
https://stats.tennismylife.org/tournaments/sofia/records/rounds,364,sofia,"Sofia",A,1981
https://stats.tennismylife.org/tournaments/sofia/records/least,364,sofia,"Sofia",A,1981
https://stats.tennismylife.org/tournaments/sofia/records/roundsonentries,364,sofia,"Sofia",A,1981
https://stats.tennismylife.org/tournaments/south-orange/records,707,south-orange,"South Orange",A,1983
https://stats.tennismylife.org/tournaments/south-orange/records/count,707,south-orange,"South Orange",A,1983
https://stats.tennismylife.org/tournaments/south-orange/records/count/titles,707,south-orange,"South Orange",A,1983
https://stats.tennismylife.org/tournaments/south-orange/records/count/wins,707,south-orange,"South Orange",A,1983
https://stats.tennismylife.org/tournaments/south-orange/records/count/played,707,south-orange,"South Orange",A,1983
https://stats.tennismylife.org/tournaments/south-orange/records/count/entries,707,south-orange,"South Orange",A,1983
https://stats.tennismylife.org/tournaments/south-orange/records/ages,707,south-orange,"South Orange",A,1983
https://stats.tennismylife.org/tournaments/south-orange/records/ages/main,707,south-orange,"South Orange",A,1983
https://stats.tennismylife.org/tournaments/south-orange/records/ages/titles,707,south-orange,"South Orange",A,1983
https://stats.tennismylife.org/tournaments/south-orange/records/ages/oldestrounds,707,south-orange,"South Orange",A,1983
https://stats.tennismylife.org/tournaments/south-orange/records/ages/youngestrounds,707,south-orange,"South Orange",A,1983
https://stats.tennismylife.org/tournaments/south-orange/records/percentage,707,south-orange,"South Orange",A,1983
https://stats.tennismylife.org/tournaments/south-orange/records/percentage/wins,707,south-orange,"South Orange",A,1983
https://stats.tennismylife.org/tournaments/south-orange/records/percentage/rounds,707,south-orange,"South Orange",A,1983
https://stats.tennismylife.org/tournaments/south-orange/records/streak,707,south-orange,"South Orange",A,1983
https://stats.tennismylife.org/tournaments/south-orange/records/timespan,707,south-orange,"South Orange",A,1983
https://stats.tennismylife.org/tournaments/south-orange/records/rounds,707,south-orange,"South Orange",A,1983
https://stats.tennismylife.org/tournaments/south-orange/records/least,707,south-orange,"South Orange",A,1983
https://stats.tennismylife.org/tournaments/south-orange/records/roundsonentries,707,south-orange,"South Orange",A,1983
https://stats.tennismylife.org/tournaments/southampton/records,9288,southampton,"Southampton",A,1969
https://stats.tennismylife.org/tournaments/southampton/records/count,9288,southampton,"Southampton",A,1969
https://stats.tennismylife.org/tournaments/southampton/records/count/titles,9288,southampton,"Southampton",A,1969
https://stats.tennismylife.org/tournaments/southampton/records/count/wins,9288,southampton,"Southampton",A,1969
https://stats.tennismylife.org/tournaments/southampton/records/count/played,9288,southampton,"Southampton",A,1969
https://stats.tennismylife.org/tournaments/southampton/records/count/entries,9288,southampton,"Southampton",A,1969
https://stats.tennismylife.org/tournaments/southampton/records/ages,9288,southampton,"Southampton",A,1969
https://stats.tennismylife.org/tournaments/southampton/records/ages/main,9288,southampton,"Southampton",A,1969
https://stats.tennismylife.org/tournaments/southampton/records/ages/titles,9288,southampton,"Southampton",A,1969
https://stats.tennismylife.org/tournaments/southampton/records/ages/oldestrounds,9288,southampton,"Southampton",A,1969
https://stats.tennismylife.org/tournaments/southampton/records/ages/youngestrounds,9288,southampton,"Southampton",A,1969
https://stats.tennismylife.org/tournaments/southampton/records/percentage,9288,southampton,"Southampton",A,1969
https://stats.tennismylife.org/tournaments/southampton/records/percentage/wins,9288,southampton,"Southampton",A,1969
https://stats.tennismylife.org/tournaments/southampton/records/percentage/rounds,9288,southampton,"Southampton",A,1969
https://stats.tennismylife.org/tournaments/southampton/records/streak,9288,southampton,"Southampton",A,1969
https://stats.tennismylife.org/tournaments/southampton/records/timespan,9288,southampton,"Southampton",A,1969
https://stats.tennismylife.org/tournaments/southampton/records/rounds,9288,southampton,"Southampton",A,1969
https://stats.tennismylife.org/tournaments/southampton/records/least,9288,southampton,"Southampton",A,1969
https://stats.tennismylife.org/tournaments/southampton/records/roundsonentries,9288,southampton,"Southampton",A,1969
https://stats.tennismylife.org/tournaments/split/records,7301,split,"Split",250,1998
https://stats.tennismylife.org/tournaments/split/records/count,7301,split,"Split",250,1998
https://stats.tennismylife.org/tournaments/split/records/count/titles,7301,split,"Split",250,1998
https://stats.tennismylife.org/tournaments/split/records/count/wins,7301,split,"Split",250,1998
https://stats.tennismylife.org/tournaments/split/records/count/played,7301,split,"Split",250,1998
https://stats.tennismylife.org/tournaments/split/records/count/entries,7301,split,"Split",250,1998
https://stats.tennismylife.org/tournaments/split/records/ages,7301,split,"Split",250,1998
https://stats.tennismylife.org/tournaments/split/records/ages/main,7301,split,"Split",250,1998
https://stats.tennismylife.org/tournaments/split/records/ages/titles,7301,split,"Split",250,1998
https://stats.tennismylife.org/tournaments/split/records/ages/oldestrounds,7301,split,"Split",250,1998
https://stats.tennismylife.org/tournaments/split/records/ages/youngestrounds,7301,split,"Split",250,1998
https://stats.tennismylife.org/tournaments/split/records/percentage,7301,split,"Split",250,1998
https://stats.tennismylife.org/tournaments/split/records/percentage/wins,7301,split,"Split",250,1998
https://stats.tennismylife.org/tournaments/split/records/percentage/rounds,7301,split,"Split",250,1998
https://stats.tennismylife.org/tournaments/split/records/streak,7301,split,"Split",250,1998
https://stats.tennismylife.org/tournaments/split/records/timespan,7301,split,"Split",250,1998
https://stats.tennismylife.org/tournaments/split/records/rounds,7301,split,"Split",250,1998
https://stats.tennismylife.org/tournaments/split/records/least,7301,split,"Split",250,1998
https://stats.tennismylife.org/tournaments/split/records/roundsonentries,7301,split,"Split",250,1998
https://stats.tennismylife.org/tournaments/springfield/records,682,springfield,"Springfield",A,1978
https://stats.tennismylife.org/tournaments/springfield/records/count,682,springfield,"Springfield",A,1978
https://stats.tennismylife.org/tournaments/springfield/records/count/titles,682,springfield,"Springfield",A,1978
https://stats.tennismylife.org/tournaments/springfield/records/count/wins,682,springfield,"Springfield",A,1978
https://stats.tennismylife.org/tournaments/springfield/records/count/played,682,springfield,"Springfield",A,1978
https://stats.tennismylife.org/tournaments/springfield/records/count/entries,682,springfield,"Springfield",A,1978
https://stats.tennismylife.org/tournaments/springfield/records/ages,682,springfield,"Springfield",A,1978
https://stats.tennismylife.org/tournaments/springfield/records/ages/main,682,springfield,"Springfield",A,1978
https://stats.tennismylife.org/tournaments/springfield/records/ages/titles,682,springfield,"Springfield",A,1978
https://stats.tennismylife.org/tournaments/springfield/records/ages/oldestrounds,682,springfield,"Springfield",A,1978
https://stats.tennismylife.org/tournaments/springfield/records/ages/youngestrounds,682,springfield,"Springfield",A,1978
https://stats.tennismylife.org/tournaments/springfield/records/percentage,682,springfield,"Springfield",A,1978
https://stats.tennismylife.org/tournaments/springfield/records/percentage/wins,682,springfield,"Springfield",A,1978
https://stats.tennismylife.org/tournaments/springfield/records/percentage/rounds,682,springfield,"Springfield",A,1978
https://stats.tennismylife.org/tournaments/springfield/records/streak,682,springfield,"Springfield",A,1978
https://stats.tennismylife.org/tournaments/springfield/records/timespan,682,springfield,"Springfield",A,1978
https://stats.tennismylife.org/tournaments/springfield/records/rounds,682,springfield,"Springfield",A,1978
https://stats.tennismylife.org/tournaments/springfield/records/least,682,springfield,"Springfield",A,1978
https://stats.tennismylife.org/tournaments/springfield/records/roundsonentries,682,springfield,"Springfield",A,1978
https://stats.tennismylife.org/tournaments/st-louis-wct/records,652,st-louis-wct,"St. Louis WCT",A,1978
https://stats.tennismylife.org/tournaments/st-louis-wct/records/count,652,st-louis-wct,"St. Louis WCT",A,1978
https://stats.tennismylife.org/tournaments/st-louis-wct/records/count/titles,652,st-louis-wct,"St. Louis WCT",A,1978
https://stats.tennismylife.org/tournaments/st-louis-wct/records/count/wins,652,st-louis-wct,"St. Louis WCT",A,1978
https://stats.tennismylife.org/tournaments/st-louis-wct/records/count/played,652,st-louis-wct,"St. Louis WCT",A,1978
https://stats.tennismylife.org/tournaments/st-louis-wct/records/count/entries,652,st-louis-wct,"St. Louis WCT",A,1978
https://stats.tennismylife.org/tournaments/st-louis-wct/records/ages,652,st-louis-wct,"St. Louis WCT",A,1978
https://stats.tennismylife.org/tournaments/st-louis-wct/records/ages/main,652,st-louis-wct,"St. Louis WCT",A,1978
https://stats.tennismylife.org/tournaments/st-louis-wct/records/ages/titles,652,st-louis-wct,"St. Louis WCT",A,1978
https://stats.tennismylife.org/tournaments/st-louis-wct/records/ages/oldestrounds,652,st-louis-wct,"St. Louis WCT",A,1978
https://stats.tennismylife.org/tournaments/st-louis-wct/records/ages/youngestrounds,652,st-louis-wct,"St. Louis WCT",A,1978
https://stats.tennismylife.org/tournaments/st-louis-wct/records/percentage,652,st-louis-wct,"St. Louis WCT",A,1978
https://stats.tennismylife.org/tournaments/st-louis-wct/records/percentage/wins,652,st-louis-wct,"St. Louis WCT",A,1978
https://stats.tennismylife.org/tournaments/st-louis-wct/records/percentage/rounds,652,st-louis-wct,"St. Louis WCT",A,1978
https://stats.tennismylife.org/tournaments/st-louis-wct/records/streak,652,st-louis-wct,"St. Louis WCT",A,1978
https://stats.tennismylife.org/tournaments/st-louis-wct/records/timespan,652,st-louis-wct,"St. Louis WCT",A,1978
https://stats.tennismylife.org/tournaments/st-louis-wct/records/rounds,652,st-louis-wct,"St. Louis WCT",A,1978
https://stats.tennismylife.org/tournaments/st-louis-wct/records/least,652,st-louis-wct,"St. Louis WCT",A,1978
https://stats.tennismylife.org/tournaments/st-louis-wct/records/roundsonentries,652,st-louis-wct,"St. Louis WCT",A,1978
https://stats.tennismylife.org/tournaments/st-petersburg-2/records,6818,st-petersburg-2,"St. Petersburg",A,1971
https://stats.tennismylife.org/tournaments/st-petersburg-2/records/count,6818,st-petersburg-2,"St. Petersburg",A,1971
https://stats.tennismylife.org/tournaments/st-petersburg-2/records/count/titles,6818,st-petersburg-2,"St. Petersburg",A,1971
https://stats.tennismylife.org/tournaments/st-petersburg-2/records/count/wins,6818,st-petersburg-2,"St. Petersburg",A,1971
https://stats.tennismylife.org/tournaments/st-petersburg-2/records/count/played,6818,st-petersburg-2,"St. Petersburg",A,1971
https://stats.tennismylife.org/tournaments/st-petersburg-2/records/count/entries,6818,st-petersburg-2,"St. Petersburg",A,1971
https://stats.tennismylife.org/tournaments/st-petersburg-2/records/ages,6818,st-petersburg-2,"St. Petersburg",A,1971
https://stats.tennismylife.org/tournaments/st-petersburg-2/records/ages/main,6818,st-petersburg-2,"St. Petersburg",A,1971
https://stats.tennismylife.org/tournaments/st-petersburg-2/records/ages/titles,6818,st-petersburg-2,"St. Petersburg",A,1971
https://stats.tennismylife.org/tournaments/st-petersburg-2/records/ages/oldestrounds,6818,st-petersburg-2,"St. Petersburg",A,1971
https://stats.tennismylife.org/tournaments/st-petersburg-2/records/ages/youngestrounds,6818,st-petersburg-2,"St. Petersburg",A,1971
https://stats.tennismylife.org/tournaments/st-petersburg-2/records/percentage,6818,st-petersburg-2,"St. Petersburg",A,1971
https://stats.tennismylife.org/tournaments/st-petersburg-2/records/percentage/wins,6818,st-petersburg-2,"St. Petersburg",A,1971
https://stats.tennismylife.org/tournaments/st-petersburg-2/records/percentage/rounds,6818,st-petersburg-2,"St. Petersburg",A,1971
https://stats.tennismylife.org/tournaments/st-petersburg-2/records/streak,6818,st-petersburg-2,"St. Petersburg",A,1971
https://stats.tennismylife.org/tournaments/st-petersburg-2/records/timespan,6818,st-petersburg-2,"St. Petersburg",A,1971
https://stats.tennismylife.org/tournaments/st-petersburg-2/records/rounds,6818,st-petersburg-2,"St. Petersburg",A,1971
https://stats.tennismylife.org/tournaments/st-petersburg-2/records/least,6818,st-petersburg-2,"St. Petersburg",A,1971
https://stats.tennismylife.org/tournaments/st-petersburg-2/records/roundsonentries,6818,st-petersburg-2,"St. Petersburg",A,1971
https://stats.tennismylife.org/tournaments/st-petersburg-wct/records,1603,st-petersburg-wct,"St. Petersburg WCT",A,1975
https://stats.tennismylife.org/tournaments/st-petersburg-wct/records/count,1603,st-petersburg-wct,"St. Petersburg WCT",A,1975
https://stats.tennismylife.org/tournaments/st-petersburg-wct/records/count/titles,1603,st-petersburg-wct,"St. Petersburg WCT",A,1975
https://stats.tennismylife.org/tournaments/st-petersburg-wct/records/count/wins,1603,st-petersburg-wct,"St. Petersburg WCT",A,1975
https://stats.tennismylife.org/tournaments/st-petersburg-wct/records/count/played,1603,st-petersburg-wct,"St. Petersburg WCT",A,1975
https://stats.tennismylife.org/tournaments/st-petersburg-wct/records/count/entries,1603,st-petersburg-wct,"St. Petersburg WCT",A,1975
https://stats.tennismylife.org/tournaments/st-petersburg-wct/records/ages,1603,st-petersburg-wct,"St. Petersburg WCT",A,1975
https://stats.tennismylife.org/tournaments/st-petersburg-wct/records/ages/main,1603,st-petersburg-wct,"St. Petersburg WCT",A,1975
https://stats.tennismylife.org/tournaments/st-petersburg-wct/records/ages/titles,1603,st-petersburg-wct,"St. Petersburg WCT",A,1975
https://stats.tennismylife.org/tournaments/st-petersburg-wct/records/ages/oldestrounds,1603,st-petersburg-wct,"St. Petersburg WCT",A,1975
https://stats.tennismylife.org/tournaments/st-petersburg-wct/records/ages/youngestrounds,1603,st-petersburg-wct,"St. Petersburg WCT",A,1975
https://stats.tennismylife.org/tournaments/st-petersburg-wct/records/percentage,1603,st-petersburg-wct,"St. Petersburg WCT",A,1975
https://stats.tennismylife.org/tournaments/st-petersburg-wct/records/percentage/wins,1603,st-petersburg-wct,"St. Petersburg WCT",A,1975
https://stats.tennismylife.org/tournaments/st-petersburg-wct/records/percentage/rounds,1603,st-petersburg-wct,"St. Petersburg WCT",A,1975
https://stats.tennismylife.org/tournaments/st-petersburg-wct/records/streak,1603,st-petersburg-wct,"St. Petersburg WCT",A,1975
https://stats.tennismylife.org/tournaments/st-petersburg-wct/records/timespan,1603,st-petersburg-wct,"St. Petersburg WCT",A,1975
https://stats.tennismylife.org/tournaments/st-petersburg-wct/records/rounds,1603,st-petersburg-wct,"St. Petersburg WCT",A,1975
https://stats.tennismylife.org/tournaments/st-petersburg-wct/records/least,1603,st-petersburg-wct,"St. Petersburg WCT",A,1975
https://stats.tennismylife.org/tournaments/st-petersburg-wct/records/roundsonentries,1603,st-petersburg-wct,"St. Petersburg WCT",A,1975
https://stats.tennismylife.org/tournaments/stockholm-wct/records,666,stockholm-wct,"Stockholm WCT",A,1976
https://stats.tennismylife.org/tournaments/stockholm-wct/records/count,666,stockholm-wct,"Stockholm WCT",A,1976
https://stats.tennismylife.org/tournaments/stockholm-wct/records/count/titles,666,stockholm-wct,"Stockholm WCT",A,1976
https://stats.tennismylife.org/tournaments/stockholm-wct/records/count/wins,666,stockholm-wct,"Stockholm WCT",A,1976
https://stats.tennismylife.org/tournaments/stockholm-wct/records/count/played,666,stockholm-wct,"Stockholm WCT",A,1976
https://stats.tennismylife.org/tournaments/stockholm-wct/records/count/entries,666,stockholm-wct,"Stockholm WCT",A,1976
https://stats.tennismylife.org/tournaments/stockholm-wct/records/ages,666,stockholm-wct,"Stockholm WCT",A,1976
https://stats.tennismylife.org/tournaments/stockholm-wct/records/ages/main,666,stockholm-wct,"Stockholm WCT",A,1976
https://stats.tennismylife.org/tournaments/stockholm-wct/records/ages/titles,666,stockholm-wct,"Stockholm WCT",A,1976
https://stats.tennismylife.org/tournaments/stockholm-wct/records/ages/oldestrounds,666,stockholm-wct,"Stockholm WCT",A,1976
https://stats.tennismylife.org/tournaments/stockholm-wct/records/ages/youngestrounds,666,stockholm-wct,"Stockholm WCT",A,1976
https://stats.tennismylife.org/tournaments/stockholm-wct/records/percentage,666,stockholm-wct,"Stockholm WCT",A,1976
https://stats.tennismylife.org/tournaments/stockholm-wct/records/percentage/wins,666,stockholm-wct,"Stockholm WCT",A,1976
https://stats.tennismylife.org/tournaments/stockholm-wct/records/percentage/rounds,666,stockholm-wct,"Stockholm WCT",A,1976
https://stats.tennismylife.org/tournaments/stockholm-wct/records/streak,666,stockholm-wct,"Stockholm WCT",A,1976
https://stats.tennismylife.org/tournaments/stockholm-wct/records/timespan,666,stockholm-wct,"Stockholm WCT",A,1976
https://stats.tennismylife.org/tournaments/stockholm-wct/records/rounds,666,stockholm-wct,"Stockholm WCT",A,1976
https://stats.tennismylife.org/tournaments/stockholm-wct/records/least,666,stockholm-wct,"Stockholm WCT",A,1976
https://stats.tennismylife.org/tournaments/stockholm-wct/records/roundsonentries,666,stockholm-wct,"Stockholm WCT",A,1976
https://stats.tennismylife.org/tournaments/stowe/records,349,stowe,"Stowe",A,1983
https://stats.tennismylife.org/tournaments/stowe/records/count,349,stowe,"Stowe",A,1983
https://stats.tennismylife.org/tournaments/stowe/records/count/titles,349,stowe,"Stowe",A,1983
https://stats.tennismylife.org/tournaments/stowe/records/count/wins,349,stowe,"Stowe",A,1983
https://stats.tennismylife.org/tournaments/stowe/records/count/played,349,stowe,"Stowe",A,1983
https://stats.tennismylife.org/tournaments/stowe/records/count/entries,349,stowe,"Stowe",A,1983
https://stats.tennismylife.org/tournaments/stowe/records/ages,349,stowe,"Stowe",A,1983
https://stats.tennismylife.org/tournaments/stowe/records/ages/main,349,stowe,"Stowe",A,1983
https://stats.tennismylife.org/tournaments/stowe/records/ages/titles,349,stowe,"Stowe",A,1983
https://stats.tennismylife.org/tournaments/stowe/records/ages/oldestrounds,349,stowe,"Stowe",A,1983
https://stats.tennismylife.org/tournaments/stowe/records/ages/youngestrounds,349,stowe,"Stowe",A,1983
https://stats.tennismylife.org/tournaments/stowe/records/percentage,349,stowe,"Stowe",A,1983
https://stats.tennismylife.org/tournaments/stowe/records/percentage/wins,349,stowe,"Stowe",A,1983
https://stats.tennismylife.org/tournaments/stowe/records/percentage/rounds,349,stowe,"Stowe",A,1983
https://stats.tennismylife.org/tournaments/stowe/records/streak,349,stowe,"Stowe",A,1983
https://stats.tennismylife.org/tournaments/stowe/records/timespan,349,stowe,"Stowe",A,1983
https://stats.tennismylife.org/tournaments/stowe/records/rounds,349,stowe,"Stowe",A,1983
https://stats.tennismylife.org/tournaments/stowe/records/least,349,stowe,"Stowe",A,1983
https://stats.tennismylife.org/tournaments/stowe/records/roundsonentries,349,stowe,"Stowe",A,1983
https://stats.tennismylife.org/tournaments/strasbourg-wct/records,809,strasbourg-wct,"Strasbourg WCT",A,1982
https://stats.tennismylife.org/tournaments/strasbourg-wct/records/count,809,strasbourg-wct,"Strasbourg WCT",A,1982
https://stats.tennismylife.org/tournaments/strasbourg-wct/records/count/titles,809,strasbourg-wct,"Strasbourg WCT",A,1982
https://stats.tennismylife.org/tournaments/strasbourg-wct/records/count/wins,809,strasbourg-wct,"Strasbourg WCT",A,1982
https://stats.tennismylife.org/tournaments/strasbourg-wct/records/count/played,809,strasbourg-wct,"Strasbourg WCT",A,1982
https://stats.tennismylife.org/tournaments/strasbourg-wct/records/count/entries,809,strasbourg-wct,"Strasbourg WCT",A,1982
https://stats.tennismylife.org/tournaments/strasbourg-wct/records/ages,809,strasbourg-wct,"Strasbourg WCT",A,1982
https://stats.tennismylife.org/tournaments/strasbourg-wct/records/ages/main,809,strasbourg-wct,"Strasbourg WCT",A,1982
https://stats.tennismylife.org/tournaments/strasbourg-wct/records/ages/titles,809,strasbourg-wct,"Strasbourg WCT",A,1982
https://stats.tennismylife.org/tournaments/strasbourg-wct/records/ages/oldestrounds,809,strasbourg-wct,"Strasbourg WCT",A,1982
https://stats.tennismylife.org/tournaments/strasbourg-wct/records/ages/youngestrounds,809,strasbourg-wct,"Strasbourg WCT",A,1982
https://stats.tennismylife.org/tournaments/strasbourg-wct/records/percentage,809,strasbourg-wct,"Strasbourg WCT",A,1982
https://stats.tennismylife.org/tournaments/strasbourg-wct/records/percentage/wins,809,strasbourg-wct,"Strasbourg WCT",A,1982
https://stats.tennismylife.org/tournaments/strasbourg-wct/records/percentage/rounds,809,strasbourg-wct,"Strasbourg WCT",A,1982
https://stats.tennismylife.org/tournaments/strasbourg-wct/records/streak,809,strasbourg-wct,"Strasbourg WCT",A,1982
https://stats.tennismylife.org/tournaments/strasbourg-wct/records/timespan,809,strasbourg-wct,"Strasbourg WCT",A,1982
https://stats.tennismylife.org/tournaments/strasbourg-wct/records/rounds,809,strasbourg-wct,"Strasbourg WCT",A,1982
https://stats.tennismylife.org/tournaments/strasbourg-wct/records/least,809,strasbourg-wct,"Strasbourg WCT",A,1982
https://stats.tennismylife.org/tournaments/strasbourg-wct/records/roundsonentries,809,strasbourg-wct,"Strasbourg WCT",A,1982
https://stats.tennismylife.org/tournaments/surbiton/records,720,surbiton,"Surbiton",A,1980
https://stats.tennismylife.org/tournaments/surbiton/records/count,720,surbiton,"Surbiton",A,1980
https://stats.tennismylife.org/tournaments/surbiton/records/count/titles,720,surbiton,"Surbiton",A,1980
https://stats.tennismylife.org/tournaments/surbiton/records/count/wins,720,surbiton,"Surbiton",A,1980
https://stats.tennismylife.org/tournaments/surbiton/records/count/played,720,surbiton,"Surbiton",A,1980
https://stats.tennismylife.org/tournaments/surbiton/records/count/entries,720,surbiton,"Surbiton",A,1980
https://stats.tennismylife.org/tournaments/surbiton/records/ages,720,surbiton,"Surbiton",A,1980
https://stats.tennismylife.org/tournaments/surbiton/records/ages/main,720,surbiton,"Surbiton",A,1980
https://stats.tennismylife.org/tournaments/surbiton/records/ages/titles,720,surbiton,"Surbiton",A,1980
https://stats.tennismylife.org/tournaments/surbiton/records/ages/oldestrounds,720,surbiton,"Surbiton",A,1980
https://stats.tennismylife.org/tournaments/surbiton/records/ages/youngestrounds,720,surbiton,"Surbiton",A,1980
https://stats.tennismylife.org/tournaments/surbiton/records/percentage,720,surbiton,"Surbiton",A,1980
https://stats.tennismylife.org/tournaments/surbiton/records/percentage/wins,720,surbiton,"Surbiton",A,1980
https://stats.tennismylife.org/tournaments/surbiton/records/percentage/rounds,720,surbiton,"Surbiton",A,1980
https://stats.tennismylife.org/tournaments/surbiton/records/streak,720,surbiton,"Surbiton",A,1980
https://stats.tennismylife.org/tournaments/surbiton/records/timespan,720,surbiton,"Surbiton",A,1980
https://stats.tennismylife.org/tournaments/surbiton/records/rounds,720,surbiton,"Surbiton",A,1980
https://stats.tennismylife.org/tournaments/surbiton/records/least,720,surbiton,"Surbiton",A,1980
https://stats.tennismylife.org/tournaments/surbiton/records/roundsonentries,720,surbiton,"Surbiton",A,1980
https://stats.tennismylife.org/tournaments/sydney/records,338,sydney,"Sydney",A|250,2019
https://stats.tennismylife.org/tournaments/sydney/records/count,338,sydney,"Sydney",A|250,2019
https://stats.tennismylife.org/tournaments/sydney/records/count/titles,338,sydney,"Sydney",A|250,2019
https://stats.tennismylife.org/tournaments/sydney/records/count/wins,338,sydney,"Sydney",A|250,2019
https://stats.tennismylife.org/tournaments/sydney/records/count/played,338,sydney,"Sydney",A|250,2019
https://stats.tennismylife.org/tournaments/sydney/records/count/entries,338,sydney,"Sydney",A|250,2019
https://stats.tennismylife.org/tournaments/sydney/records/ages,338,sydney,"Sydney",A|250,2019
https://stats.tennismylife.org/tournaments/sydney/records/ages/main,338,sydney,"Sydney",A|250,2019
https://stats.tennismylife.org/tournaments/sydney/records/ages/titles,338,sydney,"Sydney",A|250,2019
https://stats.tennismylife.org/tournaments/sydney/records/ages/oldestrounds,338,sydney,"Sydney",A|250,2019
https://stats.tennismylife.org/tournaments/sydney/records/ages/youngestrounds,338,sydney,"Sydney",A|250,2019
https://stats.tennismylife.org/tournaments/sydney/records/percentage,338,sydney,"Sydney",A|250,2019
https://stats.tennismylife.org/tournaments/sydney/records/percentage/wins,338,sydney,"Sydney",A|250,2019
https://stats.tennismylife.org/tournaments/sydney/records/percentage/rounds,338,sydney,"Sydney",A|250,2019
https://stats.tennismylife.org/tournaments/sydney/records/streak,338,sydney,"Sydney",A|250,2019
https://stats.tennismylife.org/tournaments/sydney/records/timespan,338,sydney,"Sydney",A|250,2019
https://stats.tennismylife.org/tournaments/sydney/records/rounds,338,sydney,"Sydney",A|250,2019
https://stats.tennismylife.org/tournaments/sydney/records/least,338,sydney,"Sydney",A|250,2019
https://stats.tennismylife.org/tournaments/sydney/records/roundsonentries,338,sydney,"Sydney",A|250,2019
https://stats.tennismylife.org/tournaments/sydney-2/records,3941,sydney-2,"Sydney",A,1970
https://stats.tennismylife.org/tournaments/sydney-2/records/count,3941,sydney-2,"Sydney",A,1970
https://stats.tennismylife.org/tournaments/sydney-2/records/count/titles,3941,sydney-2,"Sydney",A,1970
https://stats.tennismylife.org/tournaments/sydney-2/records/count/wins,3941,sydney-2,"Sydney",A,1970
https://stats.tennismylife.org/tournaments/sydney-2/records/count/played,3941,sydney-2,"Sydney",A,1970
https://stats.tennismylife.org/tournaments/sydney-2/records/count/entries,3941,sydney-2,"Sydney",A,1970
https://stats.tennismylife.org/tournaments/sydney-2/records/ages,3941,sydney-2,"Sydney",A,1970
https://stats.tennismylife.org/tournaments/sydney-2/records/ages/main,3941,sydney-2,"Sydney",A,1970
https://stats.tennismylife.org/tournaments/sydney-2/records/ages/titles,3941,sydney-2,"Sydney",A,1970
https://stats.tennismylife.org/tournaments/sydney-2/records/ages/oldestrounds,3941,sydney-2,"Sydney",A,1970
https://stats.tennismylife.org/tournaments/sydney-2/records/ages/youngestrounds,3941,sydney-2,"Sydney",A,1970
https://stats.tennismylife.org/tournaments/sydney-2/records/percentage,3941,sydney-2,"Sydney",A,1970
https://stats.tennismylife.org/tournaments/sydney-2/records/percentage/wins,3941,sydney-2,"Sydney",A,1970
https://stats.tennismylife.org/tournaments/sydney-2/records/percentage/rounds,3941,sydney-2,"Sydney",A,1970
https://stats.tennismylife.org/tournaments/sydney-2/records/streak,3941,sydney-2,"Sydney",A,1970
https://stats.tennismylife.org/tournaments/sydney-2/records/timespan,3941,sydney-2,"Sydney",A,1970
https://stats.tennismylife.org/tournaments/sydney-2/records/rounds,3941,sydney-2,"Sydney",A,1970
https://stats.tennismylife.org/tournaments/sydney-2/records/least,3941,sydney-2,"Sydney",A,1970
https://stats.tennismylife.org/tournaments/sydney-2/records/roundsonentries,3941,sydney-2,"Sydney",A,1970
https://stats.tennismylife.org/tournaments/sydney-3/records,9212,sydney-3,"Sydney-3",A,1974
https://stats.tennismylife.org/tournaments/sydney-3/records/count,9212,sydney-3,"Sydney-3",A,1974
https://stats.tennismylife.org/tournaments/sydney-3/records/count/titles,9212,sydney-3,"Sydney-3",A,1974
https://stats.tennismylife.org/tournaments/sydney-3/records/count/wins,9212,sydney-3,"Sydney-3",A,1974
https://stats.tennismylife.org/tournaments/sydney-3/records/count/played,9212,sydney-3,"Sydney-3",A,1974
https://stats.tennismylife.org/tournaments/sydney-3/records/count/entries,9212,sydney-3,"Sydney-3",A,1974
https://stats.tennismylife.org/tournaments/sydney-3/records/ages,9212,sydney-3,"Sydney-3",A,1974
https://stats.tennismylife.org/tournaments/sydney-3/records/ages/main,9212,sydney-3,"Sydney-3",A,1974
https://stats.tennismylife.org/tournaments/sydney-3/records/ages/titles,9212,sydney-3,"Sydney-3",A,1974
https://stats.tennismylife.org/tournaments/sydney-3/records/ages/oldestrounds,9212,sydney-3,"Sydney-3",A,1974
https://stats.tennismylife.org/tournaments/sydney-3/records/ages/youngestrounds,9212,sydney-3,"Sydney-3",A,1974
https://stats.tennismylife.org/tournaments/sydney-3/records/percentage,9212,sydney-3,"Sydney-3",A,1974
https://stats.tennismylife.org/tournaments/sydney-3/records/percentage/wins,9212,sydney-3,"Sydney-3",A,1974
https://stats.tennismylife.org/tournaments/sydney-3/records/percentage/rounds,9212,sydney-3,"Sydney-3",A,1974
https://stats.tennismylife.org/tournaments/sydney-3/records/streak,9212,sydney-3,"Sydney-3",A,1974
https://stats.tennismylife.org/tournaments/sydney-3/records/timespan,9212,sydney-3,"Sydney-3",A,1974
https://stats.tennismylife.org/tournaments/sydney-3/records/rounds,9212,sydney-3,"Sydney-3",A,1974
https://stats.tennismylife.org/tournaments/sydney-3/records/least,9212,sydney-3,"Sydney-3",A,1974
https://stats.tennismylife.org/tournaments/sydney-3/records/roundsonentries,9212,sydney-3,"Sydney-3",A,1974
https://stats.tennismylife.org/tournaments/sydney-indoor/records,427,sydney-indoor,"Sydney Indoor",A|500,1994
https://stats.tennismylife.org/tournaments/sydney-indoor/records/count,427,sydney-indoor,"Sydney Indoor",A|500,1994
https://stats.tennismylife.org/tournaments/sydney-indoor/records/count/titles,427,sydney-indoor,"Sydney Indoor",A|500,1994
https://stats.tennismylife.org/tournaments/sydney-indoor/records/count/wins,427,sydney-indoor,"Sydney Indoor",A|500,1994
https://stats.tennismylife.org/tournaments/sydney-indoor/records/count/played,427,sydney-indoor,"Sydney Indoor",A|500,1994
https://stats.tennismylife.org/tournaments/sydney-indoor/records/count/entries,427,sydney-indoor,"Sydney Indoor",A|500,1994
https://stats.tennismylife.org/tournaments/sydney-indoor/records/ages,427,sydney-indoor,"Sydney Indoor",A|500,1994
https://stats.tennismylife.org/tournaments/sydney-indoor/records/ages/main,427,sydney-indoor,"Sydney Indoor",A|500,1994
https://stats.tennismylife.org/tournaments/sydney-indoor/records/ages/titles,427,sydney-indoor,"Sydney Indoor",A|500,1994
https://stats.tennismylife.org/tournaments/sydney-indoor/records/ages/oldestrounds,427,sydney-indoor,"Sydney Indoor",A|500,1994
https://stats.tennismylife.org/tournaments/sydney-indoor/records/ages/youngestrounds,427,sydney-indoor,"Sydney Indoor",A|500,1994
https://stats.tennismylife.org/tournaments/sydney-indoor/records/percentage,427,sydney-indoor,"Sydney Indoor",A|500,1994
https://stats.tennismylife.org/tournaments/sydney-indoor/records/percentage/wins,427,sydney-indoor,"Sydney Indoor",A|500,1994
https://stats.tennismylife.org/tournaments/sydney-indoor/records/percentage/rounds,427,sydney-indoor,"Sydney Indoor",A|500,1994
https://stats.tennismylife.org/tournaments/sydney-indoor/records/streak,427,sydney-indoor,"Sydney Indoor",A|500,1994
https://stats.tennismylife.org/tournaments/sydney-indoor/records/timespan,427,sydney-indoor,"Sydney Indoor",A|500,1994
https://stats.tennismylife.org/tournaments/sydney-indoor/records/rounds,427,sydney-indoor,"Sydney Indoor",A|500,1994
https://stats.tennismylife.org/tournaments/sydney-indoor/records/least,427,sydney-indoor,"Sydney Indoor",A|500,1994
https://stats.tennismylife.org/tournaments/sydney-indoor/records/roundsonentries,427,sydney-indoor,"Sydney Indoor",A|500,1994
https://stats.tennismylife.org/tournaments/sydney-wct/records,9295,sydney-wct,"Sydney WCT",A,1968
https://stats.tennismylife.org/tournaments/sydney-wct/records/count,9295,sydney-wct,"Sydney WCT",A,1968
https://stats.tennismylife.org/tournaments/sydney-wct/records/count/titles,9295,sydney-wct,"Sydney WCT",A,1968
https://stats.tennismylife.org/tournaments/sydney-wct/records/count/wins,9295,sydney-wct,"Sydney WCT",A,1968
https://stats.tennismylife.org/tournaments/sydney-wct/records/count/played,9295,sydney-wct,"Sydney WCT",A,1968
https://stats.tennismylife.org/tournaments/sydney-wct/records/count/entries,9295,sydney-wct,"Sydney WCT",A,1968
https://stats.tennismylife.org/tournaments/sydney-wct/records/ages,9295,sydney-wct,"Sydney WCT",A,1968
https://stats.tennismylife.org/tournaments/sydney-wct/records/ages/main,9295,sydney-wct,"Sydney WCT",A,1968
https://stats.tennismylife.org/tournaments/sydney-wct/records/ages/titles,9295,sydney-wct,"Sydney WCT",A,1968
https://stats.tennismylife.org/tournaments/sydney-wct/records/ages/oldestrounds,9295,sydney-wct,"Sydney WCT",A,1968
https://stats.tennismylife.org/tournaments/sydney-wct/records/ages/youngestrounds,9295,sydney-wct,"Sydney WCT",A,1968
https://stats.tennismylife.org/tournaments/sydney-wct/records/percentage,9295,sydney-wct,"Sydney WCT",A,1968
https://stats.tennismylife.org/tournaments/sydney-wct/records/percentage/wins,9295,sydney-wct,"Sydney WCT",A,1968
https://stats.tennismylife.org/tournaments/sydney-wct/records/percentage/rounds,9295,sydney-wct,"Sydney WCT",A,1968
https://stats.tennismylife.org/tournaments/sydney-wct/records/streak,9295,sydney-wct,"Sydney WCT",A,1968
https://stats.tennismylife.org/tournaments/sydney-wct/records/timespan,9295,sydney-wct,"Sydney WCT",A,1968
https://stats.tennismylife.org/tournaments/sydney-wct/records/rounds,9295,sydney-wct,"Sydney WCT",A,1968
https://stats.tennismylife.org/tournaments/sydney-wct/records/least,9295,sydney-wct,"Sydney WCT",A,1968
https://stats.tennismylife.org/tournaments/sydney-wct/records/roundsonentries,9295,sydney-wct,"Sydney WCT",A,1968
https://stats.tennismylife.org/tournaments/taipei/records,333,taipei,"Taipei",A,1984
https://stats.tennismylife.org/tournaments/taipei/records/count,333,taipei,"Taipei",A,1984
https://stats.tennismylife.org/tournaments/taipei/records/count/titles,333,taipei,"Taipei",A,1984
https://stats.tennismylife.org/tournaments/taipei/records/count/wins,333,taipei,"Taipei",A,1984
https://stats.tennismylife.org/tournaments/taipei/records/count/played,333,taipei,"Taipei",A,1984
https://stats.tennismylife.org/tournaments/taipei/records/count/entries,333,taipei,"Taipei",A,1984
https://stats.tennismylife.org/tournaments/taipei/records/ages,333,taipei,"Taipei",A,1984
https://stats.tennismylife.org/tournaments/taipei/records/ages/main,333,taipei,"Taipei",A,1984
https://stats.tennismylife.org/tournaments/taipei/records/ages/titles,333,taipei,"Taipei",A,1984
https://stats.tennismylife.org/tournaments/taipei/records/ages/oldestrounds,333,taipei,"Taipei",A,1984
https://stats.tennismylife.org/tournaments/taipei/records/ages/youngestrounds,333,taipei,"Taipei",A,1984
https://stats.tennismylife.org/tournaments/taipei/records/percentage,333,taipei,"Taipei",A,1984
https://stats.tennismylife.org/tournaments/taipei/records/percentage/wins,333,taipei,"Taipei",A,1984
https://stats.tennismylife.org/tournaments/taipei/records/percentage/rounds,333,taipei,"Taipei",A,1984
https://stats.tennismylife.org/tournaments/taipei/records/streak,333,taipei,"Taipei",A,1984
https://stats.tennismylife.org/tournaments/taipei/records/timespan,333,taipei,"Taipei",A,1984
https://stats.tennismylife.org/tournaments/taipei/records/rounds,333,taipei,"Taipei",A,1984
https://stats.tennismylife.org/tournaments/taipei/records/least,333,taipei,"Taipei",A,1984
https://stats.tennismylife.org/tournaments/taipei/records/roundsonentries,333,taipei,"Taipei",A,1984
https://stats.tennismylife.org/tournaments/taipei-2/records,457,taipei-2,"Taipei",250,1992
https://stats.tennismylife.org/tournaments/taipei-2/records/count,457,taipei-2,"Taipei",250,1992
https://stats.tennismylife.org/tournaments/taipei-2/records/count/titles,457,taipei-2,"Taipei",250,1992
https://stats.tennismylife.org/tournaments/taipei-2/records/count/wins,457,taipei-2,"Taipei",250,1992
https://stats.tennismylife.org/tournaments/taipei-2/records/count/played,457,taipei-2,"Taipei",250,1992
https://stats.tennismylife.org/tournaments/taipei-2/records/count/entries,457,taipei-2,"Taipei",250,1992
https://stats.tennismylife.org/tournaments/taipei-2/records/ages,457,taipei-2,"Taipei",250,1992
https://stats.tennismylife.org/tournaments/taipei-2/records/ages/main,457,taipei-2,"Taipei",250,1992
https://stats.tennismylife.org/tournaments/taipei-2/records/ages/titles,457,taipei-2,"Taipei",250,1992
https://stats.tennismylife.org/tournaments/taipei-2/records/ages/oldestrounds,457,taipei-2,"Taipei",250,1992
https://stats.tennismylife.org/tournaments/taipei-2/records/ages/youngestrounds,457,taipei-2,"Taipei",250,1992
https://stats.tennismylife.org/tournaments/taipei-2/records/percentage,457,taipei-2,"Taipei",250,1992
https://stats.tennismylife.org/tournaments/taipei-2/records/percentage/wins,457,taipei-2,"Taipei",250,1992
https://stats.tennismylife.org/tournaments/taipei-2/records/percentage/rounds,457,taipei-2,"Taipei",250,1992
https://stats.tennismylife.org/tournaments/taipei-2/records/streak,457,taipei-2,"Taipei",250,1992
https://stats.tennismylife.org/tournaments/taipei-2/records/timespan,457,taipei-2,"Taipei",250,1992
https://stats.tennismylife.org/tournaments/taipei-2/records/rounds,457,taipei-2,"Taipei",250,1992
https://stats.tennismylife.org/tournaments/taipei-2/records/least,457,taipei-2,"Taipei",250,1992
https://stats.tennismylife.org/tournaments/taipei-2/records/roundsonentries,457,taipei-2,"Taipei",250,1992
https://stats.tennismylife.org/tournaments/tampa/records,346,tampa,"Tampa",A|250,1993
https://stats.tennismylife.org/tournaments/tampa/records/count,346,tampa,"Tampa",A|250,1993
https://stats.tennismylife.org/tournaments/tampa/records/count/titles,346,tampa,"Tampa",A|250,1993
https://stats.tennismylife.org/tournaments/tampa/records/count/wins,346,tampa,"Tampa",A|250,1993
https://stats.tennismylife.org/tournaments/tampa/records/count/played,346,tampa,"Tampa",A|250,1993
https://stats.tennismylife.org/tournaments/tampa/records/count/entries,346,tampa,"Tampa",A|250,1993
https://stats.tennismylife.org/tournaments/tampa/records/ages,346,tampa,"Tampa",A|250,1993
https://stats.tennismylife.org/tournaments/tampa/records/ages/main,346,tampa,"Tampa",A|250,1993
https://stats.tennismylife.org/tournaments/tampa/records/ages/titles,346,tampa,"Tampa",A|250,1993
https://stats.tennismylife.org/tournaments/tampa/records/ages/oldestrounds,346,tampa,"Tampa",A|250,1993
https://stats.tennismylife.org/tournaments/tampa/records/ages/youngestrounds,346,tampa,"Tampa",A|250,1993
https://stats.tennismylife.org/tournaments/tampa/records/percentage,346,tampa,"Tampa",A|250,1993
https://stats.tennismylife.org/tournaments/tampa/records/percentage/wins,346,tampa,"Tampa",A|250,1993
https://stats.tennismylife.org/tournaments/tampa/records/percentage/rounds,346,tampa,"Tampa",A|250,1993
https://stats.tennismylife.org/tournaments/tampa/records/streak,346,tampa,"Tampa",A|250,1993
https://stats.tennismylife.org/tournaments/tampa/records/timespan,346,tampa,"Tampa",A|250,1993
https://stats.tennismylife.org/tournaments/tampa/records/rounds,346,tampa,"Tampa",A|250,1993
https://stats.tennismylife.org/tournaments/tampa/records/least,346,tampa,"Tampa",A|250,1993
https://stats.tennismylife.org/tournaments/tampa/records/roundsonentries,346,tampa,"Tampa",A|250,1993
https://stats.tennismylife.org/tournaments/tampa-2/records,9333,tampa-2,"Tampa",A,1968
https://stats.tennismylife.org/tournaments/tampa-2/records/count,9333,tampa-2,"Tampa",A,1968
https://stats.tennismylife.org/tournaments/tampa-2/records/count/titles,9333,tampa-2,"Tampa",A,1968
https://stats.tennismylife.org/tournaments/tampa-2/records/count/wins,9333,tampa-2,"Tampa",A,1968
https://stats.tennismylife.org/tournaments/tampa-2/records/count/played,9333,tampa-2,"Tampa",A,1968
https://stats.tennismylife.org/tournaments/tampa-2/records/count/entries,9333,tampa-2,"Tampa",A,1968
https://stats.tennismylife.org/tournaments/tampa-2/records/ages,9333,tampa-2,"Tampa",A,1968
https://stats.tennismylife.org/tournaments/tampa-2/records/ages/main,9333,tampa-2,"Tampa",A,1968
https://stats.tennismylife.org/tournaments/tampa-2/records/ages/titles,9333,tampa-2,"Tampa",A,1968
https://stats.tennismylife.org/tournaments/tampa-2/records/ages/oldestrounds,9333,tampa-2,"Tampa",A,1968
https://stats.tennismylife.org/tournaments/tampa-2/records/ages/youngestrounds,9333,tampa-2,"Tampa",A,1968
https://stats.tennismylife.org/tournaments/tampa-2/records/percentage,9333,tampa-2,"Tampa",A,1968
https://stats.tennismylife.org/tournaments/tampa-2/records/percentage/wins,9333,tampa-2,"Tampa",A,1968
https://stats.tennismylife.org/tournaments/tampa-2/records/percentage/rounds,9333,tampa-2,"Tampa",A,1968
https://stats.tennismylife.org/tournaments/tampa-2/records/streak,9333,tampa-2,"Tampa",A,1968
https://stats.tennismylife.org/tournaments/tampa-2/records/timespan,9333,tampa-2,"Tampa",A,1968
https://stats.tennismylife.org/tournaments/tampa-2/records/rounds,9333,tampa-2,"Tampa",A,1968
https://stats.tennismylife.org/tournaments/tampa-2/records/least,9333,tampa-2,"Tampa",A,1968
https://stats.tennismylife.org/tournaments/tampa-2/records/roundsonentries,9333,tampa-2,"Tampa",A,1968
https://stats.tennismylife.org/tournaments/tashkent/records,73,tashkent,"Tashkent",250,2002
https://stats.tennismylife.org/tournaments/tashkent/records/count,73,tashkent,"Tashkent",250,2002
https://stats.tennismylife.org/tournaments/tashkent/records/count/titles,73,tashkent,"Tashkent",250,2002
https://stats.tennismylife.org/tournaments/tashkent/records/count/wins,73,tashkent,"Tashkent",250,2002
https://stats.tennismylife.org/tournaments/tashkent/records/count/played,73,tashkent,"Tashkent",250,2002
https://stats.tennismylife.org/tournaments/tashkent/records/count/entries,73,tashkent,"Tashkent",250,2002
https://stats.tennismylife.org/tournaments/tashkent/records/ages,73,tashkent,"Tashkent",250,2002
https://stats.tennismylife.org/tournaments/tashkent/records/ages/main,73,tashkent,"Tashkent",250,2002
https://stats.tennismylife.org/tournaments/tashkent/records/ages/titles,73,tashkent,"Tashkent",250,2002
https://stats.tennismylife.org/tournaments/tashkent/records/ages/oldestrounds,73,tashkent,"Tashkent",250,2002
https://stats.tennismylife.org/tournaments/tashkent/records/ages/youngestrounds,73,tashkent,"Tashkent",250,2002
https://stats.tennismylife.org/tournaments/tashkent/records/percentage,73,tashkent,"Tashkent",250,2002
https://stats.tennismylife.org/tournaments/tashkent/records/percentage/wins,73,tashkent,"Tashkent",250,2002
https://stats.tennismylife.org/tournaments/tashkent/records/percentage/rounds,73,tashkent,"Tashkent",250,2002
https://stats.tennismylife.org/tournaments/tashkent/records/streak,73,tashkent,"Tashkent",250,2002
https://stats.tennismylife.org/tournaments/tashkent/records/timespan,73,tashkent,"Tashkent",250,2002
https://stats.tennismylife.org/tournaments/tashkent/records/rounds,73,tashkent,"Tashkent",250,2002
https://stats.tennismylife.org/tournaments/tashkent/records/least,73,tashkent,"Tashkent",250,2002
https://stats.tennismylife.org/tournaments/tashkent/records/roundsonentries,73,tashkent,"Tashkent",250,2002
https://stats.tennismylife.org/tournaments/tehran/records,2011,tehran,"Tehran",A,1977
https://stats.tennismylife.org/tournaments/tehran/records/count,2011,tehran,"Tehran",A,1977
https://stats.tennismylife.org/tournaments/tehran/records/count/titles,2011,tehran,"Tehran",A,1977
https://stats.tennismylife.org/tournaments/tehran/records/count/wins,2011,tehran,"Tehran",A,1977
https://stats.tennismylife.org/tournaments/tehran/records/count/played,2011,tehran,"Tehran",A,1977
https://stats.tennismylife.org/tournaments/tehran/records/count/entries,2011,tehran,"Tehran",A,1977
https://stats.tennismylife.org/tournaments/tehran/records/ages,2011,tehran,"Tehran",A,1977
https://stats.tennismylife.org/tournaments/tehran/records/ages/main,2011,tehran,"Tehran",A,1977
https://stats.tennismylife.org/tournaments/tehran/records/ages/titles,2011,tehran,"Tehran",A,1977
https://stats.tennismylife.org/tournaments/tehran/records/ages/oldestrounds,2011,tehran,"Tehran",A,1977
https://stats.tennismylife.org/tournaments/tehran/records/ages/youngestrounds,2011,tehran,"Tehran",A,1977
https://stats.tennismylife.org/tournaments/tehran/records/percentage,2011,tehran,"Tehran",A,1977
https://stats.tennismylife.org/tournaments/tehran/records/percentage/wins,2011,tehran,"Tehran",A,1977
https://stats.tennismylife.org/tournaments/tehran/records/percentage/rounds,2011,tehran,"Tehran",A,1977
https://stats.tennismylife.org/tournaments/tehran/records/streak,2011,tehran,"Tehran",A,1977
https://stats.tennismylife.org/tournaments/tehran/records/timespan,2011,tehran,"Tehran",A,1977
https://stats.tennismylife.org/tournaments/tehran/records/rounds,2011,tehran,"Tehran",A,1977
https://stats.tennismylife.org/tournaments/tehran/records/least,2011,tehran,"Tehran",A,1977
https://stats.tennismylife.org/tournaments/tehran/records/roundsonentries,2011,tehran,"Tehran",A,1977
https://stats.tennismylife.org/tournaments/tel-aviv/records,330,tel-aviv,"Tel Aviv",A|250,1996
https://stats.tennismylife.org/tournaments/tel-aviv/records/count,330,tel-aviv,"Tel Aviv",A|250,1996
https://stats.tennismylife.org/tournaments/tel-aviv/records/count/titles,330,tel-aviv,"Tel Aviv",A|250,1996
https://stats.tennismylife.org/tournaments/tel-aviv/records/count/wins,330,tel-aviv,"Tel Aviv",A|250,1996
https://stats.tennismylife.org/tournaments/tel-aviv/records/count/played,330,tel-aviv,"Tel Aviv",A|250,1996
https://stats.tennismylife.org/tournaments/tel-aviv/records/count/entries,330,tel-aviv,"Tel Aviv",A|250,1996
https://stats.tennismylife.org/tournaments/tel-aviv/records/ages,330,tel-aviv,"Tel Aviv",A|250,1996
https://stats.tennismylife.org/tournaments/tel-aviv/records/ages/main,330,tel-aviv,"Tel Aviv",A|250,1996
https://stats.tennismylife.org/tournaments/tel-aviv/records/ages/titles,330,tel-aviv,"Tel Aviv",A|250,1996
https://stats.tennismylife.org/tournaments/tel-aviv/records/ages/oldestrounds,330,tel-aviv,"Tel Aviv",A|250,1996
https://stats.tennismylife.org/tournaments/tel-aviv/records/ages/youngestrounds,330,tel-aviv,"Tel Aviv",A|250,1996
https://stats.tennismylife.org/tournaments/tel-aviv/records/percentage,330,tel-aviv,"Tel Aviv",A|250,1996
https://stats.tennismylife.org/tournaments/tel-aviv/records/percentage/wins,330,tel-aviv,"Tel Aviv",A|250,1996
https://stats.tennismylife.org/tournaments/tel-aviv/records/percentage/rounds,330,tel-aviv,"Tel Aviv",A|250,1996
https://stats.tennismylife.org/tournaments/tel-aviv/records/streak,330,tel-aviv,"Tel Aviv",A|250,1996
https://stats.tennismylife.org/tournaments/tel-aviv/records/timespan,330,tel-aviv,"Tel Aviv",A|250,1996
https://stats.tennismylife.org/tournaments/tel-aviv/records/rounds,330,tel-aviv,"Tel Aviv",A|250,1996
https://stats.tennismylife.org/tournaments/tel-aviv/records/least,330,tel-aviv,"Tel Aviv",A|250,1996
https://stats.tennismylife.org/tournaments/tel-aviv/records/roundsonentries,330,tel-aviv,"Tel Aviv",A|250,1996
https://stats.tennismylife.org/tournaments/tempe/records,1537,tempe,"Tempe",A,1974
https://stats.tennismylife.org/tournaments/tempe/records/count,1537,tempe,"Tempe",A,1974
https://stats.tennismylife.org/tournaments/tempe/records/count/titles,1537,tempe,"Tempe",A,1974
https://stats.tennismylife.org/tournaments/tempe/records/count/wins,1537,tempe,"Tempe",A,1974
https://stats.tennismylife.org/tournaments/tempe/records/count/played,1537,tempe,"Tempe",A,1974
https://stats.tennismylife.org/tournaments/tempe/records/count/entries,1537,tempe,"Tempe",A,1974
https://stats.tennismylife.org/tournaments/tempe/records/ages,1537,tempe,"Tempe",A,1974
https://stats.tennismylife.org/tournaments/tempe/records/ages/main,1537,tempe,"Tempe",A,1974
https://stats.tennismylife.org/tournaments/tempe/records/ages/titles,1537,tempe,"Tempe",A,1974
https://stats.tennismylife.org/tournaments/tempe/records/ages/oldestrounds,1537,tempe,"Tempe",A,1974
https://stats.tennismylife.org/tournaments/tempe/records/ages/youngestrounds,1537,tempe,"Tempe",A,1974
https://stats.tennismylife.org/tournaments/tempe/records/percentage,1537,tempe,"Tempe",A,1974
https://stats.tennismylife.org/tournaments/tempe/records/percentage/wins,1537,tempe,"Tempe",A,1974
https://stats.tennismylife.org/tournaments/tempe/records/percentage/rounds,1537,tempe,"Tempe",A,1974
https://stats.tennismylife.org/tournaments/tempe/records/streak,1537,tempe,"Tempe",A,1974
https://stats.tennismylife.org/tournaments/tempe/records/timespan,1537,tempe,"Tempe",A,1974
https://stats.tennismylife.org/tournaments/tempe/records/rounds,1537,tempe,"Tempe",A,1974
https://stats.tennismylife.org/tournaments/tempe/records/least,1537,tempe,"Tempe",A,1974
https://stats.tennismylife.org/tournaments/tempe/records/roundsonentries,1537,tempe,"Tempe",A,1974
https://stats.tennismylife.org/tournaments/tennis-champions-classic/records,9289,tennis-champions-classic,"Tennis Champions Classic",A,1971
https://stats.tennismylife.org/tournaments/tennis-champions-classic/records/count,9289,tennis-champions-classic,"Tennis Champions Classic",A,1971
https://stats.tennismylife.org/tournaments/tennis-champions-classic/records/count/titles,9289,tennis-champions-classic,"Tennis Champions Classic",A,1971
https://stats.tennismylife.org/tournaments/tennis-champions-classic/records/count/wins,9289,tennis-champions-classic,"Tennis Champions Classic",A,1971
https://stats.tennismylife.org/tournaments/tennis-champions-classic/records/count/played,9289,tennis-champions-classic,"Tennis Champions Classic",A,1971
https://stats.tennismylife.org/tournaments/tennis-champions-classic/records/count/entries,9289,tennis-champions-classic,"Tennis Champions Classic",A,1971
https://stats.tennismylife.org/tournaments/tennis-champions-classic/records/ages,9289,tennis-champions-classic,"Tennis Champions Classic",A,1971
https://stats.tennismylife.org/tournaments/tennis-champions-classic/records/ages/main,9289,tennis-champions-classic,"Tennis Champions Classic",A,1971
https://stats.tennismylife.org/tournaments/tennis-champions-classic/records/ages/titles,9289,tennis-champions-classic,"Tennis Champions Classic",A,1971
https://stats.tennismylife.org/tournaments/tennis-champions-classic/records/ages/oldestrounds,9289,tennis-champions-classic,"Tennis Champions Classic",A,1971
https://stats.tennismylife.org/tournaments/tennis-champions-classic/records/ages/youngestrounds,9289,tennis-champions-classic,"Tennis Champions Classic",A,1971
https://stats.tennismylife.org/tournaments/tennis-champions-classic/records/percentage,9289,tennis-champions-classic,"Tennis Champions Classic",A,1971
https://stats.tennismylife.org/tournaments/tennis-champions-classic/records/percentage/wins,9289,tennis-champions-classic,"Tennis Champions Classic",A,1971
https://stats.tennismylife.org/tournaments/tennis-champions-classic/records/percentage/rounds,9289,tennis-champions-classic,"Tennis Champions Classic",A,1971
https://stats.tennismylife.org/tournaments/tennis-champions-classic/records/streak,9289,tennis-champions-classic,"Tennis Champions Classic",A,1971
https://stats.tennismylife.org/tournaments/tennis-champions-classic/records/timespan,9289,tennis-champions-classic,"Tennis Champions Classic",A,1971
https://stats.tennismylife.org/tournaments/tennis-champions-classic/records/rounds,9289,tennis-champions-classic,"Tennis Champions Classic",A,1971
https://stats.tennismylife.org/tournaments/tennis-champions-classic/records/least,9289,tennis-champions-classic,"Tennis Champions Classic",A,1971
https://stats.tennismylife.org/tournaments/tennis-champions-classic/records/roundsonentries,9289,tennis-champions-classic,"Tennis Champions Classic",A,1971
https://stats.tennismylife.org/tournaments/tokyo-indoor/records,428,tokyo-indoor,"Tokyo Indoor",A|500,1995
https://stats.tennismylife.org/tournaments/tokyo-indoor/records/count,428,tokyo-indoor,"Tokyo Indoor",A|500,1995
https://stats.tennismylife.org/tournaments/tokyo-indoor/records/count/titles,428,tokyo-indoor,"Tokyo Indoor",A|500,1995
https://stats.tennismylife.org/tournaments/tokyo-indoor/records/count/wins,428,tokyo-indoor,"Tokyo Indoor",A|500,1995
https://stats.tennismylife.org/tournaments/tokyo-indoor/records/count/played,428,tokyo-indoor,"Tokyo Indoor",A|500,1995
https://stats.tennismylife.org/tournaments/tokyo-indoor/records/count/entries,428,tokyo-indoor,"Tokyo Indoor",A|500,1995
https://stats.tennismylife.org/tournaments/tokyo-indoor/records/ages,428,tokyo-indoor,"Tokyo Indoor",A|500,1995
https://stats.tennismylife.org/tournaments/tokyo-indoor/records/ages/main,428,tokyo-indoor,"Tokyo Indoor",A|500,1995
https://stats.tennismylife.org/tournaments/tokyo-indoor/records/ages/titles,428,tokyo-indoor,"Tokyo Indoor",A|500,1995
https://stats.tennismylife.org/tournaments/tokyo-indoor/records/ages/oldestrounds,428,tokyo-indoor,"Tokyo Indoor",A|500,1995
https://stats.tennismylife.org/tournaments/tokyo-indoor/records/ages/youngestrounds,428,tokyo-indoor,"Tokyo Indoor",A|500,1995
https://stats.tennismylife.org/tournaments/tokyo-indoor/records/percentage,428,tokyo-indoor,"Tokyo Indoor",A|500,1995
https://stats.tennismylife.org/tournaments/tokyo-indoor/records/percentage/wins,428,tokyo-indoor,"Tokyo Indoor",A|500,1995
https://stats.tennismylife.org/tournaments/tokyo-indoor/records/percentage/rounds,428,tokyo-indoor,"Tokyo Indoor",A|500,1995
https://stats.tennismylife.org/tournaments/tokyo-indoor/records/streak,428,tokyo-indoor,"Tokyo Indoor",A|500,1995
https://stats.tennismylife.org/tournaments/tokyo-indoor/records/timespan,428,tokyo-indoor,"Tokyo Indoor",A|500,1995
https://stats.tennismylife.org/tournaments/tokyo-indoor/records/rounds,428,tokyo-indoor,"Tokyo Indoor",A|500,1995
https://stats.tennismylife.org/tournaments/tokyo-indoor/records/least,428,tokyo-indoor,"Tokyo Indoor",A|500,1995
https://stats.tennismylife.org/tournaments/tokyo-indoor/records/roundsonentries,428,tokyo-indoor,"Tokyo Indoor",A|500,1995
https://stats.tennismylife.org/tournaments/tokyo-wct/records,9037,tokyo-wct,"Tokyo WCT",A,1975
https://stats.tennismylife.org/tournaments/tokyo-wct/records/count,9037,tokyo-wct,"Tokyo WCT",A,1975
https://stats.tennismylife.org/tournaments/tokyo-wct/records/count/titles,9037,tokyo-wct,"Tokyo WCT",A,1975
https://stats.tennismylife.org/tournaments/tokyo-wct/records/count/wins,9037,tokyo-wct,"Tokyo WCT",A,1975
https://stats.tennismylife.org/tournaments/tokyo-wct/records/count/played,9037,tokyo-wct,"Tokyo WCT",A,1975
https://stats.tennismylife.org/tournaments/tokyo-wct/records/count/entries,9037,tokyo-wct,"Tokyo WCT",A,1975
https://stats.tennismylife.org/tournaments/tokyo-wct/records/ages,9037,tokyo-wct,"Tokyo WCT",A,1975
https://stats.tennismylife.org/tournaments/tokyo-wct/records/ages/main,9037,tokyo-wct,"Tokyo WCT",A,1975
https://stats.tennismylife.org/tournaments/tokyo-wct/records/ages/titles,9037,tokyo-wct,"Tokyo WCT",A,1975
https://stats.tennismylife.org/tournaments/tokyo-wct/records/ages/oldestrounds,9037,tokyo-wct,"Tokyo WCT",A,1975
https://stats.tennismylife.org/tournaments/tokyo-wct/records/ages/youngestrounds,9037,tokyo-wct,"Tokyo WCT",A,1975
https://stats.tennismylife.org/tournaments/tokyo-wct/records/percentage,9037,tokyo-wct,"Tokyo WCT",A,1975
https://stats.tennismylife.org/tournaments/tokyo-wct/records/percentage/wins,9037,tokyo-wct,"Tokyo WCT",A,1975
https://stats.tennismylife.org/tournaments/tokyo-wct/records/percentage/rounds,9037,tokyo-wct,"Tokyo WCT",A,1975
https://stats.tennismylife.org/tournaments/tokyo-wct/records/streak,9037,tokyo-wct,"Tokyo WCT",A,1975
https://stats.tennismylife.org/tournaments/tokyo-wct/records/timespan,9037,tokyo-wct,"Tokyo WCT",A,1975
https://stats.tennismylife.org/tournaments/tokyo-wct/records/rounds,9037,tokyo-wct,"Tokyo WCT",A,1975
https://stats.tennismylife.org/tournaments/tokyo-wct/records/least,9037,tokyo-wct,"Tokyo WCT",A,1975
https://stats.tennismylife.org/tournaments/tokyo-wct/records/roundsonentries,9037,tokyo-wct,"Tokyo WCT",A,1975
https://stats.tennismylife.org/tournaments/toronto-1/records,302,toronto-1,"Toronto-1",A|500,1990
https://stats.tennismylife.org/tournaments/toronto-1/records/count,302,toronto-1,"Toronto-1",A|500,1990
https://stats.tennismylife.org/tournaments/toronto-1/records/count/titles,302,toronto-1,"Toronto-1",A|500,1990
https://stats.tennismylife.org/tournaments/toronto-1/records/count/wins,302,toronto-1,"Toronto-1",A|500,1990
https://stats.tennismylife.org/tournaments/toronto-1/records/count/played,302,toronto-1,"Toronto-1",A|500,1990
https://stats.tennismylife.org/tournaments/toronto-1/records/count/entries,302,toronto-1,"Toronto-1",A|500,1990
https://stats.tennismylife.org/tournaments/toronto-1/records/ages,302,toronto-1,"Toronto-1",A|500,1990
https://stats.tennismylife.org/tournaments/toronto-1/records/ages/main,302,toronto-1,"Toronto-1",A|500,1990
https://stats.tennismylife.org/tournaments/toronto-1/records/ages/titles,302,toronto-1,"Toronto-1",A|500,1990
https://stats.tennismylife.org/tournaments/toronto-1/records/ages/oldestrounds,302,toronto-1,"Toronto-1",A|500,1990
https://stats.tennismylife.org/tournaments/toronto-1/records/ages/youngestrounds,302,toronto-1,"Toronto-1",A|500,1990
https://stats.tennismylife.org/tournaments/toronto-1/records/percentage,302,toronto-1,"Toronto-1",A|500,1990
https://stats.tennismylife.org/tournaments/toronto-1/records/percentage/wins,302,toronto-1,"Toronto-1",A|500,1990
https://stats.tennismylife.org/tournaments/toronto-1/records/percentage/rounds,302,toronto-1,"Toronto-1",A|500,1990
https://stats.tennismylife.org/tournaments/toronto-1/records/streak,302,toronto-1,"Toronto-1",A|500,1990
https://stats.tennismylife.org/tournaments/toronto-1/records/timespan,302,toronto-1,"Toronto-1",A|500,1990
https://stats.tennismylife.org/tournaments/toronto-1/records/rounds,302,toronto-1,"Toronto-1",A|500,1990
https://stats.tennismylife.org/tournaments/toronto-1/records/least,302,toronto-1,"Toronto-1",A|500,1990
https://stats.tennismylife.org/tournaments/toronto-1/records/roundsonentries,302,toronto-1,"Toronto-1",A|500,1990
https://stats.tennismylife.org/tournaments/toulouse/records,327,toulouse,"Toulouse",A|250,2000
https://stats.tennismylife.org/tournaments/toulouse/records/count,327,toulouse,"Toulouse",A|250,2000
https://stats.tennismylife.org/tournaments/toulouse/records/count/titles,327,toulouse,"Toulouse",A|250,2000
https://stats.tennismylife.org/tournaments/toulouse/records/count/wins,327,toulouse,"Toulouse",A|250,2000
https://stats.tennismylife.org/tournaments/toulouse/records/count/played,327,toulouse,"Toulouse",A|250,2000
https://stats.tennismylife.org/tournaments/toulouse/records/count/entries,327,toulouse,"Toulouse",A|250,2000
https://stats.tennismylife.org/tournaments/toulouse/records/ages,327,toulouse,"Toulouse",A|250,2000
https://stats.tennismylife.org/tournaments/toulouse/records/ages/main,327,toulouse,"Toulouse",A|250,2000
https://stats.tennismylife.org/tournaments/toulouse/records/ages/titles,327,toulouse,"Toulouse",A|250,2000
https://stats.tennismylife.org/tournaments/toulouse/records/ages/oldestrounds,327,toulouse,"Toulouse",A|250,2000
https://stats.tennismylife.org/tournaments/toulouse/records/ages/youngestrounds,327,toulouse,"Toulouse",A|250,2000
https://stats.tennismylife.org/tournaments/toulouse/records/percentage,327,toulouse,"Toulouse",A|250,2000
https://stats.tennismylife.org/tournaments/toulouse/records/percentage/wins,327,toulouse,"Toulouse",A|250,2000
https://stats.tennismylife.org/tournaments/toulouse/records/percentage/rounds,327,toulouse,"Toulouse",A|250,2000
https://stats.tennismylife.org/tournaments/toulouse/records/streak,327,toulouse,"Toulouse",A|250,2000
https://stats.tennismylife.org/tournaments/toulouse/records/timespan,327,toulouse,"Toulouse",A|250,2000
https://stats.tennismylife.org/tournaments/toulouse/records/rounds,327,toulouse,"Toulouse",A|250,2000
https://stats.tennismylife.org/tournaments/toulouse/records/least,327,toulouse,"Toulouse",A|250,2000
https://stats.tennismylife.org/tournaments/toulouse/records/roundsonentries,327,toulouse,"Toulouse",A|250,2000
https://stats.tennismylife.org/tournaments/treviso/records,335,treviso,"Treviso",A,1984
https://stats.tennismylife.org/tournaments/treviso/records/count,335,treviso,"Treviso",A,1984
https://stats.tennismylife.org/tournaments/treviso/records/count/titles,335,treviso,"Treviso",A,1984
https://stats.tennismylife.org/tournaments/treviso/records/count/wins,335,treviso,"Treviso",A,1984
https://stats.tennismylife.org/tournaments/treviso/records/count/played,335,treviso,"Treviso",A,1984
https://stats.tennismylife.org/tournaments/treviso/records/count/entries,335,treviso,"Treviso",A,1984
https://stats.tennismylife.org/tournaments/treviso/records/ages,335,treviso,"Treviso",A,1984
https://stats.tennismylife.org/tournaments/treviso/records/ages/main,335,treviso,"Treviso",A,1984
https://stats.tennismylife.org/tournaments/treviso/records/ages/titles,335,treviso,"Treviso",A,1984
https://stats.tennismylife.org/tournaments/treviso/records/ages/oldestrounds,335,treviso,"Treviso",A,1984
https://stats.tennismylife.org/tournaments/treviso/records/ages/youngestrounds,335,treviso,"Treviso",A,1984
https://stats.tennismylife.org/tournaments/treviso/records/percentage,335,treviso,"Treviso",A,1984
https://stats.tennismylife.org/tournaments/treviso/records/percentage/wins,335,treviso,"Treviso",A,1984
https://stats.tennismylife.org/tournaments/treviso/records/percentage/rounds,335,treviso,"Treviso",A,1984
https://stats.tennismylife.org/tournaments/treviso/records/streak,335,treviso,"Treviso",A,1984
https://stats.tennismylife.org/tournaments/treviso/records/timespan,335,treviso,"Treviso",A,1984
https://stats.tennismylife.org/tournaments/treviso/records/rounds,335,treviso,"Treviso",A,1984
https://stats.tennismylife.org/tournaments/treviso/records/least,335,treviso,"Treviso",A,1984
https://stats.tennismylife.org/tournaments/treviso/records/roundsonentries,335,treviso,"Treviso",A,1984
https://stats.tennismylife.org/tournaments/tucson/records,729,tucson,"Tucson",A,1975
https://stats.tennismylife.org/tournaments/tucson/records/count,729,tucson,"Tucson",A,1975
https://stats.tennismylife.org/tournaments/tucson/records/count/titles,729,tucson,"Tucson",A,1975
https://stats.tennismylife.org/tournaments/tucson/records/count/wins,729,tucson,"Tucson",A,1975
https://stats.tennismylife.org/tournaments/tucson/records/count/played,729,tucson,"Tucson",A,1975
https://stats.tennismylife.org/tournaments/tucson/records/count/entries,729,tucson,"Tucson",A,1975
https://stats.tennismylife.org/tournaments/tucson/records/ages,729,tucson,"Tucson",A,1975
https://stats.tennismylife.org/tournaments/tucson/records/ages/main,729,tucson,"Tucson",A,1975
https://stats.tennismylife.org/tournaments/tucson/records/ages/titles,729,tucson,"Tucson",A,1975
https://stats.tennismylife.org/tournaments/tucson/records/ages/oldestrounds,729,tucson,"Tucson",A,1975
https://stats.tennismylife.org/tournaments/tucson/records/ages/youngestrounds,729,tucson,"Tucson",A,1975
https://stats.tennismylife.org/tournaments/tucson/records/percentage,729,tucson,"Tucson",A,1975
https://stats.tennismylife.org/tournaments/tucson/records/percentage/wins,729,tucson,"Tucson",A,1975
https://stats.tennismylife.org/tournaments/tucson/records/percentage/rounds,729,tucson,"Tucson",A,1975
https://stats.tennismylife.org/tournaments/tucson/records/streak,729,tucson,"Tucson",A,1975
https://stats.tennismylife.org/tournaments/tucson/records/timespan,729,tucson,"Tucson",A,1975
https://stats.tennismylife.org/tournaments/tucson/records/rounds,729,tucson,"Tucson",A,1975
https://stats.tennismylife.org/tournaments/tucson/records/least,729,tucson,"Tucson",A,1975
https://stats.tennismylife.org/tournaments/tucson/records/roundsonentries,729,tucson,"Tucson",A,1975
https://stats.tennismylife.org/tournaments/tucson-2/records,6833,tucson-2,"Tucson",A,1970
https://stats.tennismylife.org/tournaments/tucson-2/records/count,6833,tucson-2,"Tucson",A,1970
https://stats.tennismylife.org/tournaments/tucson-2/records/count/titles,6833,tucson-2,"Tucson",A,1970
https://stats.tennismylife.org/tournaments/tucson-2/records/count/wins,6833,tucson-2,"Tucson",A,1970
https://stats.tennismylife.org/tournaments/tucson-2/records/count/played,6833,tucson-2,"Tucson",A,1970
https://stats.tennismylife.org/tournaments/tucson-2/records/count/entries,6833,tucson-2,"Tucson",A,1970
https://stats.tennismylife.org/tournaments/tucson-2/records/ages,6833,tucson-2,"Tucson",A,1970
https://stats.tennismylife.org/tournaments/tucson-2/records/ages/main,6833,tucson-2,"Tucson",A,1970
https://stats.tennismylife.org/tournaments/tucson-2/records/ages/titles,6833,tucson-2,"Tucson",A,1970
https://stats.tennismylife.org/tournaments/tucson-2/records/ages/oldestrounds,6833,tucson-2,"Tucson",A,1970
https://stats.tennismylife.org/tournaments/tucson-2/records/ages/youngestrounds,6833,tucson-2,"Tucson",A,1970
https://stats.tennismylife.org/tournaments/tucson-2/records/percentage,6833,tucson-2,"Tucson",A,1970
https://stats.tennismylife.org/tournaments/tucson-2/records/percentage/wins,6833,tucson-2,"Tucson",A,1970
https://stats.tennismylife.org/tournaments/tucson-2/records/percentage/rounds,6833,tucson-2,"Tucson",A,1970
https://stats.tennismylife.org/tournaments/tucson-2/records/streak,6833,tucson-2,"Tucson",A,1970
https://stats.tennismylife.org/tournaments/tucson-2/records/timespan,6833,tucson-2,"Tucson",A,1970
https://stats.tennismylife.org/tournaments/tucson-2/records/rounds,6833,tucson-2,"Tucson",A,1970
https://stats.tennismylife.org/tournaments/tucson-2/records/least,6833,tucson-2,"Tucson",A,1970
https://stats.tennismylife.org/tournaments/tucson-2/records/roundsonentries,6833,tucson-2,"Tucson",A,1970
https://stats.tennismylife.org/tournaments/tulsa/records,711,tulsa,"Tulsa",A,1980
https://stats.tennismylife.org/tournaments/tulsa/records/count,711,tulsa,"Tulsa",A,1980
https://stats.tennismylife.org/tournaments/tulsa/records/count/titles,711,tulsa,"Tulsa",A,1980
https://stats.tennismylife.org/tournaments/tulsa/records/count/wins,711,tulsa,"Tulsa",A,1980
https://stats.tennismylife.org/tournaments/tulsa/records/count/played,711,tulsa,"Tulsa",A,1980
https://stats.tennismylife.org/tournaments/tulsa/records/count/entries,711,tulsa,"Tulsa",A,1980
https://stats.tennismylife.org/tournaments/tulsa/records/ages,711,tulsa,"Tulsa",A,1980
https://stats.tennismylife.org/tournaments/tulsa/records/ages/main,711,tulsa,"Tulsa",A,1980
https://stats.tennismylife.org/tournaments/tulsa/records/ages/titles,711,tulsa,"Tulsa",A,1980
https://stats.tennismylife.org/tournaments/tulsa/records/ages/oldestrounds,711,tulsa,"Tulsa",A,1980
https://stats.tennismylife.org/tournaments/tulsa/records/ages/youngestrounds,711,tulsa,"Tulsa",A,1980
https://stats.tennismylife.org/tournaments/tulsa/records/percentage,711,tulsa,"Tulsa",A,1980
https://stats.tennismylife.org/tournaments/tulsa/records/percentage/wins,711,tulsa,"Tulsa",A,1980
https://stats.tennismylife.org/tournaments/tulsa/records/percentage/rounds,711,tulsa,"Tulsa",A,1980
https://stats.tennismylife.org/tournaments/tulsa/records/streak,711,tulsa,"Tulsa",A,1980
https://stats.tennismylife.org/tournaments/tulsa/records/timespan,711,tulsa,"Tulsa",A,1980
https://stats.tennismylife.org/tournaments/tulsa/records/rounds,711,tulsa,"Tulsa",A,1980
https://stats.tennismylife.org/tournaments/tulsa/records/least,711,tulsa,"Tulsa",A,1980
https://stats.tennismylife.org/tournaments/tulsa/records/roundsonentries,711,tulsa,"Tulsa",A,1980
https://stats.tennismylife.org/tournaments/tulsa-wct/records,9301,tulsa-wct,"Tulsa WCT",A,1968
https://stats.tennismylife.org/tournaments/tulsa-wct/records/count,9301,tulsa-wct,"Tulsa WCT",A,1968
https://stats.tennismylife.org/tournaments/tulsa-wct/records/count/titles,9301,tulsa-wct,"Tulsa WCT",A,1968
https://stats.tennismylife.org/tournaments/tulsa-wct/records/count/wins,9301,tulsa-wct,"Tulsa WCT",A,1968
https://stats.tennismylife.org/tournaments/tulsa-wct/records/count/played,9301,tulsa-wct,"Tulsa WCT",A,1968
https://stats.tennismylife.org/tournaments/tulsa-wct/records/count/entries,9301,tulsa-wct,"Tulsa WCT",A,1968
https://stats.tennismylife.org/tournaments/tulsa-wct/records/ages,9301,tulsa-wct,"Tulsa WCT",A,1968
https://stats.tennismylife.org/tournaments/tulsa-wct/records/ages/main,9301,tulsa-wct,"Tulsa WCT",A,1968
https://stats.tennismylife.org/tournaments/tulsa-wct/records/ages/titles,9301,tulsa-wct,"Tulsa WCT",A,1968
https://stats.tennismylife.org/tournaments/tulsa-wct/records/ages/oldestrounds,9301,tulsa-wct,"Tulsa WCT",A,1968
https://stats.tennismylife.org/tournaments/tulsa-wct/records/ages/youngestrounds,9301,tulsa-wct,"Tulsa WCT",A,1968
https://stats.tennismylife.org/tournaments/tulsa-wct/records/percentage,9301,tulsa-wct,"Tulsa WCT",A,1968
https://stats.tennismylife.org/tournaments/tulsa-wct/records/percentage/wins,9301,tulsa-wct,"Tulsa WCT",A,1968
https://stats.tennismylife.org/tournaments/tulsa-wct/records/percentage/rounds,9301,tulsa-wct,"Tulsa WCT",A,1968
https://stats.tennismylife.org/tournaments/tulsa-wct/records/streak,9301,tulsa-wct,"Tulsa WCT",A,1968
https://stats.tennismylife.org/tournaments/tulsa-wct/records/timespan,9301,tulsa-wct,"Tulsa WCT",A,1968
https://stats.tennismylife.org/tournaments/tulsa-wct/records/rounds,9301,tulsa-wct,"Tulsa WCT",A,1968
https://stats.tennismylife.org/tournaments/tulsa-wct/records/least,9301,tulsa-wct,"Tulsa WCT",A,1968
https://stats.tennismylife.org/tournaments/tulsa-wct/records/roundsonentries,9301,tulsa-wct,"Tulsa WCT",A,1968
https://stats.tennismylife.org/tournaments/united-cup/records,9900,united-cup,"United Cup",A,2025
https://stats.tennismylife.org/tournaments/united-cup/records/count,9900,united-cup,"United Cup",A,2025
https://stats.tennismylife.org/tournaments/united-cup/records/count/titles,9900,united-cup,"United Cup",A,2025
https://stats.tennismylife.org/tournaments/united-cup/records/count/wins,9900,united-cup,"United Cup",A,2025
https://stats.tennismylife.org/tournaments/united-cup/records/count/played,9900,united-cup,"United Cup",A,2025
https://stats.tennismylife.org/tournaments/united-cup/records/count/entries,9900,united-cup,"United Cup",A,2025
https://stats.tennismylife.org/tournaments/united-cup/records/ages,9900,united-cup,"United Cup",A,2025
https://stats.tennismylife.org/tournaments/united-cup/records/ages/main,9900,united-cup,"United Cup",A,2025
https://stats.tennismylife.org/tournaments/united-cup/records/ages/titles,9900,united-cup,"United Cup",A,2025
https://stats.tennismylife.org/tournaments/united-cup/records/ages/oldestrounds,9900,united-cup,"United Cup",A,2025
https://stats.tennismylife.org/tournaments/united-cup/records/ages/youngestrounds,9900,united-cup,"United Cup",A,2025
https://stats.tennismylife.org/tournaments/united-cup/records/percentage,9900,united-cup,"United Cup",A,2025
https://stats.tennismylife.org/tournaments/united-cup/records/percentage/wins,9900,united-cup,"United Cup",A,2025
https://stats.tennismylife.org/tournaments/united-cup/records/percentage/rounds,9900,united-cup,"United Cup",A,2025
https://stats.tennismylife.org/tournaments/united-cup/records/streak,9900,united-cup,"United Cup",A,2025
https://stats.tennismylife.org/tournaments/united-cup/records/timespan,9900,united-cup,"United Cup",A,2025
https://stats.tennismylife.org/tournaments/united-cup/records/rounds,9900,united-cup,"United Cup",A,2025
https://stats.tennismylife.org/tournaments/united-cup/records/least,9900,united-cup,"United Cup",A,2025
https://stats.tennismylife.org/tournaments/united-cup/records/roundsonentries,9900,united-cup,"United Cup",A,2025
https://stats.tennismylife.org/tournaments/valencia/records,573,valencia,"Valencia",250|500,2015
https://stats.tennismylife.org/tournaments/valencia/records/count,573,valencia,"Valencia",250|500,2015
https://stats.tennismylife.org/tournaments/valencia/records/count/titles,573,valencia,"Valencia",250|500,2015
https://stats.tennismylife.org/tournaments/valencia/records/count/wins,573,valencia,"Valencia",250|500,2015
https://stats.tennismylife.org/tournaments/valencia/records/count/played,573,valencia,"Valencia",250|500,2015
https://stats.tennismylife.org/tournaments/valencia/records/count/entries,573,valencia,"Valencia",250|500,2015
https://stats.tennismylife.org/tournaments/valencia/records/ages,573,valencia,"Valencia",250|500,2015
https://stats.tennismylife.org/tournaments/valencia/records/ages/main,573,valencia,"Valencia",250|500,2015
https://stats.tennismylife.org/tournaments/valencia/records/ages/titles,573,valencia,"Valencia",250|500,2015
https://stats.tennismylife.org/tournaments/valencia/records/ages/oldestrounds,573,valencia,"Valencia",250|500,2015
https://stats.tennismylife.org/tournaments/valencia/records/ages/youngestrounds,573,valencia,"Valencia",250|500,2015
https://stats.tennismylife.org/tournaments/valencia/records/percentage,573,valencia,"Valencia",250|500,2015
https://stats.tennismylife.org/tournaments/valencia/records/percentage/wins,573,valencia,"Valencia",250|500,2015
https://stats.tennismylife.org/tournaments/valencia/records/percentage/rounds,573,valencia,"Valencia",250|500,2015
https://stats.tennismylife.org/tournaments/valencia/records/streak,573,valencia,"Valencia",250|500,2015
https://stats.tennismylife.org/tournaments/valencia/records/timespan,573,valencia,"Valencia",250|500,2015
https://stats.tennismylife.org/tournaments/valencia/records/rounds,573,valencia,"Valencia",250|500,2015
https://stats.tennismylife.org/tournaments/valencia/records/least,573,valencia,"Valencia",250|500,2015
https://stats.tennismylife.org/tournaments/valencia/records/roundsonentries,573,valencia,"Valencia",250|500,2015
https://stats.tennismylife.org/tournaments/valencia-2/records,659,valencia-2,"Valencia",A,1976
https://stats.tennismylife.org/tournaments/valencia-2/records/count,659,valencia-2,"Valencia",A,1976
https://stats.tennismylife.org/tournaments/valencia-2/records/count/titles,659,valencia-2,"Valencia",A,1976
https://stats.tennismylife.org/tournaments/valencia-2/records/count/wins,659,valencia-2,"Valencia",A,1976
https://stats.tennismylife.org/tournaments/valencia-2/records/count/played,659,valencia-2,"Valencia",A,1976
https://stats.tennismylife.org/tournaments/valencia-2/records/count/entries,659,valencia-2,"Valencia",A,1976
https://stats.tennismylife.org/tournaments/valencia-2/records/ages,659,valencia-2,"Valencia",A,1976
https://stats.tennismylife.org/tournaments/valencia-2/records/ages/main,659,valencia-2,"Valencia",A,1976
https://stats.tennismylife.org/tournaments/valencia-2/records/ages/titles,659,valencia-2,"Valencia",A,1976
https://stats.tennismylife.org/tournaments/valencia-2/records/ages/oldestrounds,659,valencia-2,"Valencia",A,1976
https://stats.tennismylife.org/tournaments/valencia-2/records/ages/youngestrounds,659,valencia-2,"Valencia",A,1976
https://stats.tennismylife.org/tournaments/valencia-2/records/percentage,659,valencia-2,"Valencia",A,1976
https://stats.tennismylife.org/tournaments/valencia-2/records/percentage/wins,659,valencia-2,"Valencia",A,1976
https://stats.tennismylife.org/tournaments/valencia-2/records/percentage/rounds,659,valencia-2,"Valencia",A,1976
https://stats.tennismylife.org/tournaments/valencia-2/records/streak,659,valencia-2,"Valencia",A,1976
https://stats.tennismylife.org/tournaments/valencia-2/records/timespan,659,valencia-2,"Valencia",A,1976
https://stats.tennismylife.org/tournaments/valencia-2/records/rounds,659,valencia-2,"Valencia",A,1976
https://stats.tennismylife.org/tournaments/valencia-2/records/least,659,valencia-2,"Valencia",A,1976
https://stats.tennismylife.org/tournaments/valencia-2/records/roundsonentries,659,valencia-2,"Valencia",A,1976
https://stats.tennismylife.org/tournaments/vancouver-wct/records,2048,vancouver-wct,"Vancouver WCT",A,1973
https://stats.tennismylife.org/tournaments/vancouver-wct/records/count,2048,vancouver-wct,"Vancouver WCT",A,1973
https://stats.tennismylife.org/tournaments/vancouver-wct/records/count/titles,2048,vancouver-wct,"Vancouver WCT",A,1973
https://stats.tennismylife.org/tournaments/vancouver-wct/records/count/wins,2048,vancouver-wct,"Vancouver WCT",A,1973
https://stats.tennismylife.org/tournaments/vancouver-wct/records/count/played,2048,vancouver-wct,"Vancouver WCT",A,1973
https://stats.tennismylife.org/tournaments/vancouver-wct/records/count/entries,2048,vancouver-wct,"Vancouver WCT",A,1973
https://stats.tennismylife.org/tournaments/vancouver-wct/records/ages,2048,vancouver-wct,"Vancouver WCT",A,1973
https://stats.tennismylife.org/tournaments/vancouver-wct/records/ages/main,2048,vancouver-wct,"Vancouver WCT",A,1973
https://stats.tennismylife.org/tournaments/vancouver-wct/records/ages/titles,2048,vancouver-wct,"Vancouver WCT",A,1973
https://stats.tennismylife.org/tournaments/vancouver-wct/records/ages/oldestrounds,2048,vancouver-wct,"Vancouver WCT",A,1973
https://stats.tennismylife.org/tournaments/vancouver-wct/records/ages/youngestrounds,2048,vancouver-wct,"Vancouver WCT",A,1973
https://stats.tennismylife.org/tournaments/vancouver-wct/records/percentage,2048,vancouver-wct,"Vancouver WCT",A,1973
https://stats.tennismylife.org/tournaments/vancouver-wct/records/percentage/wins,2048,vancouver-wct,"Vancouver WCT",A,1973
https://stats.tennismylife.org/tournaments/vancouver-wct/records/percentage/rounds,2048,vancouver-wct,"Vancouver WCT",A,1973
https://stats.tennismylife.org/tournaments/vancouver-wct/records/streak,2048,vancouver-wct,"Vancouver WCT",A,1973
https://stats.tennismylife.org/tournaments/vancouver-wct/records/timespan,2048,vancouver-wct,"Vancouver WCT",A,1973
https://stats.tennismylife.org/tournaments/vancouver-wct/records/rounds,2048,vancouver-wct,"Vancouver WCT",A,1973
https://stats.tennismylife.org/tournaments/vancouver-wct/records/least,2048,vancouver-wct,"Vancouver WCT",A,1973
https://stats.tennismylife.org/tournaments/vancouver-wct/records/roundsonentries,2048,vancouver-wct,"Vancouver WCT",A,1973
https://stats.tennismylife.org/tournaments/venice/records,702,venice,"Venice",A,1983
https://stats.tennismylife.org/tournaments/venice/records/count,702,venice,"Venice",A,1983
https://stats.tennismylife.org/tournaments/venice/records/count/titles,702,venice,"Venice",A,1983
https://stats.tennismylife.org/tournaments/venice/records/count/wins,702,venice,"Venice",A,1983
https://stats.tennismylife.org/tournaments/venice/records/count/played,702,venice,"Venice",A,1983
https://stats.tennismylife.org/tournaments/venice/records/count/entries,702,venice,"Venice",A,1983
https://stats.tennismylife.org/tournaments/venice/records/ages,702,venice,"Venice",A,1983
https://stats.tennismylife.org/tournaments/venice/records/ages/main,702,venice,"Venice",A,1983
https://stats.tennismylife.org/tournaments/venice/records/ages/titles,702,venice,"Venice",A,1983
https://stats.tennismylife.org/tournaments/venice/records/ages/oldestrounds,702,venice,"Venice",A,1983
https://stats.tennismylife.org/tournaments/venice/records/ages/youngestrounds,702,venice,"Venice",A,1983
https://stats.tennismylife.org/tournaments/venice/records/percentage,702,venice,"Venice",A,1983
https://stats.tennismylife.org/tournaments/venice/records/percentage/wins,702,venice,"Venice",A,1983
https://stats.tennismylife.org/tournaments/venice/records/percentage/rounds,702,venice,"Venice",A,1983
https://stats.tennismylife.org/tournaments/venice/records/streak,702,venice,"Venice",A,1983
https://stats.tennismylife.org/tournaments/venice/records/timespan,702,venice,"Venice",A,1983
https://stats.tennismylife.org/tournaments/venice/records/rounds,702,venice,"Venice",A,1983
https://stats.tennismylife.org/tournaments/venice/records/least,702,venice,"Venice",A,1983
https://stats.tennismylife.org/tournaments/venice/records/roundsonentries,702,venice,"Venice",A,1983
https://stats.tennismylife.org/tournaments/vienna-1/records,208,vienna-1,"Vienna-1",A,1980
https://stats.tennismylife.org/tournaments/vienna-1/records/count,208,vienna-1,"Vienna-1",A,1980
https://stats.tennismylife.org/tournaments/vienna-1/records/count/titles,208,vienna-1,"Vienna-1",A,1980
https://stats.tennismylife.org/tournaments/vienna-1/records/count/wins,208,vienna-1,"Vienna-1",A,1980
https://stats.tennismylife.org/tournaments/vienna-1/records/count/played,208,vienna-1,"Vienna-1",A,1980
https://stats.tennismylife.org/tournaments/vienna-1/records/count/entries,208,vienna-1,"Vienna-1",A,1980
https://stats.tennismylife.org/tournaments/vienna-1/records/ages,208,vienna-1,"Vienna-1",A,1980
https://stats.tennismylife.org/tournaments/vienna-1/records/ages/main,208,vienna-1,"Vienna-1",A,1980
https://stats.tennismylife.org/tournaments/vienna-1/records/ages/titles,208,vienna-1,"Vienna-1",A,1980
https://stats.tennismylife.org/tournaments/vienna-1/records/ages/oldestrounds,208,vienna-1,"Vienna-1",A,1980
https://stats.tennismylife.org/tournaments/vienna-1/records/ages/youngestrounds,208,vienna-1,"Vienna-1",A,1980
https://stats.tennismylife.org/tournaments/vienna-1/records/percentage,208,vienna-1,"Vienna-1",A,1980
https://stats.tennismylife.org/tournaments/vienna-1/records/percentage/wins,208,vienna-1,"Vienna-1",A,1980
https://stats.tennismylife.org/tournaments/vienna-1/records/percentage/rounds,208,vienna-1,"Vienna-1",A,1980
https://stats.tennismylife.org/tournaments/vienna-1/records/streak,208,vienna-1,"Vienna-1",A,1980
https://stats.tennismylife.org/tournaments/vienna-1/records/timespan,208,vienna-1,"Vienna-1",A,1980
https://stats.tennismylife.org/tournaments/vienna-1/records/rounds,208,vienna-1,"Vienna-1",A,1980
https://stats.tennismylife.org/tournaments/vienna-1/records/least,208,vienna-1,"Vienna-1",A,1980
https://stats.tennismylife.org/tournaments/vienna-1/records/roundsonentries,208,vienna-1,"Vienna-1",A,1980
https://stats.tennismylife.org/tournaments/vienna-2/records,9330,vienna-2,"Vienna",A,1969
https://stats.tennismylife.org/tournaments/vienna-2/records/count,9330,vienna-2,"Vienna",A,1969
https://stats.tennismylife.org/tournaments/vienna-2/records/count/titles,9330,vienna-2,"Vienna",A,1969
https://stats.tennismylife.org/tournaments/vienna-2/records/count/wins,9330,vienna-2,"Vienna",A,1969
https://stats.tennismylife.org/tournaments/vienna-2/records/count/played,9330,vienna-2,"Vienna",A,1969
https://stats.tennismylife.org/tournaments/vienna-2/records/count/entries,9330,vienna-2,"Vienna",A,1969
https://stats.tennismylife.org/tournaments/vienna-2/records/ages,9330,vienna-2,"Vienna",A,1969
https://stats.tennismylife.org/tournaments/vienna-2/records/ages/main,9330,vienna-2,"Vienna",A,1969
https://stats.tennismylife.org/tournaments/vienna-2/records/ages/titles,9330,vienna-2,"Vienna",A,1969
https://stats.tennismylife.org/tournaments/vienna-2/records/ages/oldestrounds,9330,vienna-2,"Vienna",A,1969
https://stats.tennismylife.org/tournaments/vienna-2/records/ages/youngestrounds,9330,vienna-2,"Vienna",A,1969
https://stats.tennismylife.org/tournaments/vienna-2/records/percentage,9330,vienna-2,"Vienna",A,1969
https://stats.tennismylife.org/tournaments/vienna-2/records/percentage/wins,9330,vienna-2,"Vienna",A,1969
https://stats.tennismylife.org/tournaments/vienna-2/records/percentage/rounds,9330,vienna-2,"Vienna",A,1969
https://stats.tennismylife.org/tournaments/vienna-2/records/streak,9330,vienna-2,"Vienna",A,1969
https://stats.tennismylife.org/tournaments/vienna-2/records/timespan,9330,vienna-2,"Vienna",A,1969
https://stats.tennismylife.org/tournaments/vienna-2/records/rounds,9330,vienna-2,"Vienna",A,1969
https://stats.tennismylife.org/tournaments/vienna-2/records/least,9330,vienna-2,"Vienna",A,1969
https://stats.tennismylife.org/tournaments/vienna-2/records/roundsonentries,9330,vienna-2,"Vienna",A,1969
https://stats.tennismylife.org/tournaments/vina-del-mar/records,204,vina-del-mar,"Vina del Mar",A,1983
https://stats.tennismylife.org/tournaments/vina-del-mar/records/count,204,vina-del-mar,"Vina del Mar",A,1983
https://stats.tennismylife.org/tournaments/vina-del-mar/records/count/titles,204,vina-del-mar,"Vina del Mar",A,1983
https://stats.tennismylife.org/tournaments/vina-del-mar/records/count/wins,204,vina-del-mar,"Vina del Mar",A,1983
https://stats.tennismylife.org/tournaments/vina-del-mar/records/count/played,204,vina-del-mar,"Vina del Mar",A,1983
https://stats.tennismylife.org/tournaments/vina-del-mar/records/count/entries,204,vina-del-mar,"Vina del Mar",A,1983
https://stats.tennismylife.org/tournaments/vina-del-mar/records/ages,204,vina-del-mar,"Vina del Mar",A,1983
https://stats.tennismylife.org/tournaments/vina-del-mar/records/ages/main,204,vina-del-mar,"Vina del Mar",A,1983
https://stats.tennismylife.org/tournaments/vina-del-mar/records/ages/titles,204,vina-del-mar,"Vina del Mar",A,1983
https://stats.tennismylife.org/tournaments/vina-del-mar/records/ages/oldestrounds,204,vina-del-mar,"Vina del Mar",A,1983
https://stats.tennismylife.org/tournaments/vina-del-mar/records/ages/youngestrounds,204,vina-del-mar,"Vina del Mar",A,1983
https://stats.tennismylife.org/tournaments/vina-del-mar/records/percentage,204,vina-del-mar,"Vina del Mar",A,1983
https://stats.tennismylife.org/tournaments/vina-del-mar/records/percentage/wins,204,vina-del-mar,"Vina del Mar",A,1983
https://stats.tennismylife.org/tournaments/vina-del-mar/records/percentage/rounds,204,vina-del-mar,"Vina del Mar",A,1983
https://stats.tennismylife.org/tournaments/vina-del-mar/records/streak,204,vina-del-mar,"Vina del Mar",A,1983
https://stats.tennismylife.org/tournaments/vina-del-mar/records/timespan,204,vina-del-mar,"Vina del Mar",A,1983
https://stats.tennismylife.org/tournaments/vina-del-mar/records/rounds,204,vina-del-mar,"Vina del Mar",A,1983
https://stats.tennismylife.org/tournaments/vina-del-mar/records/least,204,vina-del-mar,"Vina del Mar",A,1983
https://stats.tennismylife.org/tournaments/vina-del-mar/records/roundsonentries,204,vina-del-mar,"Vina del Mar",A,1983
https://stats.tennismylife.org/tournaments/virginia-beach/records,674,virginia-beach,"Virginia Beach",A,1977
https://stats.tennismylife.org/tournaments/virginia-beach/records/count,674,virginia-beach,"Virginia Beach",A,1977
https://stats.tennismylife.org/tournaments/virginia-beach/records/count/titles,674,virginia-beach,"Virginia Beach",A,1977
https://stats.tennismylife.org/tournaments/virginia-beach/records/count/wins,674,virginia-beach,"Virginia Beach",A,1977
https://stats.tennismylife.org/tournaments/virginia-beach/records/count/played,674,virginia-beach,"Virginia Beach",A,1977
https://stats.tennismylife.org/tournaments/virginia-beach/records/count/entries,674,virginia-beach,"Virginia Beach",A,1977
https://stats.tennismylife.org/tournaments/virginia-beach/records/ages,674,virginia-beach,"Virginia Beach",A,1977
https://stats.tennismylife.org/tournaments/virginia-beach/records/ages/main,674,virginia-beach,"Virginia Beach",A,1977
https://stats.tennismylife.org/tournaments/virginia-beach/records/ages/titles,674,virginia-beach,"Virginia Beach",A,1977
https://stats.tennismylife.org/tournaments/virginia-beach/records/ages/oldestrounds,674,virginia-beach,"Virginia Beach",A,1977
https://stats.tennismylife.org/tournaments/virginia-beach/records/ages/youngestrounds,674,virginia-beach,"Virginia Beach",A,1977
https://stats.tennismylife.org/tournaments/virginia-beach/records/percentage,674,virginia-beach,"Virginia Beach",A,1977
https://stats.tennismylife.org/tournaments/virginia-beach/records/percentage/wins,674,virginia-beach,"Virginia Beach",A,1977
https://stats.tennismylife.org/tournaments/virginia-beach/records/percentage/rounds,674,virginia-beach,"Virginia Beach",A,1977
https://stats.tennismylife.org/tournaments/virginia-beach/records/streak,674,virginia-beach,"Virginia Beach",A,1977
https://stats.tennismylife.org/tournaments/virginia-beach/records/timespan,674,virginia-beach,"Virginia Beach",A,1977
https://stats.tennismylife.org/tournaments/virginia-beach/records/rounds,674,virginia-beach,"Virginia Beach",A,1977
https://stats.tennismylife.org/tournaments/virginia-beach/records/least,674,virginia-beach,"Virginia Beach",A,1977
https://stats.tennismylife.org/tournaments/virginia-beach/records/roundsonentries,674,virginia-beach,"Virginia Beach",A,1977
https://stats.tennismylife.org/tournaments/warsaw/records,475,warsaw,"Warsaw",A|250,2008
https://stats.tennismylife.org/tournaments/warsaw/records/count,475,warsaw,"Warsaw",A|250,2008
https://stats.tennismylife.org/tournaments/warsaw/records/count/titles,475,warsaw,"Warsaw",A|250,2008
https://stats.tennismylife.org/tournaments/warsaw/records/count/wins,475,warsaw,"Warsaw",A|250,2008
https://stats.tennismylife.org/tournaments/warsaw/records/count/played,475,warsaw,"Warsaw",A|250,2008
https://stats.tennismylife.org/tournaments/warsaw/records/count/entries,475,warsaw,"Warsaw",A|250,2008
https://stats.tennismylife.org/tournaments/warsaw/records/ages,475,warsaw,"Warsaw",A|250,2008
https://stats.tennismylife.org/tournaments/warsaw/records/ages/main,475,warsaw,"Warsaw",A|250,2008
https://stats.tennismylife.org/tournaments/warsaw/records/ages/titles,475,warsaw,"Warsaw",A|250,2008
https://stats.tennismylife.org/tournaments/warsaw/records/ages/oldestrounds,475,warsaw,"Warsaw",A|250,2008
https://stats.tennismylife.org/tournaments/warsaw/records/ages/youngestrounds,475,warsaw,"Warsaw",A|250,2008
https://stats.tennismylife.org/tournaments/warsaw/records/percentage,475,warsaw,"Warsaw",A|250,2008
https://stats.tennismylife.org/tournaments/warsaw/records/percentage/wins,475,warsaw,"Warsaw",A|250,2008
https://stats.tennismylife.org/tournaments/warsaw/records/percentage/rounds,475,warsaw,"Warsaw",A|250,2008
https://stats.tennismylife.org/tournaments/warsaw/records/streak,475,warsaw,"Warsaw",A|250,2008
https://stats.tennismylife.org/tournaments/warsaw/records/timespan,475,warsaw,"Warsaw",A|250,2008
https://stats.tennismylife.org/tournaments/warsaw/records/rounds,475,warsaw,"Warsaw",A|250,2008
https://stats.tennismylife.org/tournaments/warsaw/records/least,475,warsaw,"Warsaw",A|250,2008
https://stats.tennismylife.org/tournaments/warsaw/records/roundsonentries,475,warsaw,"Warsaw",A|250,2008
https://stats.tennismylife.org/tournaments/washington-1/records,9211,washington-1,"Washington-1",A,1980
https://stats.tennismylife.org/tournaments/washington-1/records/count,9211,washington-1,"Washington-1",A,1980
https://stats.tennismylife.org/tournaments/washington-1/records/count/titles,9211,washington-1,"Washington-1",A,1980
https://stats.tennismylife.org/tournaments/washington-1/records/count/wins,9211,washington-1,"Washington-1",A,1980
https://stats.tennismylife.org/tournaments/washington-1/records/count/played,9211,washington-1,"Washington-1",A,1980
https://stats.tennismylife.org/tournaments/washington-1/records/count/entries,9211,washington-1,"Washington-1",A,1980
https://stats.tennismylife.org/tournaments/washington-1/records/ages,9211,washington-1,"Washington-1",A,1980
https://stats.tennismylife.org/tournaments/washington-1/records/ages/main,9211,washington-1,"Washington-1",A,1980
https://stats.tennismylife.org/tournaments/washington-1/records/ages/titles,9211,washington-1,"Washington-1",A,1980
https://stats.tennismylife.org/tournaments/washington-1/records/ages/oldestrounds,9211,washington-1,"Washington-1",A,1980
https://stats.tennismylife.org/tournaments/washington-1/records/ages/youngestrounds,9211,washington-1,"Washington-1",A,1980
https://stats.tennismylife.org/tournaments/washington-1/records/percentage,9211,washington-1,"Washington-1",A,1980
https://stats.tennismylife.org/tournaments/washington-1/records/percentage/wins,9211,washington-1,"Washington-1",A,1980
https://stats.tennismylife.org/tournaments/washington-1/records/percentage/rounds,9211,washington-1,"Washington-1",A,1980
https://stats.tennismylife.org/tournaments/washington-1/records/streak,9211,washington-1,"Washington-1",A,1980
https://stats.tennismylife.org/tournaments/washington-1/records/timespan,9211,washington-1,"Washington-1",A,1980
https://stats.tennismylife.org/tournaments/washington-1/records/rounds,9211,washington-1,"Washington-1",A,1980
https://stats.tennismylife.org/tournaments/washington-1/records/least,9211,washington-1,"Washington-1",A,1980
https://stats.tennismylife.org/tournaments/washington-1/records/roundsonentries,9211,washington-1,"Washington-1",A,1980
https://stats.tennismylife.org/tournaments/washington-2/records,2040,washington-2,"Washington-2",A,1973
https://stats.tennismylife.org/tournaments/washington-2/records/count,2040,washington-2,"Washington-2",A,1973
https://stats.tennismylife.org/tournaments/washington-2/records/count/titles,2040,washington-2,"Washington-2",A,1973
https://stats.tennismylife.org/tournaments/washington-2/records/count/wins,2040,washington-2,"Washington-2",A,1973
https://stats.tennismylife.org/tournaments/washington-2/records/count/played,2040,washington-2,"Washington-2",A,1973
https://stats.tennismylife.org/tournaments/washington-2/records/count/entries,2040,washington-2,"Washington-2",A,1973
https://stats.tennismylife.org/tournaments/washington-2/records/ages,2040,washington-2,"Washington-2",A,1973
https://stats.tennismylife.org/tournaments/washington-2/records/ages/main,2040,washington-2,"Washington-2",A,1973
https://stats.tennismylife.org/tournaments/washington-2/records/ages/titles,2040,washington-2,"Washington-2",A,1973
https://stats.tennismylife.org/tournaments/washington-2/records/ages/oldestrounds,2040,washington-2,"Washington-2",A,1973
https://stats.tennismylife.org/tournaments/washington-2/records/ages/youngestrounds,2040,washington-2,"Washington-2",A,1973
https://stats.tennismylife.org/tournaments/washington-2/records/percentage,2040,washington-2,"Washington-2",A,1973
https://stats.tennismylife.org/tournaments/washington-2/records/percentage/wins,2040,washington-2,"Washington-2",A,1973
https://stats.tennismylife.org/tournaments/washington-2/records/percentage/rounds,2040,washington-2,"Washington-2",A,1973
https://stats.tennismylife.org/tournaments/washington-2/records/streak,2040,washington-2,"Washington-2",A,1973
https://stats.tennismylife.org/tournaments/washington-2/records/timespan,2040,washington-2,"Washington-2",A,1973
https://stats.tennismylife.org/tournaments/washington-2/records/rounds,2040,washington-2,"Washington-2",A,1973
https://stats.tennismylife.org/tournaments/washington-2/records/least,2040,washington-2,"Washington-2",A,1973
https://stats.tennismylife.org/tournaments/washington-2/records/roundsonentries,2040,washington-2,"Washington-2",A,1973
https://stats.tennismylife.org/tournaments/wct-aetna-world-cup/records,9205,wct-aetna-world-cup,"WCT Aetna World Cup",A,1979
https://stats.tennismylife.org/tournaments/wct-aetna-world-cup/records/count,9205,wct-aetna-world-cup,"WCT Aetna World Cup",A,1979
https://stats.tennismylife.org/tournaments/wct-aetna-world-cup/records/count/titles,9205,wct-aetna-world-cup,"WCT Aetna World Cup",A,1979
https://stats.tennismylife.org/tournaments/wct-aetna-world-cup/records/count/wins,9205,wct-aetna-world-cup,"WCT Aetna World Cup",A,1979
https://stats.tennismylife.org/tournaments/wct-aetna-world-cup/records/count/played,9205,wct-aetna-world-cup,"WCT Aetna World Cup",A,1979
https://stats.tennismylife.org/tournaments/wct-aetna-world-cup/records/count/entries,9205,wct-aetna-world-cup,"WCT Aetna World Cup",A,1979
https://stats.tennismylife.org/tournaments/wct-aetna-world-cup/records/ages,9205,wct-aetna-world-cup,"WCT Aetna World Cup",A,1979
https://stats.tennismylife.org/tournaments/wct-aetna-world-cup/records/ages/main,9205,wct-aetna-world-cup,"WCT Aetna World Cup",A,1979
https://stats.tennismylife.org/tournaments/wct-aetna-world-cup/records/ages/titles,9205,wct-aetna-world-cup,"WCT Aetna World Cup",A,1979
https://stats.tennismylife.org/tournaments/wct-aetna-world-cup/records/ages/oldestrounds,9205,wct-aetna-world-cup,"WCT Aetna World Cup",A,1979
https://stats.tennismylife.org/tournaments/wct-aetna-world-cup/records/ages/youngestrounds,9205,wct-aetna-world-cup,"WCT Aetna World Cup",A,1979
https://stats.tennismylife.org/tournaments/wct-aetna-world-cup/records/percentage,9205,wct-aetna-world-cup,"WCT Aetna World Cup",A,1979
https://stats.tennismylife.org/tournaments/wct-aetna-world-cup/records/percentage/wins,9205,wct-aetna-world-cup,"WCT Aetna World Cup",A,1979
https://stats.tennismylife.org/tournaments/wct-aetna-world-cup/records/percentage/rounds,9205,wct-aetna-world-cup,"WCT Aetna World Cup",A,1979
https://stats.tennismylife.org/tournaments/wct-aetna-world-cup/records/streak,9205,wct-aetna-world-cup,"WCT Aetna World Cup",A,1979
https://stats.tennismylife.org/tournaments/wct-aetna-world-cup/records/timespan,9205,wct-aetna-world-cup,"WCT Aetna World Cup",A,1979
https://stats.tennismylife.org/tournaments/wct-aetna-world-cup/records/rounds,9205,wct-aetna-world-cup,"WCT Aetna World Cup",A,1979
https://stats.tennismylife.org/tournaments/wct-aetna-world-cup/records/least,9205,wct-aetna-world-cup,"WCT Aetna World Cup",A,1979
https://stats.tennismylife.org/tournaments/wct-aetna-world-cup/records/roundsonentries,9205,wct-aetna-world-cup,"WCT Aetna World Cup",A,1979
https://stats.tennismylife.org/tournaments/wct-challenge-cup/records,3933,wct-challenge-cup,"WCT Challenge Cup",A,1977
https://stats.tennismylife.org/tournaments/wct-challenge-cup/records/count,3933,wct-challenge-cup,"WCT Challenge Cup",A,1977
https://stats.tennismylife.org/tournaments/wct-challenge-cup/records/count/titles,3933,wct-challenge-cup,"WCT Challenge Cup",A,1977
https://stats.tennismylife.org/tournaments/wct-challenge-cup/records/count/wins,3933,wct-challenge-cup,"WCT Challenge Cup",A,1977
https://stats.tennismylife.org/tournaments/wct-challenge-cup/records/count/played,3933,wct-challenge-cup,"WCT Challenge Cup",A,1977
https://stats.tennismylife.org/tournaments/wct-challenge-cup/records/count/entries,3933,wct-challenge-cup,"WCT Challenge Cup",A,1977
https://stats.tennismylife.org/tournaments/wct-challenge-cup/records/ages,3933,wct-challenge-cup,"WCT Challenge Cup",A,1977
https://stats.tennismylife.org/tournaments/wct-challenge-cup/records/ages/main,3933,wct-challenge-cup,"WCT Challenge Cup",A,1977
https://stats.tennismylife.org/tournaments/wct-challenge-cup/records/ages/titles,3933,wct-challenge-cup,"WCT Challenge Cup",A,1977
https://stats.tennismylife.org/tournaments/wct-challenge-cup/records/ages/oldestrounds,3933,wct-challenge-cup,"WCT Challenge Cup",A,1977
https://stats.tennismylife.org/tournaments/wct-challenge-cup/records/ages/youngestrounds,3933,wct-challenge-cup,"WCT Challenge Cup",A,1977
https://stats.tennismylife.org/tournaments/wct-challenge-cup/records/percentage,3933,wct-challenge-cup,"WCT Challenge Cup",A,1977
https://stats.tennismylife.org/tournaments/wct-challenge-cup/records/percentage/wins,3933,wct-challenge-cup,"WCT Challenge Cup",A,1977
https://stats.tennismylife.org/tournaments/wct-challenge-cup/records/percentage/rounds,3933,wct-challenge-cup,"WCT Challenge Cup",A,1977
https://stats.tennismylife.org/tournaments/wct-challenge-cup/records/streak,3933,wct-challenge-cup,"WCT Challenge Cup",A,1977
https://stats.tennismylife.org/tournaments/wct-challenge-cup/records/timespan,3933,wct-challenge-cup,"WCT Challenge Cup",A,1977
https://stats.tennismylife.org/tournaments/wct-challenge-cup/records/rounds,3933,wct-challenge-cup,"WCT Challenge Cup",A,1977
https://stats.tennismylife.org/tournaments/wct-challenge-cup/records/least,3933,wct-challenge-cup,"WCT Challenge Cup",A,1977
https://stats.tennismylife.org/tournaments/wct-challenge-cup/records/roundsonentries,3933,wct-challenge-cup,"WCT Challenge Cup",A,1977
https://stats.tennismylife.org/tournaments/wct-challenge-cup-2/records,3934,wct-challenge-cup-2,"WCT Challenge Cup",A,1980
https://stats.tennismylife.org/tournaments/wct-challenge-cup-2/records/count,3934,wct-challenge-cup-2,"WCT Challenge Cup",A,1980
https://stats.tennismylife.org/tournaments/wct-challenge-cup-2/records/count/titles,3934,wct-challenge-cup-2,"WCT Challenge Cup",A,1980
https://stats.tennismylife.org/tournaments/wct-challenge-cup-2/records/count/wins,3934,wct-challenge-cup-2,"WCT Challenge Cup",A,1980
https://stats.tennismylife.org/tournaments/wct-challenge-cup-2/records/count/played,3934,wct-challenge-cup-2,"WCT Challenge Cup",A,1980
https://stats.tennismylife.org/tournaments/wct-challenge-cup-2/records/count/entries,3934,wct-challenge-cup-2,"WCT Challenge Cup",A,1980
https://stats.tennismylife.org/tournaments/wct-challenge-cup-2/records/ages,3934,wct-challenge-cup-2,"WCT Challenge Cup",A,1980
https://stats.tennismylife.org/tournaments/wct-challenge-cup-2/records/ages/main,3934,wct-challenge-cup-2,"WCT Challenge Cup",A,1980
https://stats.tennismylife.org/tournaments/wct-challenge-cup-2/records/ages/titles,3934,wct-challenge-cup-2,"WCT Challenge Cup",A,1980
https://stats.tennismylife.org/tournaments/wct-challenge-cup-2/records/ages/oldestrounds,3934,wct-challenge-cup-2,"WCT Challenge Cup",A,1980
https://stats.tennismylife.org/tournaments/wct-challenge-cup-2/records/ages/youngestrounds,3934,wct-challenge-cup-2,"WCT Challenge Cup",A,1980
https://stats.tennismylife.org/tournaments/wct-challenge-cup-2/records/percentage,3934,wct-challenge-cup-2,"WCT Challenge Cup",A,1980
https://stats.tennismylife.org/tournaments/wct-challenge-cup-2/records/percentage/wins,3934,wct-challenge-cup-2,"WCT Challenge Cup",A,1980
https://stats.tennismylife.org/tournaments/wct-challenge-cup-2/records/percentage/rounds,3934,wct-challenge-cup-2,"WCT Challenge Cup",A,1980
https://stats.tennismylife.org/tournaments/wct-challenge-cup-2/records/streak,3934,wct-challenge-cup-2,"WCT Challenge Cup",A,1980
https://stats.tennismylife.org/tournaments/wct-challenge-cup-2/records/timespan,3934,wct-challenge-cup-2,"WCT Challenge Cup",A,1980
https://stats.tennismylife.org/tournaments/wct-challenge-cup-2/records/rounds,3934,wct-challenge-cup-2,"WCT Challenge Cup",A,1980
https://stats.tennismylife.org/tournaments/wct-challenge-cup-2/records/least,3934,wct-challenge-cup-2,"WCT Challenge Cup",A,1980
https://stats.tennismylife.org/tournaments/wct-challenge-cup-2/records/roundsonentries,3934,wct-challenge-cup-2,"WCT Challenge Cup",A,1980
https://stats.tennismylife.org/tournaments/wct-challenge-cup-3/records,3935,wct-challenge-cup-3,"WCT Challenge Cup",A,1976
https://stats.tennismylife.org/tournaments/wct-challenge-cup-3/records/count,3935,wct-challenge-cup-3,"WCT Challenge Cup",A,1976
https://stats.tennismylife.org/tournaments/wct-challenge-cup-3/records/count/titles,3935,wct-challenge-cup-3,"WCT Challenge Cup",A,1976
https://stats.tennismylife.org/tournaments/wct-challenge-cup-3/records/count/wins,3935,wct-challenge-cup-3,"WCT Challenge Cup",A,1976
https://stats.tennismylife.org/tournaments/wct-challenge-cup-3/records/count/played,3935,wct-challenge-cup-3,"WCT Challenge Cup",A,1976
https://stats.tennismylife.org/tournaments/wct-challenge-cup-3/records/count/entries,3935,wct-challenge-cup-3,"WCT Challenge Cup",A,1976
https://stats.tennismylife.org/tournaments/wct-challenge-cup-3/records/ages,3935,wct-challenge-cup-3,"WCT Challenge Cup",A,1976
https://stats.tennismylife.org/tournaments/wct-challenge-cup-3/records/ages/main,3935,wct-challenge-cup-3,"WCT Challenge Cup",A,1976
https://stats.tennismylife.org/tournaments/wct-challenge-cup-3/records/ages/titles,3935,wct-challenge-cup-3,"WCT Challenge Cup",A,1976
https://stats.tennismylife.org/tournaments/wct-challenge-cup-3/records/ages/oldestrounds,3935,wct-challenge-cup-3,"WCT Challenge Cup",A,1976
https://stats.tennismylife.org/tournaments/wct-challenge-cup-3/records/ages/youngestrounds,3935,wct-challenge-cup-3,"WCT Challenge Cup",A,1976
https://stats.tennismylife.org/tournaments/wct-challenge-cup-3/records/percentage,3935,wct-challenge-cup-3,"WCT Challenge Cup",A,1976
https://stats.tennismylife.org/tournaments/wct-challenge-cup-3/records/percentage/wins,3935,wct-challenge-cup-3,"WCT Challenge Cup",A,1976
https://stats.tennismylife.org/tournaments/wct-challenge-cup-3/records/percentage/rounds,3935,wct-challenge-cup-3,"WCT Challenge Cup",A,1976
https://stats.tennismylife.org/tournaments/wct-challenge-cup-3/records/streak,3935,wct-challenge-cup-3,"WCT Challenge Cup",A,1976
https://stats.tennismylife.org/tournaments/wct-challenge-cup-3/records/timespan,3935,wct-challenge-cup-3,"WCT Challenge Cup",A,1976
https://stats.tennismylife.org/tournaments/wct-challenge-cup-3/records/rounds,3935,wct-challenge-cup-3,"WCT Challenge Cup",A,1976
https://stats.tennismylife.org/tournaments/wct-challenge-cup-3/records/least,3935,wct-challenge-cup-3,"WCT Challenge Cup",A,1976
https://stats.tennismylife.org/tournaments/wct-challenge-cup-3/records/roundsonentries,3935,wct-challenge-cup-3,"WCT Challenge Cup",A,1976
https://stats.tennismylife.org/tournaments/wct-finals/records,610,wct-finals,"WCT Finals",A,1989
https://stats.tennismylife.org/tournaments/wct-finals/records/count,610,wct-finals,"WCT Finals",A,1989
https://stats.tennismylife.org/tournaments/wct-finals/records/count/titles,610,wct-finals,"WCT Finals",A,1989
https://stats.tennismylife.org/tournaments/wct-finals/records/count/wins,610,wct-finals,"WCT Finals",A,1989
https://stats.tennismylife.org/tournaments/wct-finals/records/count/played,610,wct-finals,"WCT Finals",A,1989
https://stats.tennismylife.org/tournaments/wct-finals/records/count/entries,610,wct-finals,"WCT Finals",A,1989
https://stats.tennismylife.org/tournaments/wct-finals/records/ages,610,wct-finals,"WCT Finals",A,1989
https://stats.tennismylife.org/tournaments/wct-finals/records/ages/main,610,wct-finals,"WCT Finals",A,1989
https://stats.tennismylife.org/tournaments/wct-finals/records/ages/titles,610,wct-finals,"WCT Finals",A,1989
https://stats.tennismylife.org/tournaments/wct-finals/records/ages/oldestrounds,610,wct-finals,"WCT Finals",A,1989
https://stats.tennismylife.org/tournaments/wct-finals/records/ages/youngestrounds,610,wct-finals,"WCT Finals",A,1989
https://stats.tennismylife.org/tournaments/wct-finals/records/percentage,610,wct-finals,"WCT Finals",A,1989
https://stats.tennismylife.org/tournaments/wct-finals/records/percentage/wins,610,wct-finals,"WCT Finals",A,1989
https://stats.tennismylife.org/tournaments/wct-finals/records/percentage/rounds,610,wct-finals,"WCT Finals",A,1989
https://stats.tennismylife.org/tournaments/wct-finals/records/streak,610,wct-finals,"WCT Finals",A,1989
https://stats.tennismylife.org/tournaments/wct-finals/records/timespan,610,wct-finals,"WCT Finals",A,1989
https://stats.tennismylife.org/tournaments/wct-finals/records/rounds,610,wct-finals,"WCT Finals",A,1989
https://stats.tennismylife.org/tournaments/wct-finals/records/least,610,wct-finals,"WCT Finals",A,1989
https://stats.tennismylife.org/tournaments/wct-finals/records/roundsonentries,610,wct-finals,"WCT Finals",A,1989
https://stats.tennismylife.org/tournaments/wct-tournament-of-champions/records,2059,wct-tournament-of-champions,"WCT Tournament of Champions",A,1977
https://stats.tennismylife.org/tournaments/wct-tournament-of-champions/records/count,2059,wct-tournament-of-champions,"WCT Tournament of Champions",A,1977
https://stats.tennismylife.org/tournaments/wct-tournament-of-champions/records/count/titles,2059,wct-tournament-of-champions,"WCT Tournament of Champions",A,1977
https://stats.tennismylife.org/tournaments/wct-tournament-of-champions/records/count/wins,2059,wct-tournament-of-champions,"WCT Tournament of Champions",A,1977
https://stats.tennismylife.org/tournaments/wct-tournament-of-champions/records/count/played,2059,wct-tournament-of-champions,"WCT Tournament of Champions",A,1977
https://stats.tennismylife.org/tournaments/wct-tournament-of-champions/records/count/entries,2059,wct-tournament-of-champions,"WCT Tournament of Champions",A,1977
https://stats.tennismylife.org/tournaments/wct-tournament-of-champions/records/ages,2059,wct-tournament-of-champions,"WCT Tournament of Champions",A,1977
https://stats.tennismylife.org/tournaments/wct-tournament-of-champions/records/ages/main,2059,wct-tournament-of-champions,"WCT Tournament of Champions",A,1977
https://stats.tennismylife.org/tournaments/wct-tournament-of-champions/records/ages/titles,2059,wct-tournament-of-champions,"WCT Tournament of Champions",A,1977
https://stats.tennismylife.org/tournaments/wct-tournament-of-champions/records/ages/oldestrounds,2059,wct-tournament-of-champions,"WCT Tournament of Champions",A,1977
https://stats.tennismylife.org/tournaments/wct-tournament-of-champions/records/ages/youngestrounds,2059,wct-tournament-of-champions,"WCT Tournament of Champions",A,1977
https://stats.tennismylife.org/tournaments/wct-tournament-of-champions/records/percentage,2059,wct-tournament-of-champions,"WCT Tournament of Champions",A,1977
https://stats.tennismylife.org/tournaments/wct-tournament-of-champions/records/percentage/wins,2059,wct-tournament-of-champions,"WCT Tournament of Champions",A,1977
https://stats.tennismylife.org/tournaments/wct-tournament-of-champions/records/percentage/rounds,2059,wct-tournament-of-champions,"WCT Tournament of Champions",A,1977
https://stats.tennismylife.org/tournaments/wct-tournament-of-champions/records/streak,2059,wct-tournament-of-champions,"WCT Tournament of Champions",A,1977
https://stats.tennismylife.org/tournaments/wct-tournament-of-champions/records/timespan,2059,wct-tournament-of-champions,"WCT Tournament of Champions",A,1977
https://stats.tennismylife.org/tournaments/wct-tournament-of-champions/records/rounds,2059,wct-tournament-of-champions,"WCT Tournament of Champions",A,1977
https://stats.tennismylife.org/tournaments/wct-tournament-of-champions/records/least,2059,wct-tournament-of-champions,"WCT Tournament of Champions",A,1977
https://stats.tennismylife.org/tournaments/wct-tournament-of-champions/records/roundsonentries,2059,wct-tournament-of-champions,"WCT Tournament of Champions",A,1977
https://stats.tennismylife.org/tournaments/wct-world-cup/records,9296,wct-world-cup,"WCT World Cup",A,1968
https://stats.tennismylife.org/tournaments/wct-world-cup/records/count,9296,wct-world-cup,"WCT World Cup",A,1968
https://stats.tennismylife.org/tournaments/wct-world-cup/records/count/titles,9296,wct-world-cup,"WCT World Cup",A,1968
https://stats.tennismylife.org/tournaments/wct-world-cup/records/count/wins,9296,wct-world-cup,"WCT World Cup",A,1968
https://stats.tennismylife.org/tournaments/wct-world-cup/records/count/played,9296,wct-world-cup,"WCT World Cup",A,1968
https://stats.tennismylife.org/tournaments/wct-world-cup/records/count/entries,9296,wct-world-cup,"WCT World Cup",A,1968
https://stats.tennismylife.org/tournaments/wct-world-cup/records/ages,9296,wct-world-cup,"WCT World Cup",A,1968
https://stats.tennismylife.org/tournaments/wct-world-cup/records/ages/main,9296,wct-world-cup,"WCT World Cup",A,1968
https://stats.tennismylife.org/tournaments/wct-world-cup/records/ages/titles,9296,wct-world-cup,"WCT World Cup",A,1968
https://stats.tennismylife.org/tournaments/wct-world-cup/records/ages/oldestrounds,9296,wct-world-cup,"WCT World Cup",A,1968
https://stats.tennismylife.org/tournaments/wct-world-cup/records/ages/youngestrounds,9296,wct-world-cup,"WCT World Cup",A,1968
https://stats.tennismylife.org/tournaments/wct-world-cup/records/percentage,9296,wct-world-cup,"WCT World Cup",A,1968
https://stats.tennismylife.org/tournaments/wct-world-cup/records/percentage/wins,9296,wct-world-cup,"WCT World Cup",A,1968
https://stats.tennismylife.org/tournaments/wct-world-cup/records/percentage/rounds,9296,wct-world-cup,"WCT World Cup",A,1968
https://stats.tennismylife.org/tournaments/wct-world-cup/records/streak,9296,wct-world-cup,"WCT World Cup",A,1968
https://stats.tennismylife.org/tournaments/wct-world-cup/records/timespan,9296,wct-world-cup,"WCT World Cup",A,1968
https://stats.tennismylife.org/tournaments/wct-world-cup/records/rounds,9296,wct-world-cup,"WCT World Cup",A,1968
https://stats.tennismylife.org/tournaments/wct-world-cup/records/least,9296,wct-world-cup,"WCT World Cup",A,1968
https://stats.tennismylife.org/tournaments/wct-world-cup/records/roundsonentries,9296,wct-world-cup,"WCT World Cup",A,1968
https://stats.tennismylife.org/tournaments/wellington/records,354,wellington,"Wellington",A|250,1991
https://stats.tennismylife.org/tournaments/wellington/records/count,354,wellington,"Wellington",A|250,1991
https://stats.tennismylife.org/tournaments/wellington/records/count/titles,354,wellington,"Wellington",A|250,1991
https://stats.tennismylife.org/tournaments/wellington/records/count/wins,354,wellington,"Wellington",A|250,1991
https://stats.tennismylife.org/tournaments/wellington/records/count/played,354,wellington,"Wellington",A|250,1991
https://stats.tennismylife.org/tournaments/wellington/records/count/entries,354,wellington,"Wellington",A|250,1991
https://stats.tennismylife.org/tournaments/wellington/records/ages,354,wellington,"Wellington",A|250,1991
https://stats.tennismylife.org/tournaments/wellington/records/ages/main,354,wellington,"Wellington",A|250,1991
https://stats.tennismylife.org/tournaments/wellington/records/ages/titles,354,wellington,"Wellington",A|250,1991
https://stats.tennismylife.org/tournaments/wellington/records/ages/oldestrounds,354,wellington,"Wellington",A|250,1991
https://stats.tennismylife.org/tournaments/wellington/records/ages/youngestrounds,354,wellington,"Wellington",A|250,1991
https://stats.tennismylife.org/tournaments/wellington/records/percentage,354,wellington,"Wellington",A|250,1991
https://stats.tennismylife.org/tournaments/wellington/records/percentage/wins,354,wellington,"Wellington",A|250,1991
https://stats.tennismylife.org/tournaments/wellington/records/percentage/rounds,354,wellington,"Wellington",A|250,1991
https://stats.tennismylife.org/tournaments/wellington/records/streak,354,wellington,"Wellington",A|250,1991
https://stats.tennismylife.org/tournaments/wellington/records/timespan,354,wellington,"Wellington",A|250,1991
https://stats.tennismylife.org/tournaments/wellington/records/rounds,354,wellington,"Wellington",A|250,1991
https://stats.tennismylife.org/tournaments/wellington/records/least,354,wellington,"Wellington",A|250,1991
https://stats.tennismylife.org/tournaments/wellington/records/roundsonentries,354,wellington,"Wellington",A|250,1991
https://stats.tennismylife.org/tournaments/wembley-ntl-1/records,9311,wembley-ntl-1,"Wembley NTL-1",A,1968
https://stats.tennismylife.org/tournaments/wembley-ntl-1/records/count,9311,wembley-ntl-1,"Wembley NTL-1",A,1968
https://stats.tennismylife.org/tournaments/wembley-ntl-1/records/count/titles,9311,wembley-ntl-1,"Wembley NTL-1",A,1968
https://stats.tennismylife.org/tournaments/wembley-ntl-1/records/count/wins,9311,wembley-ntl-1,"Wembley NTL-1",A,1968
https://stats.tennismylife.org/tournaments/wembley-ntl-1/records/count/played,9311,wembley-ntl-1,"Wembley NTL-1",A,1968
https://stats.tennismylife.org/tournaments/wembley-ntl-1/records/count/entries,9311,wembley-ntl-1,"Wembley NTL-1",A,1968
https://stats.tennismylife.org/tournaments/wembley-ntl-1/records/ages,9311,wembley-ntl-1,"Wembley NTL-1",A,1968
https://stats.tennismylife.org/tournaments/wembley-ntl-1/records/ages/main,9311,wembley-ntl-1,"Wembley NTL-1",A,1968
https://stats.tennismylife.org/tournaments/wembley-ntl-1/records/ages/titles,9311,wembley-ntl-1,"Wembley NTL-1",A,1968
https://stats.tennismylife.org/tournaments/wembley-ntl-1/records/ages/oldestrounds,9311,wembley-ntl-1,"Wembley NTL-1",A,1968
https://stats.tennismylife.org/tournaments/wembley-ntl-1/records/ages/youngestrounds,9311,wembley-ntl-1,"Wembley NTL-1",A,1968
https://stats.tennismylife.org/tournaments/wembley-ntl-1/records/percentage,9311,wembley-ntl-1,"Wembley NTL-1",A,1968
https://stats.tennismylife.org/tournaments/wembley-ntl-1/records/percentage/wins,9311,wembley-ntl-1,"Wembley NTL-1",A,1968
https://stats.tennismylife.org/tournaments/wembley-ntl-1/records/percentage/rounds,9311,wembley-ntl-1,"Wembley NTL-1",A,1968
https://stats.tennismylife.org/tournaments/wembley-ntl-1/records/streak,9311,wembley-ntl-1,"Wembley NTL-1",A,1968
https://stats.tennismylife.org/tournaments/wembley-ntl-1/records/timespan,9311,wembley-ntl-1,"Wembley NTL-1",A,1968
https://stats.tennismylife.org/tournaments/wembley-ntl-1/records/rounds,9311,wembley-ntl-1,"Wembley NTL-1",A,1968
https://stats.tennismylife.org/tournaments/wembley-ntl-1/records/least,9311,wembley-ntl-1,"Wembley NTL-1",A,1968
https://stats.tennismylife.org/tournaments/wembley-ntl-1/records/roundsonentries,9311,wembley-ntl-1,"Wembley NTL-1",A,1968
https://stats.tennismylife.org/tournaments/wembley-ntl-2/records,9313,wembley-ntl-2,"Wembley NTL-2",A,1968
https://stats.tennismylife.org/tournaments/wembley-ntl-2/records/count,9313,wembley-ntl-2,"Wembley NTL-2",A,1968
https://stats.tennismylife.org/tournaments/wembley-ntl-2/records/count/titles,9313,wembley-ntl-2,"Wembley NTL-2",A,1968
https://stats.tennismylife.org/tournaments/wembley-ntl-2/records/count/wins,9313,wembley-ntl-2,"Wembley NTL-2",A,1968
https://stats.tennismylife.org/tournaments/wembley-ntl-2/records/count/played,9313,wembley-ntl-2,"Wembley NTL-2",A,1968
https://stats.tennismylife.org/tournaments/wembley-ntl-2/records/count/entries,9313,wembley-ntl-2,"Wembley NTL-2",A,1968
https://stats.tennismylife.org/tournaments/wembley-ntl-2/records/ages,9313,wembley-ntl-2,"Wembley NTL-2",A,1968
https://stats.tennismylife.org/tournaments/wembley-ntl-2/records/ages/main,9313,wembley-ntl-2,"Wembley NTL-2",A,1968
https://stats.tennismylife.org/tournaments/wembley-ntl-2/records/ages/titles,9313,wembley-ntl-2,"Wembley NTL-2",A,1968
https://stats.tennismylife.org/tournaments/wembley-ntl-2/records/ages/oldestrounds,9313,wembley-ntl-2,"Wembley NTL-2",A,1968
https://stats.tennismylife.org/tournaments/wembley-ntl-2/records/ages/youngestrounds,9313,wembley-ntl-2,"Wembley NTL-2",A,1968
https://stats.tennismylife.org/tournaments/wembley-ntl-2/records/percentage,9313,wembley-ntl-2,"Wembley NTL-2",A,1968
https://stats.tennismylife.org/tournaments/wembley-ntl-2/records/percentage/wins,9313,wembley-ntl-2,"Wembley NTL-2",A,1968
https://stats.tennismylife.org/tournaments/wembley-ntl-2/records/percentage/rounds,9313,wembley-ntl-2,"Wembley NTL-2",A,1968
https://stats.tennismylife.org/tournaments/wembley-ntl-2/records/streak,9313,wembley-ntl-2,"Wembley NTL-2",A,1968
https://stats.tennismylife.org/tournaments/wembley-ntl-2/records/timespan,9313,wembley-ntl-2,"Wembley NTL-2",A,1968
https://stats.tennismylife.org/tournaments/wembley-ntl-2/records/rounds,9313,wembley-ntl-2,"Wembley NTL-2",A,1968
https://stats.tennismylife.org/tournaments/wembley-ntl-2/records/least,9313,wembley-ntl-2,"Wembley NTL-2",A,1968
https://stats.tennismylife.org/tournaments/wembley-ntl-2/records/roundsonentries,9313,wembley-ntl-2,"Wembley NTL-2",A,1968
https://stats.tennismylife.org/tournaments/world-invitational-tennis-classic/records,9340,world-invitational-tennis-classic,"World Invitational Tennis Classic",A,1977
https://stats.tennismylife.org/tournaments/world-invitational-tennis-classic/records/count,9340,world-invitational-tennis-classic,"World Invitational Tennis Classic",A,1977
https://stats.tennismylife.org/tournaments/world-invitational-tennis-classic/records/count/titles,9340,world-invitational-tennis-classic,"World Invitational Tennis Classic",A,1977
https://stats.tennismylife.org/tournaments/world-invitational-tennis-classic/records/count/wins,9340,world-invitational-tennis-classic,"World Invitational Tennis Classic",A,1977
https://stats.tennismylife.org/tournaments/world-invitational-tennis-classic/records/count/played,9340,world-invitational-tennis-classic,"World Invitational Tennis Classic",A,1977
https://stats.tennismylife.org/tournaments/world-invitational-tennis-classic/records/count/entries,9340,world-invitational-tennis-classic,"World Invitational Tennis Classic",A,1977
https://stats.tennismylife.org/tournaments/world-invitational-tennis-classic/records/ages,9340,world-invitational-tennis-classic,"World Invitational Tennis Classic",A,1977
https://stats.tennismylife.org/tournaments/world-invitational-tennis-classic/records/ages/main,9340,world-invitational-tennis-classic,"World Invitational Tennis Classic",A,1977
https://stats.tennismylife.org/tournaments/world-invitational-tennis-classic/records/ages/titles,9340,world-invitational-tennis-classic,"World Invitational Tennis Classic",A,1977
https://stats.tennismylife.org/tournaments/world-invitational-tennis-classic/records/ages/oldestrounds,9340,world-invitational-tennis-classic,"World Invitational Tennis Classic",A,1977
https://stats.tennismylife.org/tournaments/world-invitational-tennis-classic/records/ages/youngestrounds,9340,world-invitational-tennis-classic,"World Invitational Tennis Classic",A,1977
https://stats.tennismylife.org/tournaments/world-invitational-tennis-classic/records/percentage,9340,world-invitational-tennis-classic,"World Invitational Tennis Classic",A,1977
https://stats.tennismylife.org/tournaments/world-invitational-tennis-classic/records/percentage/wins,9340,world-invitational-tennis-classic,"World Invitational Tennis Classic",A,1977
https://stats.tennismylife.org/tournaments/world-invitational-tennis-classic/records/percentage/rounds,9340,world-invitational-tennis-classic,"World Invitational Tennis Classic",A,1977
https://stats.tennismylife.org/tournaments/world-invitational-tennis-classic/records/streak,9340,world-invitational-tennis-classic,"World Invitational Tennis Classic",A,1977
https://stats.tennismylife.org/tournaments/world-invitational-tennis-classic/records/timespan,9340,world-invitational-tennis-classic,"World Invitational Tennis Classic",A,1977
https://stats.tennismylife.org/tournaments/world-invitational-tennis-classic/records/rounds,9340,world-invitational-tennis-classic,"World Invitational Tennis Classic",A,1977
https://stats.tennismylife.org/tournaments/world-invitational-tennis-classic/records/least,9340,world-invitational-tennis-classic,"World Invitational Tennis Classic",A,1977
https://stats.tennismylife.org/tournaments/world-invitational-tennis-classic/records/roundsonentries,9340,world-invitational-tennis-classic,"World Invitational Tennis Classic",A,1977
https://stats.tennismylife.org/tournaments/world-team-championship/records,615,world-team-championship,"World Team Championship",A,2012
https://stats.tennismylife.org/tournaments/world-team-championship/records/count,615,world-team-championship,"World Team Championship",A,2012
https://stats.tennismylife.org/tournaments/world-team-championship/records/count/titles,615,world-team-championship,"World Team Championship",A,2012
https://stats.tennismylife.org/tournaments/world-team-championship/records/count/wins,615,world-team-championship,"World Team Championship",A,2012
https://stats.tennismylife.org/tournaments/world-team-championship/records/count/played,615,world-team-championship,"World Team Championship",A,2012
https://stats.tennismylife.org/tournaments/world-team-championship/records/count/entries,615,world-team-championship,"World Team Championship",A,2012
https://stats.tennismylife.org/tournaments/world-team-championship/records/ages,615,world-team-championship,"World Team Championship",A,2012
https://stats.tennismylife.org/tournaments/world-team-championship/records/ages/main,615,world-team-championship,"World Team Championship",A,2012
https://stats.tennismylife.org/tournaments/world-team-championship/records/ages/titles,615,world-team-championship,"World Team Championship",A,2012
https://stats.tennismylife.org/tournaments/world-team-championship/records/ages/oldestrounds,615,world-team-championship,"World Team Championship",A,2012
https://stats.tennismylife.org/tournaments/world-team-championship/records/ages/youngestrounds,615,world-team-championship,"World Team Championship",A,2012
https://stats.tennismylife.org/tournaments/world-team-championship/records/percentage,615,world-team-championship,"World Team Championship",A,2012
https://stats.tennismylife.org/tournaments/world-team-championship/records/percentage/wins,615,world-team-championship,"World Team Championship",A,2012
https://stats.tennismylife.org/tournaments/world-team-championship/records/percentage/rounds,615,world-team-championship,"World Team Championship",A,2012
https://stats.tennismylife.org/tournaments/world-team-championship/records/streak,615,world-team-championship,"World Team Championship",A,2012
https://stats.tennismylife.org/tournaments/world-team-championship/records/timespan,615,world-team-championship,"World Team Championship",A,2012
https://stats.tennismylife.org/tournaments/world-team-championship/records/rounds,615,world-team-championship,"World Team Championship",A,2012
https://stats.tennismylife.org/tournaments/world-team-championship/records/least,615,world-team-championship,"World Team Championship",A,2012
https://stats.tennismylife.org/tournaments/world-team-championship/records/roundsonentries,615,world-team-championship,"World Team Championship",A,2012
https://stats.tennismylife.org/tournaments/zagreb/records,2276,zagreb,"Zagreb",250,2015
https://stats.tennismylife.org/tournaments/zagreb/records/count,2276,zagreb,"Zagreb",250,2015
https://stats.tennismylife.org/tournaments/zagreb/records/count/titles,2276,zagreb,"Zagreb",250,2015
https://stats.tennismylife.org/tournaments/zagreb/records/count/wins,2276,zagreb,"Zagreb",250,2015
https://stats.tennismylife.org/tournaments/zagreb/records/count/played,2276,zagreb,"Zagreb",250,2015
https://stats.tennismylife.org/tournaments/zagreb/records/count/entries,2276,zagreb,"Zagreb",250,2015
https://stats.tennismylife.org/tournaments/zagreb/records/ages,2276,zagreb,"Zagreb",250,2015
https://stats.tennismylife.org/tournaments/zagreb/records/ages/main,2276,zagreb,"Zagreb",250,2015
https://stats.tennismylife.org/tournaments/zagreb/records/ages/titles,2276,zagreb,"Zagreb",250,2015
https://stats.tennismylife.org/tournaments/zagreb/records/ages/oldestrounds,2276,zagreb,"Zagreb",250,2015
https://stats.tennismylife.org/tournaments/zagreb/records/ages/youngestrounds,2276,zagreb,"Zagreb",250,2015
https://stats.tennismylife.org/tournaments/zagreb/records/percentage,2276,zagreb,"Zagreb",250,2015
https://stats.tennismylife.org/tournaments/zagreb/records/percentage/wins,2276,zagreb,"Zagreb",250,2015
https://stats.tennismylife.org/tournaments/zagreb/records/percentage/rounds,2276,zagreb,"Zagreb",250,2015
https://stats.tennismylife.org/tournaments/zagreb/records/streak,2276,zagreb,"Zagreb",250,2015
https://stats.tennismylife.org/tournaments/zagreb/records/timespan,2276,zagreb,"Zagreb",250,2015
https://stats.tennismylife.org/tournaments/zagreb/records/rounds,2276,zagreb,"Zagreb",250,2015
https://stats.tennismylife.org/tournaments/zagreb/records/least,2276,zagreb,"Zagreb",250,2015
https://stats.tennismylife.org/tournaments/zagreb/records/roundsonentries,2276,zagreb,"Zagreb",250,2015
https://stats.tennismylife.org/tournaments/zaragoza/records,497,zaragoza,"Zaragoza",250,1994
https://stats.tennismylife.org/tournaments/zaragoza/records/count,497,zaragoza,"Zaragoza",250,1994
https://stats.tennismylife.org/tournaments/zaragoza/records/count/titles,497,zaragoza,"Zaragoza",250,1994
https://stats.tennismylife.org/tournaments/zaragoza/records/count/wins,497,zaragoza,"Zaragoza",250,1994
https://stats.tennismylife.org/tournaments/zaragoza/records/count/played,497,zaragoza,"Zaragoza",250,1994
https://stats.tennismylife.org/tournaments/zaragoza/records/count/entries,497,zaragoza,"Zaragoza",250,1994
https://stats.tennismylife.org/tournaments/zaragoza/records/ages,497,zaragoza,"Zaragoza",250,1994
https://stats.tennismylife.org/tournaments/zaragoza/records/ages/main,497,zaragoza,"Zaragoza",250,1994
https://stats.tennismylife.org/tournaments/zaragoza/records/ages/titles,497,zaragoza,"Zaragoza",250,1994
https://stats.tennismylife.org/tournaments/zaragoza/records/ages/oldestrounds,497,zaragoza,"Zaragoza",250,1994
https://stats.tennismylife.org/tournaments/zaragoza/records/ages/youngestrounds,497,zaragoza,"Zaragoza",250,1994
https://stats.tennismylife.org/tournaments/zaragoza/records/percentage,497,zaragoza,"Zaragoza",250,1994
https://stats.tennismylife.org/tournaments/zaragoza/records/percentage/wins,497,zaragoza,"Zaragoza",250,1994
https://stats.tennismylife.org/tournaments/zaragoza/records/percentage/rounds,497,zaragoza,"Zaragoza",250,1994
https://stats.tennismylife.org/tournaments/zaragoza/records/streak,497,zaragoza,"Zaragoza",250,1994
https://stats.tennismylife.org/tournaments/zaragoza/records/timespan,497,zaragoza,"Zaragoza",250,1994
https://stats.tennismylife.org/tournaments/zaragoza/records/rounds,497,zaragoza,"Zaragoza",250,1994
https://stats.tennismylife.org/tournaments/zaragoza/records/least,497,zaragoza,"Zaragoza",250,1994
https://stats.tennismylife.org/tournaments/zaragoza/records/roundsonentries,497,zaragoza,"Zaragoza",250,1994
https://stats.tennismylife.org/tournaments/zell-am-see-wct/records,811,zell-am-see-wct,"Zell Am See WCT",A,1982
https://stats.tennismylife.org/tournaments/zell-am-see-wct/records/count,811,zell-am-see-wct,"Zell Am See WCT",A,1982
https://stats.tennismylife.org/tournaments/zell-am-see-wct/records/count/titles,811,zell-am-see-wct,"Zell Am See WCT",A,1982
https://stats.tennismylife.org/tournaments/zell-am-see-wct/records/count/wins,811,zell-am-see-wct,"Zell Am See WCT",A,1982
https://stats.tennismylife.org/tournaments/zell-am-see-wct/records/count/played,811,zell-am-see-wct,"Zell Am See WCT",A,1982
https://stats.tennismylife.org/tournaments/zell-am-see-wct/records/count/entries,811,zell-am-see-wct,"Zell Am See WCT",A,1982
https://stats.tennismylife.org/tournaments/zell-am-see-wct/records/ages,811,zell-am-see-wct,"Zell Am See WCT",A,1982
https://stats.tennismylife.org/tournaments/zell-am-see-wct/records/ages/main,811,zell-am-see-wct,"Zell Am See WCT",A,1982
https://stats.tennismylife.org/tournaments/zell-am-see-wct/records/ages/titles,811,zell-am-see-wct,"Zell Am See WCT",A,1982
https://stats.tennismylife.org/tournaments/zell-am-see-wct/records/ages/oldestrounds,811,zell-am-see-wct,"Zell Am See WCT",A,1982
https://stats.tennismylife.org/tournaments/zell-am-see-wct/records/ages/youngestrounds,811,zell-am-see-wct,"Zell Am See WCT",A,1982
https://stats.tennismylife.org/tournaments/zell-am-see-wct/records/percentage,811,zell-am-see-wct,"Zell Am See WCT",A,1982
https://stats.tennismylife.org/tournaments/zell-am-see-wct/records/percentage/wins,811,zell-am-see-wct,"Zell Am See WCT",A,1982
https://stats.tennismylife.org/tournaments/zell-am-see-wct/records/percentage/rounds,811,zell-am-see-wct,"Zell Am See WCT",A,1982
https://stats.tennismylife.org/tournaments/zell-am-see-wct/records/streak,811,zell-am-see-wct,"Zell Am See WCT",A,1982
https://stats.tennismylife.org/tournaments/zell-am-see-wct/records/timespan,811,zell-am-see-wct,"Zell Am See WCT",A,1982
https://stats.tennismylife.org/tournaments/zell-am-see-wct/records/rounds,811,zell-am-see-wct,"Zell Am See WCT",A,1982
https://stats.tennismylife.org/tournaments/zell-am-see-wct/records/least,811,zell-am-see-wct,"Zell Am See WCT",A,1982
https://stats.tennismylife.org/tournaments/zell-am-see-wct/records/roundsonentries,811,zell-am-see-wct,"Zell Am See WCT",A,1982
https://stats.tennismylife.org/tournaments/zurich-wct/records,810,zurich-wct,"Zurich WCT",A,1982
https://stats.tennismylife.org/tournaments/zurich-wct/records/count,810,zurich-wct,"Zurich WCT",A,1982
https://stats.tennismylife.org/tournaments/zurich-wct/records/count/titles,810,zurich-wct,"Zurich WCT",A,1982
https://stats.tennismylife.org/tournaments/zurich-wct/records/count/wins,810,zurich-wct,"Zurich WCT",A,1982
https://stats.tennismylife.org/tournaments/zurich-wct/records/count/played,810,zurich-wct,"Zurich WCT",A,1982
https://stats.tennismylife.org/tournaments/zurich-wct/records/count/entries,810,zurich-wct,"Zurich WCT",A,1982
https://stats.tennismylife.org/tournaments/zurich-wct/records/ages,810,zurich-wct,"Zurich WCT",A,1982
https://stats.tennismylife.org/tournaments/zurich-wct/records/ages/main,810,zurich-wct,"Zurich WCT",A,1982
https://stats.tennismylife.org/tournaments/zurich-wct/records/ages/titles,810,zurich-wct,"Zurich WCT",A,1982
https://stats.tennismylife.org/tournaments/zurich-wct/records/ages/oldestrounds,810,zurich-wct,"Zurich WCT",A,1982
https://stats.tennismylife.org/tournaments/zurich-wct/records/ages/youngestrounds,810,zurich-wct,"Zurich WCT",A,1982
https://stats.tennismylife.org/tournaments/zurich-wct/records/percentage,810,zurich-wct,"Zurich WCT",A,1982
https://stats.tennismylife.org/tournaments/zurich-wct/records/percentage/wins,810,zurich-wct,"Zurich WCT",A,1982
https://stats.tennismylife.org/tournaments/zurich-wct/records/percentage/rounds,810,zurich-wct,"Zurich WCT",A,1982
https://stats.tennismylife.org/tournaments/zurich-wct/records/streak,810,zurich-wct,"Zurich WCT",A,1982
https://stats.tennismylife.org/tournaments/zurich-wct/records/timespan,810,zurich-wct,"Zurich WCT",A,1982
https://stats.tennismylife.org/tournaments/zurich-wct/records/rounds,810,zurich-wct,"Zurich WCT",A,1982
https://stats.tennismylife.org/tournaments/zurich-wct/records/least,810,zurich-wct,"Zurich WCT",A,1982
https://stats.tennismylife.org/tournaments/zurich-wct/records/roundsonentries,810,zurich-wct,"Zurich WCT",A,1982